<?xml version="1.0" encoding="utf-8"?><?xml-stylesheet type='text/xsl' href='STIG_unclass.xsl'?><Benchmark xmlns:dsig="http://www.w3.org/2000/09/xmldsig#" xmlns:xsi="http://www.w3.org/2001/XMLSchema-instance" xmlns:cpe="http://cpe.mitre.org/language/2.0" xmlns:xhtml="http://www.w3.org/1999/xhtml" xmlns:dc="http://purl.org/dc/elements/1.1/" id="VMW_vRealize_Automation_7-x_Application_STIG" xml:lang="en" xsi:schemaLocation="http://checklists.nist.gov/xccdf/1.1 http://nvd.nist.gov/schema/xccdf-1.1.4.xsd http://cpe.mitre.org/dictionary/2.0 http://cpe.mitre.org/files/cpe-dictionary_2.1.xsd" xmlns="http://checklists.nist.gov/xccdf/1.1"><status date="2018-10-12">accepted</status><title>VMware Automation 7.x Application Security Technical Implementation Guide</title><description>This Security Technical Implementation Guide is published as a tool to improve the security of Department of Defense (DoD) information systems. The requirements are derived from the National Institute of Standards and Technology (NIST) 800-53 and related documents. Comments or proposed revisions to this document should be sent via email to the following address: disa.stig_spt@mail.mil.</description><notice id="terms-of-use" xml:lang="en"></notice><reference href="http://iase.disa.mil"><dc:publisher>DISA</dc:publisher><dc:source>STIG.DOD.MIL</dc:source></reference><plain-text id="release-info">Release: 1 Benchmark Date: 28 Sep 2018</plain-text><version>1</version><Profile id="MAC-1_Classified"><title>I - Mission Critical Classified</title><description>&lt;ProfileDescription&gt;&lt;/ProfileDescription&gt;</description><select idref="V-89125" selected="true" /><select idref="V-89127" selected="true" /><select idref="V-89129" selected="true" /><select idref="V-89131" selected="true" /><select idref="V-89133" selected="true" /><select idref="V-89135" selected="true" /><select idref="V-89137" selected="true" /></Profile><Profile id="MAC-1_Public"><title>I - Mission Critical Public</title><description>&lt;ProfileDescription&gt;&lt;/ProfileDescription&gt;</description><select idref="V-89125" selected="true" /><select idref="V-89127" selected="true" /><select idref="V-89129" selected="true" /><select idref="V-89131" selected="true" /><select idref="V-89133" selected="true" /><select idref="V-89135" selected="true" /><select idref="V-89137" selected="true" /></Profile><Profile id="MAC-1_Sensitive"><title>I - Mission Critical Sensitive</title><description>&lt;ProfileDescription&gt;&lt;/ProfileDescription&gt;</description><select idref="V-89125" selected="true" /><select idref="V-89127" selected="true" /><select idref="V-89129" selected="true" /><select idref="V-89131" selected="true" /><select idref="V-89133" selected="true" /><select idref="V-89135" selected="true" /><select idref="V-89137" selected="true" /></Profile><Profile id="MAC-2_Classified"><title>II - Mission Support Classified</title><description>&lt;ProfileDescription&gt;&lt;/ProfileDescription&gt;</description><select idref="V-89125" selected="true" /><select idref="V-89127" selected="true" /><select idref="V-89129" selected="true" /><select idref="V-89131" selected="true" /><select idref="V-89133" selected="true" /><select idref="V-89135" selected="true" /><select idref="V-89137" selected="true" /></Profile><Profile id="MAC-2_Public"><title>II - Mission Support Public</title><description>&lt;ProfileDescription&gt;&lt;/ProfileDescription&gt;</description><select idref="V-89125" selected="true" /><select idref="V-89127" selected="true" /><select idref="V-89129" selected="true" /><select idref="V-89131" selected="true" /><select idref="V-89133" selected="true" /><select idref="V-89135" selected="true" /><select idref="V-89137" selected="true" /></Profile><Profile id="MAC-2_Sensitive"><title>II - Mission Support Sensitive</title><description>&lt;ProfileDescription&gt;&lt;/ProfileDescription&gt;</description><select idref="V-89125" selected="true" /><select idref="V-89127" selected="true" /><select idref="V-89129" selected="true" /><select idref="V-89131" selected="true" /><select idref="V-89133" selected="true" /><select idref="V-89135" selected="true" /><select idref="V-89137" selected="true" /></Profile><Profile id="MAC-3_Classified"><title>III - Administrative Classified</title><description>&lt;ProfileDescription&gt;&lt;/ProfileDescription&gt;</description><select idref="V-89125" selected="true" /><select idref="V-89127" selected="true" /><select idref="V-89129" selected="true" /><select idref="V-89131" selected="true" /><select idref="V-89133" selected="true" /><select idref="V-89135" selected="true" /><select idref="V-89137" selected="true" /></Profile><Profile id="MAC-3_Public"><title>III - Administrative Public</title><description>&lt;ProfileDescription&gt;&lt;/ProfileDescription&gt;</description><select idref="V-89125" selected="true" /><select idref="V-89127" selected="true" /><select idref="V-89129" selected="true" /><select idref="V-89131" selected="true" /><select idref="V-89133" selected="true" /><select idref="V-89135" selected="true" /><select idref="V-89137" selected="true" /></Profile><Profile id="MAC-3_Sensitive"><title>III - Administrative Sensitive</title><description>&lt;ProfileDescription&gt;&lt;/ProfileDescription&gt;</description><select idref="V-89125" selected="true" /><select idref="V-89127" selected="true" /><select idref="V-89129" selected="true" /><select idref="V-89131" selected="true" /><select idref="V-89133" selected="true" /><select idref="V-89135" selected="true" /><select idref="V-89137" selected="true" /></Profile><Group id="V-89125"><title>SRG-APP-000179-AS-000129</title><description>&lt;GroupDescription&gt;&lt;/GroupDescription&gt;</description><Rule id="SV-99775r1_rule" severity="high" weight="10.0"><version>VRAU-AP-000265</version><title>vRA must enable FIPS Mode.</title><description>&lt;VulnDiscussion&gt;Encryption is only as good as the encryption modules utilized. Unapproved cryptographic module algorithms cannot be verified and cannot be relied upon to provide confidentiality or integrity, and DoD data may be compromised due to weak algorithms. The use of TLS provides confidentiality of data in transit between the application server and client. FIPS 140-2 approved TLS versions include TLS V1.0 or greater. 

TLS must be enabled and non-FIPS-approved SSL versions must be disabled. NIST SP 800-52 specifies the preferred configurations for government systems.&lt;/VulnDiscussion&gt;&lt;FalsePositives&gt;&lt;/FalsePositives&gt;&lt;FalseNegatives&gt;&lt;/FalseNegatives&gt;&lt;Documentable&gt;false&lt;/Documentable&gt;&lt;Mitigations&gt;&lt;/Mitigations&gt;&lt;SeverityOverrideGuidance&gt;&lt;/SeverityOverrideGuidance&gt;&lt;PotentialImpacts&gt;&lt;/PotentialImpacts&gt;&lt;ThirdPartyTools&gt;&lt;/ThirdPartyTools&gt;&lt;MitigationControl&gt;&lt;/MitigationControl&gt;&lt;Responsibility&gt;&lt;/Responsibility&gt;&lt;IAControls&gt;&lt;/IAControls&gt;</description><reference><dc:title>DPMS Target vRealize Automation 7.x Application</dc:title><dc:publisher>DISA</dc:publisher><dc:type>DPMS Target</dc:type><dc:subject>vRealize Automation 7.x Application</dc:subject><dc:identifier>3447</dc:identifier></reference><ident system="http://iase.disa.mil/cci">CCI-000803</ident><fixtext fixref="F-95867r2_fix">FIPS mode in the vRealize Automation virtual appliance management interface can be enabled with the following steps:

1. Log on to the vRealize Automation virtual appliance management interface (vAMI): https://vrealize-automation-appliance-FQDN:5480
2. Select vRA Settings &gt;&gt; Host Settings.
3. Click the button under the "Actions" heading on the upper right to enable or disable FIPS.
4. Click "Yes" to restart the vRealize Automation appliance.

Alternately, FIPS mode can be enabled in the command line using the following steps:
1. Log on to the console as root.
2. Run the command: vcac-vami fips enable</fixtext><fix id="F-95867r2_fix" /><check system="C-88817r2_chk"><check-content-ref name="M" href="DPMS_XCCDF_Benchmark_VMW_vRealize_Automation_7-x_Application_STIG.xml" /><check-content>Check that FIPS mode is enabled in the vRealize Automation virtual appliance management interface with the following steps:

1. Log on to the vRealize Automation virtual appliance management interface (vAMI): https://vrealize-automation-appliance-FQDN:5480
2. Select vRA Settings &gt;&gt; Host Settings.
3. Review the button under the Actions heading on the upper right to confirm that "enable FIPS" is selected.

If "enable FIPS" is not selected, this is a finding.

Alternately, check that FIPS mode is enabled in the command line using the following steps:

1. Log on to the console as root.
2. Run the command: vcac-vami fips status

If FIPS is not enabled, this is a finding.</check-content></check></Rule></Group><Group id="V-89127"><title>SRG-APP-000220-AS-000148</title><description>&lt;GroupDescription&gt;&lt;/GroupDescription&gt;</description><Rule id="SV-99777r1_rule" severity="medium" weight="10.0"><version>VRAU-AP-000295</version><title>The vRealize Automation application must be configured to a 15 minute of less session timeout.</title><description>&lt;VulnDiscussion&gt;If communications sessions remain open for extended periods of time even when unused, there is the potential for an adversary to hijack the session and use it to gain access to the device or networks to which it is attached. Terminating sessions after a logout event or after a certain period of inactivity is a method for mitigating the risk of this vulnerability. When a user management session becomes idle, or when a user logs out of the management interface, the application server must terminate the session.&lt;/VulnDiscussion&gt;&lt;FalsePositives&gt;&lt;/FalsePositives&gt;&lt;FalseNegatives&gt;&lt;/FalseNegatives&gt;&lt;Documentable&gt;false&lt;/Documentable&gt;&lt;Mitigations&gt;&lt;/Mitigations&gt;&lt;SeverityOverrideGuidance&gt;&lt;/SeverityOverrideGuidance&gt;&lt;PotentialImpacts&gt;&lt;/PotentialImpacts&gt;&lt;ThirdPartyTools&gt;&lt;/ThirdPartyTools&gt;&lt;MitigationControl&gt;&lt;/MitigationControl&gt;&lt;Responsibility&gt;&lt;/Responsibility&gt;&lt;IAControls&gt;&lt;/IAControls&gt;</description><reference><dc:title>DPMS Target vRealize Automation 7.x Application</dc:title><dc:publisher>DISA</dc:publisher><dc:type>DPMS Target</dc:type><dc:subject>vRealize Automation 7.x Application</dc:subject><dc:identifier>3447</dc:identifier></reference><ident system="http://iase.disa.mil/cci">CCI-001185</ident><fixtext fixref="F-95869r1_fix">To edit the session timeout, use the following steps:

1. Log on to the admin UI as the administrator.
2. Navigate to "Global Settings".
3. Select "Edit Global Settings", edit the "Session Timeout:" setting, and then select "OK".</fixtext><fix id="F-95869r1_fix" /><check system="C-88819r2_chk"><check-content-ref name="M" href="DPMS_XCCDF_Benchmark_VMW_vRealize_Automation_7-x_Application_STIG.xml" /><check-content>Verify that the session timeout is set to an organization-defined time with the following steps:

1. Log on to the admin UI as the administrator.
2. Navigate to "Global Settings".
3. Review the session timeout value in minutes.

If the session timeout setting is not set to 15 minutes or less, this is a finding.</check-content></check></Rule></Group><Group id="V-89129"><title>SRG-APP-000225-AS-000153</title><description>&lt;GroupDescription&gt;&lt;/GroupDescription&gt;</description><Rule id="SV-99779r1_rule" severity="medium" weight="10.0"><version>VRAU-AP-000315</version><title>The vRealize Automation server must be configured to perform complete application deployments.</title><description>&lt;VulnDiscussion&gt;Failure to a known secure state helps prevent a loss of confidentiality, integrity, or availability in the event of a failure of the information system or a component of the system.

When an application is deployed to the application server, if the deployment process does not complete properly and without errors, there is the potential that some application files may not be deployed or may be corrupted and an application error may occur during runtime.

The application server must be able to perform complete application deployments. A partial deployment can leave the server in an inconsistent state. Application servers may provide a transaction rollback function to address this issue.&lt;/VulnDiscussion&gt;&lt;FalsePositives&gt;&lt;/FalsePositives&gt;&lt;FalseNegatives&gt;&lt;/FalseNegatives&gt;&lt;Documentable&gt;false&lt;/Documentable&gt;&lt;Mitigations&gt;&lt;/Mitigations&gt;&lt;SeverityOverrideGuidance&gt;&lt;/SeverityOverrideGuidance&gt;&lt;PotentialImpacts&gt;&lt;/PotentialImpacts&gt;&lt;ThirdPartyTools&gt;&lt;/ThirdPartyTools&gt;&lt;MitigationControl&gt;&lt;/MitigationControl&gt;&lt;Responsibility&gt;&lt;/Responsibility&gt;&lt;IAControls&gt;&lt;/IAControls&gt;</description><reference><dc:title>DPMS Target vRealize Automation 7.x Application</dc:title><dc:publisher>DISA</dc:publisher><dc:type>DPMS Target</dc:type><dc:subject>vRealize Automation 7.x Application</dc:subject><dc:identifier>3447</dc:identifier></reference><ident system="http://iase.disa.mil/cci">CCI-001190</ident><fixtext fixref="F-95871r1_fix">Develop a site policy to ensure deployments are completed before allowing users to use the production environment.</fixtext><fix id="F-95871r1_fix" /><check system="C-88821r1_chk"><check-content-ref name="M" href="DPMS_XCCDF_Benchmark_VMW_vRealize_Automation_7-x_Application_STIG.xml" /><check-content>Obtain the site configuration control policy from the ISSO.

Review site procedures to determine if a site policy exists to verify vRA installation after release into a production environment. The site policy should ensure that the installation was a complete application deployment before users are allowed to conduct business.

If a site policy does not exist or is not being followed, this is a finding.</check-content></check></Rule></Group><Group id="V-89131"><title>SRG-APP-000340-AS-000185</title><description>&lt;GroupDescription&gt;&lt;/GroupDescription&gt;</description><Rule id="SV-99781r1_rule" severity="medium" weight="10.0"><version>VRAU-AP-000400</version><title>The vRealize Automation security file must be restricted to the vcac user.</title><description>&lt;VulnDiscussion&gt;Preventing non-privileged users from executing privileged functions mitigates the risk that unauthorized individuals or processes may gain unnecessary access to information or privileges. 

The vRealize Automation product stores important system information in the security.properties file. Preventing access to this file from non-privileged is essential to ensure the integrity and confidentiality of vRA.&lt;/VulnDiscussion&gt;&lt;FalsePositives&gt;&lt;/FalsePositives&gt;&lt;FalseNegatives&gt;&lt;/FalseNegatives&gt;&lt;Documentable&gt;false&lt;/Documentable&gt;&lt;Mitigations&gt;&lt;/Mitigations&gt;&lt;SeverityOverrideGuidance&gt;&lt;/SeverityOverrideGuidance&gt;&lt;PotentialImpacts&gt;&lt;/PotentialImpacts&gt;&lt;ThirdPartyTools&gt;&lt;/ThirdPartyTools&gt;&lt;MitigationControl&gt;&lt;/MitigationControl&gt;&lt;Responsibility&gt;&lt;/Responsibility&gt;&lt;IAControls&gt;&lt;/IAControls&gt;</description><reference><dc:title>DPMS Target vRealize Automation 7.x Application</dc:title><dc:publisher>DISA</dc:publisher><dc:type>DPMS Target</dc:type><dc:subject>vRealize Automation 7.x Application</dc:subject><dc:identifier>3447</dc:identifier></reference><ident system="http://iase.disa.mil/cci">CCI-002235</ident><fixtext fixref="F-95873r2_fix">At the command prompt, execute the following commands:

chown vcac:vcac /etc/vcac/security.properties</fixtext><fix id="F-95873r2_fix" /><check system="C-88823r1_chk"><check-content-ref name="M" href="DPMS_XCCDF_Benchmark_VMW_vRealize_Automation_7-x_Application_STIG.xml" /><check-content>At the command prompt, execute the following command:

ls -l /etc/vcac/security.properties

If the file owner and group-owner are not "vcac", this is a finding.</check-content></check></Rule></Group><Group id="V-89133"><title>SRG-APP-000427-AS-000264</title><description>&lt;GroupDescription&gt;&lt;/GroupDescription&gt;</description><Rule id="SV-99783r1_rule" severity="medium" weight="10.0"><version>VRAU-AP-000540</version><title>The application server must only allow the use of DoD PKI-established certificate authorities for verification of the establishment of protected sessions.</title><description>&lt;VulnDiscussion&gt;Untrusted Certificate Authorities (CA) can issue certificates, but they may be issued by organizations or individuals that seek to compromise DoD systems or by organizations with insufficient security controls. If the CA used for verifying the certificate is not a DoD-approved CA, trust of this CA has not been established.

The DoD will only accept PKI certificates obtained from a DoD-approved internal or external certificate authority. Reliance on CAs for the establishment of secure sessions includes, for example, the use of SSL/TLS certificates. The application server must only allow the use of DoD PKI-established certificate authorities for verification.&lt;/VulnDiscussion&gt;&lt;FalsePositives&gt;&lt;/FalsePositives&gt;&lt;FalseNegatives&gt;&lt;/FalseNegatives&gt;&lt;Documentable&gt;false&lt;/Documentable&gt;&lt;Mitigations&gt;&lt;/Mitigations&gt;&lt;SeverityOverrideGuidance&gt;&lt;/SeverityOverrideGuidance&gt;&lt;PotentialImpacts&gt;&lt;/PotentialImpacts&gt;&lt;ThirdPartyTools&gt;&lt;/ThirdPartyTools&gt;&lt;MitigationControl&gt;&lt;/MitigationControl&gt;&lt;Responsibility&gt;&lt;/Responsibility&gt;&lt;IAControls&gt;&lt;/IAControls&gt;</description><reference><dc:title>DPMS Target vRealize Automation 7.x Application</dc:title><dc:publisher>DISA</dc:publisher><dc:type>DPMS Target</dc:type><dc:subject>vRealize Automation 7.x Application</dc:subject><dc:identifier>3447</dc:identifier></reference><ident system="http://iase.disa.mil/cci">CCI-002470</ident><fixtext fixref="F-95875r1_fix">Configure vRA to use Smart Card Authentication with the following steps:

1. Set up smart card infrastructure as per VMware documentation, if required.
2. In vRA, go to Administration &gt;&gt; Directories Management &gt;&gt; Identity Providers.
3. Add the identity provider used for smart card authentication.
4. In vRA, go to Administration &gt;&gt; Directories Management &gt;&gt; Policies.
5. Edit default policy and change authentication method to "certificate".</fixtext><fix id="F-95875r1_fix" /><check system="C-88825r1_chk"><check-content-ref name="M" href="DPMS_XCCDF_Benchmark_VMW_vRealize_Automation_7-x_Application_STIG.xml" /><check-content>Verify that Smart Card Authentication is in use with the following steps:

1. In vRA, go to Administration &gt;&gt; Directories Management &gt;&gt; Identity Providers.
2. Verify that the identity provider listed is the identity provider used for smart card authentication.
3. In vRA, go to Administration &gt;&gt; Directories Management &gt;&gt; Policies.
4. Verify that the default policy authentication method is set to "certificate".

If the identity provider listed is not that used for smart card authentication, this is a finding.

If the default policy authentication method is not set to "certificate", this is a finding.</check-content></check></Rule></Group><Group id="V-89135"><title>SRG-APP-000514-AS-000137</title><description>&lt;GroupDescription&gt;&lt;/GroupDescription&gt;</description><Rule id="SV-99785r1_rule" severity="medium" weight="10.0"><version>VRAU-AP-000645</version><title>The application server must use DoD- or CNSS-approved PKI Class 3 or Class 4 certificates.</title><description>&lt;VulnDiscussion&gt;Class 3 PKI certificates are used for servers and software signing rather than for identifying individuals. Class 4 certificates are used for business-to-business transactions. Utilizing unapproved certificates not issued or approved by DoD or CNS creates an integrity risk. The application server must utilize approved DoD or CNS Class 3 or Class 4 certificates for software signing and business-to-business transactions.&lt;/VulnDiscussion&gt;&lt;FalsePositives&gt;&lt;/FalsePositives&gt;&lt;FalseNegatives&gt;&lt;/FalseNegatives&gt;&lt;Documentable&gt;false&lt;/Documentable&gt;&lt;Mitigations&gt;&lt;/Mitigations&gt;&lt;SeverityOverrideGuidance&gt;&lt;/SeverityOverrideGuidance&gt;&lt;PotentialImpacts&gt;&lt;/PotentialImpacts&gt;&lt;ThirdPartyTools&gt;&lt;/ThirdPartyTools&gt;&lt;MitigationControl&gt;&lt;/MitigationControl&gt;&lt;Responsibility&gt;&lt;/Responsibility&gt;&lt;IAControls&gt;&lt;/IAControls&gt;</description><reference><dc:title>DPMS Target vRealize Automation 7.x Application</dc:title><dc:publisher>DISA</dc:publisher><dc:type>DPMS Target</dc:type><dc:subject>vRealize Automation 7.x Application</dc:subject><dc:identifier>3447</dc:identifier></reference><ident system="http://iase.disa.mil/cci">CCI-002450</ident><fixtext fixref="F-95877r1_fix">Configure vRA to use Smart Card Authentication with the following steps:

1. Set up smart card infrastructure as per VMware documentation, if required.
2. In vRA, go to Administration &gt;&gt; Directories Management &gt;&gt; Identity Providers.
3. Add the identity provider used for smart card authentication.
4. In vRA, go to Administration &gt;&gt; Directories Management &gt;&gt; Policies.
5. Edit default policy and change authentication method to "certificate".</fixtext><fix id="F-95877r1_fix" /><check system="C-88827r1_chk"><check-content-ref name="M" href="DPMS_XCCDF_Benchmark_VMW_vRealize_Automation_7-x_Application_STIG.xml" /><check-content>Verify that Smart Card Authentication is in use with the following steps:

1. In vRA, go to Administration &gt;&gt; Directories Management &gt;&gt; Identity Providers.
2. Verify that the identity provider listed is the identity provider used for smart card authentication.
3. In vRA, go to Administration &gt;&gt; Directories Management &gt;&gt; Policies.
4. Verify that the default policy authentication method is set to "certificate".

If the identity provider listed is not that used for smart card authentication, this is a finding.

If the default policy authentication method is not set to "certificate", this is a finding.</check-content></check></Rule></Group><Group id="V-89137"><title>SRG-APP-000516-AS-000237</title><description>&lt;GroupDescription&gt;&lt;/GroupDescription&gt;</description><Rule id="SV-99787r1_rule" severity="medium" weight="10.0"><version>VRAU-AP-000655</version><title>The vRealize Automation appliance must be configured in accordance with the security configuration settings based on DoD security configuration or implementation guidance, including STIGs, NSA configuration guides, CTOs, and DTMs.</title><description>&lt;VulnDiscussion&gt;Configuring the vRealize Automation application to implement organization-wide security implementation guides and security checklists ensures compliance with federal standards and establishes a common security baseline across DoD that reflects the most restrictive security posture consistent with operational requirements. 

The vRA product is continually under refinement, and patches are regularly released to address vulnerabilities. As a result, the vRA STIG is also subject to a release cycle on a quarterly basis.

Assessors should ensure that they are reviewing the vRealize Automation appliance with the most current STIG.&lt;/VulnDiscussion&gt;&lt;FalsePositives&gt;&lt;/FalsePositives&gt;&lt;FalseNegatives&gt;&lt;/FalseNegatives&gt;&lt;Documentable&gt;false&lt;/Documentable&gt;&lt;Mitigations&gt;&lt;/Mitigations&gt;&lt;SeverityOverrideGuidance&gt;&lt;/SeverityOverrideGuidance&gt;&lt;PotentialImpacts&gt;&lt;/PotentialImpacts&gt;&lt;ThirdPartyTools&gt;&lt;/ThirdPartyTools&gt;&lt;MitigationControl&gt;&lt;/MitigationControl&gt;&lt;Responsibility&gt;&lt;/Responsibility&gt;&lt;IAControls&gt;&lt;/IAControls&gt;</description><reference><dc:title>DPMS Target vRealize Automation 7.x Application</dc:title><dc:publisher>DISA</dc:publisher><dc:type>DPMS Target</dc:type><dc:subject>vRealize Automation 7.x Application</dc:subject><dc:identifier>3447</dc:identifier></reference><ident system="http://iase.disa.mil/cci">CCI-000366</ident><fixtext fixref="F-95879r1_fix">Obtain the most current vRealize Automation STIG. Verify that this vRA appliance is configured with all current requirements.</fixtext><fix id="F-95879r1_fix" /><check system="C-88829r1_chk"><check-content-ref name="M" href="DPMS_XCCDF_Benchmark_VMW_vRealize_Automation_7-x_Application_STIG.xml" /><check-content>Obtain the current vRealize Automation STIGs from the ISSO.

Verify that this STIG is the most current STIG available for vRealize Automation. Assess all of the organization's vRA installations to ensure they are fully compliant with the most current STIG.

If the most current version of the vRA STIG was not used, or if the vRA appliance configuration is not compliant with the most current STIG, this is a finding.</check-content></check></Rule></Group></Benchmark>