<?xml version="1.0" encoding="utf-8"?><?xml-stylesheet type='text/xsl' href='STIG_unclass.xsl'?><Benchmark xmlns:dsig="http://www.w3.org/2000/09/xmldsig#" xmlns:xsi="http://www.w3.org/2001/XMLSchema-instance" xmlns:cpe="http://cpe.mitre.org/language/2.0" xmlns:xhtml="http://www.w3.org/1999/xhtml" xmlns:dc="http://purl.org/dc/elements/1.1/" id="VMW_vRealize_Automation_7-x_vIDM_STIG" xml:lang="en" xsi:schemaLocation="http://checklists.nist.gov/xccdf/1.1 http://nvd.nist.gov/schema/xccdf-1.1.4.xsd http://cpe.mitre.org/dictionary/2.0 http://cpe.mitre.org/files/cpe-dictionary_2.1.xsd" xmlns="http://checklists.nist.gov/xccdf/1.1"><status date="2018-10-12">accepted</status><title>VMW vRealize Automation 7.x vIDM Security Technical Implementation Guide</title><description>This Security Technical Implementation Guide is published as a tool to improve the security of Department of Defense (DoD) information systems. The requirements are derived from the National Institute of Standards and Technology (NIST) 800-53 and related documents. Comments or proposed revisions to this document should be sent via email to the following address: disa.stig_spt@mail.mil.</description><notice id="terms-of-use" xml:lang="en"></notice><reference href="http://iase.disa.mil"><dc:publisher>DISA</dc:publisher><dc:source>STIG.DOD.MIL</dc:source></reference><plain-text id="release-info">Release: 1 Benchmark Date: 28 Sep 2018</plain-text><version>1</version><Profile id="MAC-1_Classified"><title>I - Mission Critical Classified</title><description>&lt;ProfileDescription&gt;&lt;/ProfileDescription&gt;</description><select idref="V-90283" selected="true" /><select idref="V-90285" selected="true" /><select idref="V-90287" selected="true" /><select idref="V-90289" selected="true" /><select idref="V-90291" selected="true" /><select idref="V-90293" selected="true" /><select idref="V-90295" selected="true" /></Profile><Profile id="MAC-1_Public"><title>I - Mission Critical Public</title><description>&lt;ProfileDescription&gt;&lt;/ProfileDescription&gt;</description><select idref="V-90283" selected="true" /><select idref="V-90285" selected="true" /><select idref="V-90287" selected="true" /><select idref="V-90289" selected="true" /><select idref="V-90291" selected="true" /><select idref="V-90293" selected="true" /><select idref="V-90295" selected="true" /></Profile><Profile id="MAC-1_Sensitive"><title>I - Mission Critical Sensitive</title><description>&lt;ProfileDescription&gt;&lt;/ProfileDescription&gt;</description><select idref="V-90283" selected="true" /><select idref="V-90285" selected="true" /><select idref="V-90287" selected="true" /><select idref="V-90289" selected="true" /><select idref="V-90291" selected="true" /><select idref="V-90293" selected="true" /><select idref="V-90295" selected="true" /></Profile><Profile id="MAC-2_Classified"><title>II - Mission Support Classified</title><description>&lt;ProfileDescription&gt;&lt;/ProfileDescription&gt;</description><select idref="V-90283" selected="true" /><select idref="V-90285" selected="true" /><select idref="V-90287" selected="true" /><select idref="V-90289" selected="true" /><select idref="V-90291" selected="true" /><select idref="V-90293" selected="true" /><select idref="V-90295" selected="true" /></Profile><Profile id="MAC-2_Public"><title>II - Mission Support Public</title><description>&lt;ProfileDescription&gt;&lt;/ProfileDescription&gt;</description><select idref="V-90283" selected="true" /><select idref="V-90285" selected="true" /><select idref="V-90287" selected="true" /><select idref="V-90289" selected="true" /><select idref="V-90291" selected="true" /><select idref="V-90293" selected="true" /><select idref="V-90295" selected="true" /></Profile><Profile id="MAC-2_Sensitive"><title>II - Mission Support Sensitive</title><description>&lt;ProfileDescription&gt;&lt;/ProfileDescription&gt;</description><select idref="V-90283" selected="true" /><select idref="V-90285" selected="true" /><select idref="V-90287" selected="true" /><select idref="V-90289" selected="true" /><select idref="V-90291" selected="true" /><select idref="V-90293" selected="true" /><select idref="V-90295" selected="true" /></Profile><Profile id="MAC-3_Classified"><title>III - Administrative Classified</title><description>&lt;ProfileDescription&gt;&lt;/ProfileDescription&gt;</description><select idref="V-90283" selected="true" /><select idref="V-90285" selected="true" /><select idref="V-90287" selected="true" /><select idref="V-90289" selected="true" /><select idref="V-90291" selected="true" /><select idref="V-90293" selected="true" /><select idref="V-90295" selected="true" /></Profile><Profile id="MAC-3_Public"><title>III - Administrative Public</title><description>&lt;ProfileDescription&gt;&lt;/ProfileDescription&gt;</description><select idref="V-90283" selected="true" /><select idref="V-90285" selected="true" /><select idref="V-90287" selected="true" /><select idref="V-90289" selected="true" /><select idref="V-90291" selected="true" /><select idref="V-90293" selected="true" /><select idref="V-90295" selected="true" /></Profile><Profile id="MAC-3_Sensitive"><title>III - Administrative Sensitive</title><description>&lt;ProfileDescription&gt;&lt;/ProfileDescription&gt;</description><select idref="V-90283" selected="true" /><select idref="V-90285" selected="true" /><select idref="V-90287" selected="true" /><select idref="V-90289" selected="true" /><select idref="V-90291" selected="true" /><select idref="V-90293" selected="true" /><select idref="V-90295" selected="true" /></Profile><Group id="V-90283"><title>SRG-APP-000016-AS-000013</title><description>&lt;GroupDescription&gt;&lt;/GroupDescription&gt;</description><Rule id="SV-100933r1_rule" severity="medium" weight="10.0"><version>VRAU-VI-000020</version><title>vIDM must be configured to log activity to the horizon.log file.</title><description>&lt;VulnDiscussion&gt;Logging must be utilized in order to track system activity, assist in diagnosing system issues, and provide evidence needed for forensic investigations post security incident. Remote access by administrators requires that the admin activity be logged. Application servers provide a web and command line-based remote management capability for managing the application server. Application servers must ensure that all actions related to administrative functionality such as application server configuration are logged.&lt;/VulnDiscussion&gt;&lt;FalsePositives&gt;&lt;/FalsePositives&gt;&lt;FalseNegatives&gt;&lt;/FalseNegatives&gt;&lt;Documentable&gt;false&lt;/Documentable&gt;&lt;Mitigations&gt;&lt;/Mitigations&gt;&lt;SeverityOverrideGuidance&gt;&lt;/SeverityOverrideGuidance&gt;&lt;PotentialImpacts&gt;&lt;/PotentialImpacts&gt;&lt;ThirdPartyTools&gt;&lt;/ThirdPartyTools&gt;&lt;MitigationControl&gt;&lt;/MitigationControl&gt;&lt;Responsibility&gt;&lt;/Responsibility&gt;&lt;IAControls&gt;&lt;/IAControls&gt;</description><reference><dc:title>DPMS Target vRealize Automation 7.x vIDM</dc:title><dc:publisher>DISA</dc:publisher><dc:type>DPMS Target</dc:type><dc:subject>vRealize Automation 7.x vIDM</dc:subject><dc:identifier>3451</dc:identifier></reference><ident system="http://iase.disa.mil/cci">CCI-000067</ident><fixtext fixref="F-97025r1_fix">Navigate to and open /usr/local/horizon/conf/saas-log4j.properties.

Configure the vIDM policy log file with the following lines:

log4j.appender.rollingFile=org.apache.log4j.RollingFileAppender
log4j.appender.rollingFile.MaxFileSize=50MB
log4j.appender.rollingFile.MaxBackupIndex=7
log4j.appender.rollingFile.Encoding=UTF-8
log4j.appender.rollingFile.file=/opt/vmware/horizon/workspace/logs/horizon.log
log4j.appender.rollingFile.append=true
log4j.appender.rollingFile.layout=org.apache.log4j.PatternLayout
log4j.appender.rollingFile.layout.ConversionPattern=%d{ISO8601} %-5p (%t) [%X{orgId};%X{userId};%X{ip}] %c - %m%n</fixtext><fix id="F-97025r1_fix" /><check system="C-89975r1_chk"><check-content-ref name="M" href="DPMS_XCCDF_Benchmark_VMW_vRealize_Automation_7-x_vIDM_STIG.xml" /><check-content>At the command prompt, execute the following command:

grep log4j.appender.rollingFile.file /usr/local/horizon/conf/saas-log4j.properties

If the "log4j.appender.rollingFile.file" is not set to "/opt/vmware/horizon/workspace/logs/horizon.log" or is commented out or is missing, this is a finding.</check-content></check></Rule></Group><Group id="V-90285"><title>SRG-APP-000148-AS-000101</title><description>&lt;GroupDescription&gt;&lt;/GroupDescription&gt;</description><Rule id="SV-100935r1_rule" severity="medium" weight="10.0"><version>VRAU-VI-000195</version><title>vIDM must be configured correctly for the site enterprise user management system.</title><description>&lt;VulnDiscussion&gt;To assure accountability and prevent unauthorized access, application server users must be uniquely identified and authenticated. This is typically accomplished via the use of a user store which is either local (OS-based) or centralized (LDAP) in nature. To ensure support to the enterprise, the authentication must utilize an enterprise solution.&lt;/VulnDiscussion&gt;&lt;FalsePositives&gt;&lt;/FalsePositives&gt;&lt;FalseNegatives&gt;&lt;/FalseNegatives&gt;&lt;Documentable&gt;false&lt;/Documentable&gt;&lt;Mitigations&gt;&lt;/Mitigations&gt;&lt;SeverityOverrideGuidance&gt;&lt;/SeverityOverrideGuidance&gt;&lt;PotentialImpacts&gt;&lt;/PotentialImpacts&gt;&lt;ThirdPartyTools&gt;&lt;/ThirdPartyTools&gt;&lt;MitigationControl&gt;&lt;/MitigationControl&gt;&lt;Responsibility&gt;&lt;/Responsibility&gt;&lt;IAControls&gt;&lt;/IAControls&gt;</description><reference><dc:title>DPMS Target vRealize Automation 7.x vIDM</dc:title><dc:publisher>DISA</dc:publisher><dc:type>DPMS Target</dc:type><dc:subject>vRealize Automation 7.x vIDM</dc:subject><dc:identifier>3451</dc:identifier></reference><ident system="http://iase.disa.mil/cci">CCI-000764</ident><fixtext fixref="F-97027r1_fix">Interview the ISSO. Obtain the correct configuration for the site's Directory services.

In a browser, log in with Tenant admin privileges, and navigate to the Administration page.

Select Directories Management &gt;&gt; Directories.

Click on the configured Directory to edit the configuration in accordance with the instructions provided by the ISSO.</fixtext><fix id="F-97027r1_fix" /><check system="C-89977r1_chk"><check-content-ref name="M" href="DPMS_XCCDF_Benchmark_VMW_vRealize_Automation_7-x_vIDM_STIG.xml" /><check-content>Interview the ISSO. Obtain the correct configuration for the site's Directory services.

In a browser, log in with Tenant admin privileges and navigate to the Administration page.

Select Directories Management &gt;&gt; Directories.

Click on the configured Directory to review the configuration. 

If the Directory service is not configured correctly, this is a finding.</check-content></check></Rule></Group><Group id="V-90287"><title>SRG-APP-000172-AS-000121</title><description>&lt;GroupDescription&gt;&lt;/GroupDescription&gt;</description><Rule id="SV-100937r1_rule" severity="high" weight="10.0"><version>VRAU-VI-000240</version><title>vIDM must utilize encryption when using LDAP for authentication.</title><description>&lt;VulnDiscussion&gt;Passwords need to be protected at all times, and encryption is the standard method for protecting passwords during transmission. Application servers have the capability to utilize LDAP directories for authentication. If LDAP connections are not protected during transmission, sensitive authentication credentials can be stolen. When the application server utilizes LDAP, the LDAP traffic must be encrypted.&lt;/VulnDiscussion&gt;&lt;FalsePositives&gt;&lt;/FalsePositives&gt;&lt;FalseNegatives&gt;&lt;/FalseNegatives&gt;&lt;Documentable&gt;false&lt;/Documentable&gt;&lt;Mitigations&gt;&lt;/Mitigations&gt;&lt;SeverityOverrideGuidance&gt;&lt;/SeverityOverrideGuidance&gt;&lt;PotentialImpacts&gt;&lt;/PotentialImpacts&gt;&lt;ThirdPartyTools&gt;&lt;/ThirdPartyTools&gt;&lt;MitigationControl&gt;&lt;/MitigationControl&gt;&lt;Responsibility&gt;&lt;/Responsibility&gt;&lt;IAControls&gt;&lt;/IAControls&gt;</description><reference><dc:title>DPMS Target vRealize Automation 7.x vIDM</dc:title><dc:publisher>DISA</dc:publisher><dc:type>DPMS Target</dc:type><dc:subject>vRealize Automation 7.x vIDM</dc:subject><dc:identifier>3451</dc:identifier></reference><ident system="http://iase.disa.mil/cci">CCI-000197</ident><fixtext fixref="F-97029r1_fix">In a browser, log in with Tenant admin privileges, and navigate to the Administration page.

Select Directories Management &gt;&gt; Directories.

Click on the configured Directory to review the configuration. 

Check the checkbox that is labeled, "This Directory requires all connections to use SSL". 

Click "Save".</fixtext><fix id="F-97029r1_fix" /><check system="C-89979r1_chk"><check-content-ref name="M" href="DPMS_XCCDF_Benchmark_VMW_vRealize_Automation_7-x_vIDM_STIG.xml" /><check-content>In a browser, log in with Tenant admin privileges, and navigate to the Administration page.

Select Directories Management &gt;&gt; Directories.

Click on the configured Directory to review the configuration. 

If the SSL checkbox is not selected, this is a finding.

Note: The checkbox is labeled, "This Directory requires all connections to use SSL".</check-content></check></Rule></Group><Group id="V-90289"><title>SRG-APP-000225-AS-000154</title><description>&lt;GroupDescription&gt;&lt;/GroupDescription&gt;</description><Rule id="SV-100939r1_rule" severity="medium" weight="10.0"><version>VRAU-VI-000315</version><title>vIDM must be configured to provide clustering.</title><description>&lt;VulnDiscussion&gt;This requirement is dependent upon system MAC and confidentiality. If the system MAC and confidentiality levels do not specify redundancy requirements, this requirement is NA. Failure to a known secure state helps prevent a loss of confidentiality, integrity, or availability in the event of a failure of the information system or a component of the system. When application failure is encountered, preserving application state facilitates application restart and return to the operational mode of the organization with less disruption of mission/business processes. Clustering of multiple application servers is a common approach to providing fail-safe application availability when system MAC and confidentiality levels require redundancy.&lt;/VulnDiscussion&gt;&lt;FalsePositives&gt;&lt;/FalsePositives&gt;&lt;FalseNegatives&gt;&lt;/FalseNegatives&gt;&lt;Documentable&gt;false&lt;/Documentable&gt;&lt;Mitigations&gt;&lt;/Mitigations&gt;&lt;SeverityOverrideGuidance&gt;&lt;/SeverityOverrideGuidance&gt;&lt;PotentialImpacts&gt;&lt;/PotentialImpacts&gt;&lt;ThirdPartyTools&gt;&lt;/ThirdPartyTools&gt;&lt;MitigationControl&gt;&lt;/MitigationControl&gt;&lt;Responsibility&gt;&lt;/Responsibility&gt;&lt;IAControls&gt;&lt;/IAControls&gt;</description><reference><dc:title>DPMS Target vRealize Automation 7.x vIDM</dc:title><dc:publisher>DISA</dc:publisher><dc:type>DPMS Target</dc:type><dc:subject>vRealize Automation 7.x vIDM</dc:subject><dc:identifier>3451</dc:identifier></reference><ident system="http://iase.disa.mil/cci">CCI-001190</ident><fixtext fixref="F-97031r1_fix">Interview the ISSO. Obtain the correct configuration for clustering used by the site.

Configure vRealize Automation to be in compliance with the clustering design provided by the ISSO.</fixtext><fix id="F-97031r1_fix" /><check system="C-89981r1_chk"><check-content-ref name="M" href="DPMS_XCCDF_Benchmark_VMW_vRealize_Automation_7-x_vIDM_STIG.xml" /><check-content>Interview the ISSO. Obtain the correct configuration for clustering used by the site.

Review the vRealize Automation appliance's installation, environment, and configuration. Determine if vRA clustering has been correctly implemented.

If vRA is not correctly implementing clustering, this is a finding.</check-content></check></Rule></Group><Group id="V-90291"><title>SRG-APP-000266-AS-000168</title><description>&lt;GroupDescription&gt;&lt;/GroupDescription&gt;</description><Rule id="SV-100941r1_rule" severity="medium" weight="10.0"><version>VRAU-VI-000340</version><title>vIDM must be configured to log activity to the horizon.log file.</title><description>&lt;VulnDiscussion&gt;The structure and content of error messages need to be carefully considered by the organization and development team. Any application providing too much information in error logs and in administrative messages to the screen risks compromising the data and security of the application and system. The extent to which the application server is able to identify and handle error conditions is guided by organizational policy and operational requirements. Adequate logging levels and system performance capabilities need to be balanced with data protection requirements. The structure and content of error messages needs to be carefully considered by the organization and development team. Application servers must have the capability to log at various levels, which can provide log entries for potential security-related error events. An example is the capability for the application server to assign a criticality level to a failed logon attempt error message, a security-related error message being of a higher criticality.&lt;/VulnDiscussion&gt;&lt;FalsePositives&gt;&lt;/FalsePositives&gt;&lt;FalseNegatives&gt;&lt;/FalseNegatives&gt;&lt;Documentable&gt;false&lt;/Documentable&gt;&lt;Mitigations&gt;&lt;/Mitigations&gt;&lt;SeverityOverrideGuidance&gt;&lt;/SeverityOverrideGuidance&gt;&lt;PotentialImpacts&gt;&lt;/PotentialImpacts&gt;&lt;ThirdPartyTools&gt;&lt;/ThirdPartyTools&gt;&lt;MitigationControl&gt;&lt;/MitigationControl&gt;&lt;Responsibility&gt;&lt;/Responsibility&gt;&lt;IAControls&gt;&lt;/IAControls&gt;</description><reference><dc:title>DPMS Target vRealize Automation 7.x vIDM</dc:title><dc:publisher>DISA</dc:publisher><dc:type>DPMS Target</dc:type><dc:subject>vRealize Automation 7.x vIDM</dc:subject><dc:identifier>3451</dc:identifier></reference><ident system="http://iase.disa.mil/cci">CCI-001312</ident><fixtext fixref="F-97033r1_fix">Navigate to and open /usr/local/horizon/conf/saas-log4j.properties.

Configure the vIDM policy log file with the following lines:

log4j.appender.rollingFile=org.apache.log4j.RollingFileAppender
log4j.appender.rollingFile.MaxFileSize=50MB
log4j.appender.rollingFile.MaxBackupIndex=7
log4j.appender.rollingFile.Encoding=UTF-8
log4j.appender.rollingFile.file=/opt/vmware/horizon/workspace/logs/horizon.log
log4j.appender.rollingFile.append=true
log4j.appender.rollingFile.layout=org.apache.log4j.PatternLayout
log4j.appender.rollingFile.layout.ConversionPattern=%d{ISO8601} %-5p (%t) [%X{orgId};%X{userId};%X{ip}] %c - %m%n</fixtext><fix id="F-97033r1_fix" /><check system="C-89983r1_chk"><check-content-ref name="M" href="DPMS_XCCDF_Benchmark_VMW_vRealize_Automation_7-x_vIDM_STIG.xml" /><check-content>At the command prompt, execute the following command:

grep log4j.appender.rollingFile.file /usr/local/horizon/conf/saas-log4j.properties

If the "log4j.appender.rollingFile.file" is not set to "/opt/vmware/horizon/workspace/logs/horizon.log" or is commented out or is missing, this is a finding.</check-content></check></Rule></Group><Group id="V-90293"><title>SRG-APP-000435-AS-000069</title><description>&lt;GroupDescription&gt;&lt;/GroupDescription&gt;</description><Rule id="SV-100943r1_rule" severity="high" weight="10.0"><version>VRAU-VI-000550</version><title>vIDM, when installed in a MAC I system, must be in a high-availability (HA) cluster.</title><description>&lt;VulnDiscussion&gt;A MAC I system is a system that handles data vital to the organization's operational readiness or effectiveness of deployed or contingency forces. A MAC I system must maintain the highest level of integrity and availability. By HA clustering the application server, the hosted application and data are given a platform that is load-balanced and provided high-availability.&lt;/VulnDiscussion&gt;&lt;FalsePositives&gt;&lt;/FalsePositives&gt;&lt;FalseNegatives&gt;&lt;/FalseNegatives&gt;&lt;Documentable&gt;false&lt;/Documentable&gt;&lt;Mitigations&gt;&lt;/Mitigations&gt;&lt;SeverityOverrideGuidance&gt;&lt;/SeverityOverrideGuidance&gt;&lt;PotentialImpacts&gt;&lt;/PotentialImpacts&gt;&lt;ThirdPartyTools&gt;&lt;/ThirdPartyTools&gt;&lt;MitigationControl&gt;&lt;/MitigationControl&gt;&lt;Responsibility&gt;&lt;/Responsibility&gt;&lt;IAControls&gt;&lt;/IAControls&gt;</description><reference><dc:title>DPMS Target vRealize Automation 7.x vIDM</dc:title><dc:publisher>DISA</dc:publisher><dc:type>DPMS Target</dc:type><dc:subject>vRealize Automation 7.x vIDM</dc:subject><dc:identifier>3451</dc:identifier></reference><ident system="http://iase.disa.mil/cci">CCI-002385</ident><fixtext fixref="F-97035r1_fix">If vRA is not installed in a MAC I system, this is Not Applicable.

Interview the ISSO. Obtain the correct configuration for clustering used by the site.

Configure vRealize Automation to be in compliance with the clustering design provided by the ISSO.</fixtext><fix id="F-97035r1_fix" /><check system="C-89985r1_chk"><check-content-ref name="M" href="DPMS_XCCDF_Benchmark_VMW_vRealize_Automation_7-x_vIDM_STIG.xml" /><check-content>If vRA is not installed in a MAC I system, this is Not Applicable.

Interview the ISSO. Obtain the correct configuration for clustering used by the site.

Review the vRealize Automation appliance's installation, environment, and configuration. Determine if vRA clustering has been correctly implemented.

If vRA is not correctly implementing clustering, this is a finding.</check-content></check></Rule></Group><Group id="V-90295"><title>SRG-APP-000516-AS-000237</title><description>&lt;GroupDescription&gt;&lt;/GroupDescription&gt;</description><Rule id="SV-100945r1_rule" severity="medium" weight="10.0"><version>VRAU-VI-000655</version><title>The vRealize Automation appliance must be configured in accordance with the security configuration settings based on DoD security configuration or implementation guidance, including STIGs, NSA configuration guides, CTOs, and DTMs.</title><description>&lt;VulnDiscussion&gt;Configuring the vRealize Automation application to implement organization-wide security implementation guides and security checklists ensures compliance with federal standards and establishes a common security baseline across DoD that reflects the most restrictive security posture consistent with operational requirements. 

The vRA product is continually under refinement, and patches are regularly released to address vulnerabilities. As a result, the vRA STIG is also subject to a release cycle on a quarterly basis.

Assessors should ensure that they are reviewing the vRealize Automation appliance with the most current STIG.&lt;/VulnDiscussion&gt;&lt;FalsePositives&gt;&lt;/FalsePositives&gt;&lt;FalseNegatives&gt;&lt;/FalseNegatives&gt;&lt;Documentable&gt;false&lt;/Documentable&gt;&lt;Mitigations&gt;&lt;/Mitigations&gt;&lt;SeverityOverrideGuidance&gt;&lt;/SeverityOverrideGuidance&gt;&lt;PotentialImpacts&gt;&lt;/PotentialImpacts&gt;&lt;ThirdPartyTools&gt;&lt;/ThirdPartyTools&gt;&lt;MitigationControl&gt;&lt;/MitigationControl&gt;&lt;Responsibility&gt;&lt;/Responsibility&gt;&lt;IAControls&gt;&lt;/IAControls&gt;</description><reference><dc:title>DPMS Target vRealize Automation 7.x vIDM</dc:title><dc:publisher>DISA</dc:publisher><dc:type>DPMS Target</dc:type><dc:subject>vRealize Automation 7.x vIDM</dc:subject><dc:identifier>3451</dc:identifier></reference><ident system="http://iase.disa.mil/cci">CCI-000366</ident><fixtext fixref="F-97037r1_fix">Obtain the most current vRealize Automation STIG. Verify that this vRA appliance is configured with all current requirements.</fixtext><fix id="F-97037r1_fix" /><check system="C-89987r1_chk"><check-content-ref name="M" href="DPMS_XCCDF_Benchmark_VMW_vRealize_Automation_7-x_vIDM_STIG.xml" /><check-content>Obtain the current vRealize Automation STIGs from the ISSO.

Verify that this STIG is the most current STIG available for vRealize Automation. Assess all of the organization's vRA installations to ensure that they are fully compliant with the most current STIG.

If the most current version of the vRA STIG was not used, or if the vRA appliance configuration is not compliant with the most current STIG, this is a finding.</check-content></check></Rule></Group></Benchmark>