<?xml version="1.0" encoding="utf-8"?><?xml-stylesheet type='text/xsl' href='STIG_unclass.xsl'?><Benchmark xmlns:dc="http://purl.org/dc/elements/1.1/" xmlns:xsi="http://www.w3.org/2001/XMLSchema-instance" xmlns:cpe="http://cpe.mitre.org/language/2.0" xmlns:xhtml="http://www.w3.org/1999/xhtml" xmlns:dsig="http://www.w3.org/2000/09/xmldsig#" xsi:schemaLocation="http://checklists.nist.gov/xccdf/1.1 http://nvd.nist.gov/schema/xccdf-1.1.4.xsd http://cpe.mitre.org/dictionary/2.0 http://cpe.mitre.org/files/cpe-dictionary_2.1.xsd" id="VMW_vSphere_6-7_Virtual_Machine_STIG" xml:lang="en" xmlns="http://checklists.nist.gov/xccdf/1.1"><status date="2022-01-04">accepted</status><title>VMware vSphere 6.7 Virtual Machine Security Technical Implementation Guide</title><description>This Security Technical Implementation Guide is published as a tool to improve the security of Department of Defense (DoD) information systems. The requirements are derived from the National Institute of Standards and Technology (NIST) 800-53 and related documents. Comments or proposed revisions to this document should be sent via email to the following address: disa.stig_spt@mail.mil.</description><notice id="terms-of-use" xml:lang="en"></notice><front-matter xml:lang="en"></front-matter><rear-matter xml:lang="en"></rear-matter><reference href="https://cyber.mil"><dc:publisher>DISA</dc:publisher><dc:source>STIG.DOD.MIL</dc:source></reference><plain-text id="release-info">Release: 2 Benchmark Date: 08 Feb 2022</plain-text><plain-text id="generator">3.2.2.36079</plain-text><plain-text id="conventionsVersion">1.10.0</plain-text><version>1</version><Profile id="MAC-1_Classified"><title>I - Mission Critical Classified</title><description>&lt;ProfileDescription&gt;&lt;/ProfileDescription&gt;</description><select idref="V-239332" selected="true" /><select idref="V-239333" selected="true" /><select idref="V-239334" selected="true" /><select idref="V-239335" selected="true" /><select idref="V-239336" selected="true" /><select idref="V-239337" selected="true" /><select idref="V-239338" selected="true" /><select idref="V-239339" selected="true" /><select idref="V-239340" selected="true" /><select idref="V-239341" selected="true" /><select idref="V-239342" selected="true" /><select idref="V-239343" selected="true" /><select idref="V-239344" selected="true" /><select idref="V-239345" selected="true" /><select idref="V-239346" selected="true" /><select idref="V-239347" selected="true" /><select idref="V-239348" selected="true" /><select idref="V-239349" selected="true" /><select idref="V-239350" selected="true" /><select idref="V-239351" selected="true" /><select idref="V-239352" selected="true" /><select idref="V-239353" selected="true" /><select idref="V-239354" selected="true" /><select idref="V-242469" selected="true" /></Profile><Profile id="MAC-1_Public"><title>I - Mission Critical Public</title><description>&lt;ProfileDescription&gt;&lt;/ProfileDescription&gt;</description><select idref="V-239332" selected="true" /><select idref="V-239333" selected="true" /><select idref="V-239334" selected="true" /><select idref="V-239335" selected="true" /><select idref="V-239336" selected="true" /><select idref="V-239337" selected="true" /><select idref="V-239338" selected="true" /><select idref="V-239339" selected="true" /><select idref="V-239340" selected="true" /><select idref="V-239341" selected="true" /><select idref="V-239342" selected="true" /><select idref="V-239343" selected="true" /><select idref="V-239344" selected="true" /><select idref="V-239345" selected="true" /><select idref="V-239346" selected="true" /><select idref="V-239347" selected="true" /><select idref="V-239348" selected="true" /><select idref="V-239349" selected="true" /><select idref="V-239350" selected="true" /><select idref="V-239351" selected="true" /><select idref="V-239352" selected="true" /><select idref="V-239353" selected="true" /><select idref="V-239354" selected="true" /><select idref="V-242469" selected="true" /></Profile><Profile id="MAC-1_Sensitive"><title>I - Mission Critical Sensitive</title><description>&lt;ProfileDescription&gt;&lt;/ProfileDescription&gt;</description><select idref="V-239332" selected="true" /><select idref="V-239333" selected="true" /><select idref="V-239334" selected="true" /><select idref="V-239335" selected="true" /><select idref="V-239336" selected="true" /><select idref="V-239337" selected="true" /><select idref="V-239338" selected="true" /><select idref="V-239339" selected="true" /><select idref="V-239340" selected="true" /><select idref="V-239341" selected="true" /><select idref="V-239342" selected="true" /><select idref="V-239343" selected="true" /><select idref="V-239344" selected="true" /><select idref="V-239345" selected="true" /><select idref="V-239346" selected="true" /><select idref="V-239347" selected="true" /><select idref="V-239348" selected="true" /><select idref="V-239349" selected="true" /><select idref="V-239350" selected="true" /><select idref="V-239351" selected="true" /><select idref="V-239352" selected="true" /><select idref="V-239353" selected="true" /><select idref="V-239354" selected="true" /><select idref="V-242469" selected="true" /></Profile><Profile id="MAC-2_Classified"><title>II - Mission Support Classified</title><description>&lt;ProfileDescription&gt;&lt;/ProfileDescription&gt;</description><select idref="V-239332" selected="true" /><select idref="V-239333" selected="true" /><select idref="V-239334" selected="true" /><select idref="V-239335" selected="true" /><select idref="V-239336" selected="true" /><select idref="V-239337" selected="true" /><select idref="V-239338" selected="true" /><select idref="V-239339" selected="true" /><select idref="V-239340" selected="true" /><select idref="V-239341" selected="true" /><select idref="V-239342" selected="true" /><select idref="V-239343" selected="true" /><select idref="V-239344" selected="true" /><select idref="V-239345" selected="true" /><select idref="V-239346" selected="true" /><select idref="V-239347" selected="true" /><select idref="V-239348" selected="true" /><select idref="V-239349" selected="true" /><select idref="V-239350" selected="true" /><select idref="V-239351" selected="true" /><select idref="V-239352" selected="true" /><select idref="V-239353" selected="true" /><select idref="V-239354" selected="true" /><select idref="V-242469" selected="true" /></Profile><Profile id="MAC-2_Public"><title>II - Mission Support Public</title><description>&lt;ProfileDescription&gt;&lt;/ProfileDescription&gt;</description><select idref="V-239332" selected="true" /><select idref="V-239333" selected="true" /><select idref="V-239334" selected="true" /><select idref="V-239335" selected="true" /><select idref="V-239336" selected="true" /><select idref="V-239337" selected="true" /><select idref="V-239338" selected="true" /><select idref="V-239339" selected="true" /><select idref="V-239340" selected="true" /><select idref="V-239341" selected="true" /><select idref="V-239342" selected="true" /><select idref="V-239343" selected="true" /><select idref="V-239344" selected="true" /><select idref="V-239345" selected="true" /><select idref="V-239346" selected="true" /><select idref="V-239347" selected="true" /><select idref="V-239348" selected="true" /><select idref="V-239349" selected="true" /><select idref="V-239350" selected="true" /><select idref="V-239351" selected="true" /><select idref="V-239352" selected="true" /><select idref="V-239353" selected="true" /><select idref="V-239354" selected="true" /><select idref="V-242469" selected="true" /></Profile><Profile id="MAC-2_Sensitive"><title>II - Mission Support Sensitive</title><description>&lt;ProfileDescription&gt;&lt;/ProfileDescription&gt;</description><select idref="V-239332" selected="true" /><select idref="V-239333" selected="true" /><select idref="V-239334" selected="true" /><select idref="V-239335" selected="true" /><select idref="V-239336" selected="true" /><select idref="V-239337" selected="true" /><select idref="V-239338" selected="true" /><select idref="V-239339" selected="true" /><select idref="V-239340" selected="true" /><select idref="V-239341" selected="true" /><select idref="V-239342" selected="true" /><select idref="V-239343" selected="true" /><select idref="V-239344" selected="true" /><select idref="V-239345" selected="true" /><select idref="V-239346" selected="true" /><select idref="V-239347" selected="true" /><select idref="V-239348" selected="true" /><select idref="V-239349" selected="true" /><select idref="V-239350" selected="true" /><select idref="V-239351" selected="true" /><select idref="V-239352" selected="true" /><select idref="V-239353" selected="true" /><select idref="V-239354" selected="true" /><select idref="V-242469" selected="true" /></Profile><Profile id="MAC-3_Classified"><title>III - Administrative Classified</title><description>&lt;ProfileDescription&gt;&lt;/ProfileDescription&gt;</description><select idref="V-239332" selected="true" /><select idref="V-239333" selected="true" /><select idref="V-239334" selected="true" /><select idref="V-239335" selected="true" /><select idref="V-239336" selected="true" /><select idref="V-239337" selected="true" /><select idref="V-239338" selected="true" /><select idref="V-239339" selected="true" /><select idref="V-239340" selected="true" /><select idref="V-239341" selected="true" /><select idref="V-239342" selected="true" /><select idref="V-239343" selected="true" /><select idref="V-239344" selected="true" /><select idref="V-239345" selected="true" /><select idref="V-239346" selected="true" /><select idref="V-239347" selected="true" /><select idref="V-239348" selected="true" /><select idref="V-239349" selected="true" /><select idref="V-239350" selected="true" /><select idref="V-239351" selected="true" /><select idref="V-239352" selected="true" /><select idref="V-239353" selected="true" /><select idref="V-239354" selected="true" /><select idref="V-242469" selected="true" /></Profile><Profile id="MAC-3_Public"><title>III - Administrative Public</title><description>&lt;ProfileDescription&gt;&lt;/ProfileDescription&gt;</description><select idref="V-239332" selected="true" /><select idref="V-239333" selected="true" /><select idref="V-239334" selected="true" /><select idref="V-239335" selected="true" /><select idref="V-239336" selected="true" /><select idref="V-239337" selected="true" /><select idref="V-239338" selected="true" /><select idref="V-239339" selected="true" /><select idref="V-239340" selected="true" /><select idref="V-239341" selected="true" /><select idref="V-239342" selected="true" /><select idref="V-239343" selected="true" /><select idref="V-239344" selected="true" /><select idref="V-239345" selected="true" /><select idref="V-239346" selected="true" /><select idref="V-239347" selected="true" /><select idref="V-239348" selected="true" /><select idref="V-239349" selected="true" /><select idref="V-239350" selected="true" /><select idref="V-239351" selected="true" /><select idref="V-239352" selected="true" /><select idref="V-239353" selected="true" /><select idref="V-239354" selected="true" /><select idref="V-242469" selected="true" /></Profile><Profile id="MAC-3_Sensitive"><title>III - Administrative Sensitive</title><description>&lt;ProfileDescription&gt;&lt;/ProfileDescription&gt;</description><select idref="V-239332" selected="true" /><select idref="V-239333" selected="true" /><select idref="V-239334" selected="true" /><select idref="V-239335" selected="true" /><select idref="V-239336" selected="true" /><select idref="V-239337" selected="true" /><select idref="V-239338" selected="true" /><select idref="V-239339" selected="true" /><select idref="V-239340" selected="true" /><select idref="V-239341" selected="true" /><select idref="V-239342" selected="true" /><select idref="V-239343" selected="true" /><select idref="V-239344" selected="true" /><select idref="V-239345" selected="true" /><select idref="V-239346" selected="true" /><select idref="V-239347" selected="true" /><select idref="V-239348" selected="true" /><select idref="V-239349" selected="true" /><select idref="V-239350" selected="true" /><select idref="V-239351" selected="true" /><select idref="V-239352" selected="true" /><select idref="V-239353" selected="true" /><select idref="V-239354" selected="true" /><select idref="V-242469" selected="true" /></Profile><Group id="V-239332"><title>SRG-OS-000480-VMM-002000</title><description>&lt;GroupDescription&gt;&lt;/GroupDescription&gt;</description><Rule id="SV-239332r679545_rule" weight="10.0" severity="low"><version>VMCH-67-000001</version><title>Copy operations must be disabled on the virtual machine.</title><description>&lt;VulnDiscussion&gt;Copy and paste operations are disabled by default; however, by explicitly disabling this feature it will enable audit controls to check that this setting is correct. Copy, paste, drag and drop, or GUI copy/paste operations between the guest OS and the remote console could provide the means for an attacker to compromise the VM.&lt;/VulnDiscussion&gt;&lt;FalsePositives&gt;&lt;/FalsePositives&gt;&lt;FalseNegatives&gt;&lt;/FalseNegatives&gt;&lt;Documentable&gt;false&lt;/Documentable&gt;&lt;Mitigations&gt;&lt;/Mitigations&gt;&lt;SeverityOverrideGuidance&gt;&lt;/SeverityOverrideGuidance&gt;&lt;PotentialImpacts&gt;&lt;/PotentialImpacts&gt;&lt;ThirdPartyTools&gt;&lt;/ThirdPartyTools&gt;&lt;MitigationControl&gt;&lt;/MitigationControl&gt;&lt;Responsibility&gt;&lt;/Responsibility&gt;&lt;IAControls&gt;&lt;/IAControls&gt;</description><reference><dc:title>DPMS Target VMware vSphere 6.7 Virtual Machine</dc:title><dc:publisher>DISA</dc:publisher><dc:type>DPMS Target</dc:type><dc:subject>VMware vSphere 6.7 Virtual Machine</dc:subject><dc:identifier>5327</dc:identifier></reference><ident system="http://cyber.mil/cci">CCI-000366</ident><fixtext fixref="F-42524r679544_fix">From the vSphere Web Client right-click the Virtual Machine and go to Edit Settings &gt;&gt; VM Options &gt;&gt; Advanced &gt;&gt; Configuration Parameters &gt;&gt; Edit Configuration. Find the isolation.tools.copy.disable value and set it to true. If the setting does not exist, add the Name and Value setting at the bottom of screen. 

Note: The VM must be powered off to configure the advanced settings through the vSphere Web Client so it is recommended to configure these settings with PowerCLI as it can be done while the VM is powered on. Settings do not take effect via either method until the virtual machine is cold started, not rebooted.

or

From a PowerCLI command prompt while connected to the ESXi host or vCenter server, run the following command:

If the setting does not exist, run:

Get-VM "VM Name" | New-AdvancedSetting -Name isolation.tools.copy.disable -Value true

If the setting exists, run:

Get-VM "VM Name" | Get-AdvancedSetting -Name isolation.tools.copy.disable | Set-AdvancedSetting -Value true</fixtext><fix id="F-42524r679544_fix" /><check system="C-42565r679543_chk"><check-content-ref href="VMware_vSphere_6.7_Virtual_Machine_STIG.xml" name="M" /><check-content>From the vSphere Web Client right-click the Virtual Machine and go to Edit Settings &gt;&gt; VM Options &gt;&gt; Advanced &gt;&gt; Configuration Parameters &gt;&gt; Edit Configuration. Verify the isolation.tools.copy.disable value is set to true.

or

From a PowerCLI command prompt while connected to the ESXi host or vCenter server, run the following command:

Get-VM "VM Name" | Get-AdvancedSetting -Name isolation.tools.copy.disable

If the virtual machine advanced setting isolation.tools.copy.disable does not exist or is not set to true, this is a finding.</check-content></check></Rule></Group><Group id="V-239333"><title>SRG-OS-000480-VMM-002000</title><description>&lt;GroupDescription&gt;&lt;/GroupDescription&gt;</description><Rule id="SV-239333r679548_rule" weight="10.0" severity="low"><version>VMCH-67-000002</version><title>Drag and drop operations must be disabled on the virtual machine.</title><description>&lt;VulnDiscussion&gt;Copy and paste operations are disabled by default; however, by explicitly disabling this feature it will enable audit controls to check that this setting is correct. Copy, paste, drag and drop, or GUI copy/paste operations between the guest OS and the remote console could provide the means for an attacker to compromise the VM.&lt;/VulnDiscussion&gt;&lt;FalsePositives&gt;&lt;/FalsePositives&gt;&lt;FalseNegatives&gt;&lt;/FalseNegatives&gt;&lt;Documentable&gt;false&lt;/Documentable&gt;&lt;Mitigations&gt;&lt;/Mitigations&gt;&lt;SeverityOverrideGuidance&gt;&lt;/SeverityOverrideGuidance&gt;&lt;PotentialImpacts&gt;&lt;/PotentialImpacts&gt;&lt;ThirdPartyTools&gt;&lt;/ThirdPartyTools&gt;&lt;MitigationControl&gt;&lt;/MitigationControl&gt;&lt;Responsibility&gt;&lt;/Responsibility&gt;&lt;IAControls&gt;&lt;/IAControls&gt;</description><reference><dc:title>DPMS Target VMware vSphere 6.7 Virtual Machine</dc:title><dc:publisher>DISA</dc:publisher><dc:type>DPMS Target</dc:type><dc:subject>VMware vSphere 6.7 Virtual Machine</dc:subject><dc:identifier>5327</dc:identifier></reference><ident system="http://cyber.mil/cci">CCI-000366</ident><fixtext fixref="F-42525r679547_fix">From the vSphere Web Client right-click the Virtual Machine and go to Edit Settings &gt;&gt; VM Options &gt;&gt; Advanced &gt;&gt; Configuration Parameters &gt;&gt; Edit Configuration. Verify the isolation.tools.dnd.disable value is set to true. If the setting does not exist, add the Name and Value setting at the bottom of screen.

Note: The VM must be powered off to configure the advanced settings through the vSphere Web Client so it is recommended to configure these settings with PowerCLI as it can be done while the VM is powered on. Settings do not take effect via either method until the virtual machine is cold started, not rebooted.

or

From a PowerCLI command prompt while connected to the ESXi host or vCenter server, run the following command:

If the setting does not exist, run:

Get-VM "VM Name" | New-AdvancedSetting -Name isolation.tools.dnd.disable -Value true

If the setting exists, run:

Get-VM "VM Name" | Get-AdvancedSetting -Name isolation.tools.dnd.disable | Set-AdvancedSetting -Value true</fixtext><fix id="F-42525r679547_fix" /><check system="C-42566r679546_chk"><check-content-ref href="VMware_vSphere_6.7_Virtual_Machine_STIG.xml" name="M" /><check-content>From the vSphere Web Client right-click the Virtual Machine and go to Edit Settings &gt;&gt; VM Options &gt;&gt; Advanced &gt;&gt; Configuration Parameters &gt;&gt; Edit Configuration. Verify the isolation.tools.dnd.disable value is set to true.

or

From a PowerCLI command prompt while connected to the ESXi host or vCenter server, run the following command:

Get-VM "VM Name" | Get-AdvancedSetting -Name isolation.tools.dnd.disable

If the virtual machine advanced setting isolation.tools.dnd.disable does not exist or is not set to true, this is a finding.</check-content></check></Rule></Group><Group id="V-239334"><title>SRG-OS-000480-VMM-002000</title><description>&lt;GroupDescription&gt;&lt;/GroupDescription&gt;</description><Rule id="SV-239334r679551_rule" weight="10.0" severity="low"><version>VMCH-67-000003</version><title>Paste operations must be disabled on the virtual machine.</title><description>&lt;VulnDiscussion&gt;Copy and paste operations are disabled by default; however, by explicitly disabling this feature it will enable audit controls to check that this setting is correct. Copy, paste, drag and drop, or GUI copy/paste operations between the guest OS and the remote console could provide the means for an attacker to compromise the VM.&lt;/VulnDiscussion&gt;&lt;FalsePositives&gt;&lt;/FalsePositives&gt;&lt;FalseNegatives&gt;&lt;/FalseNegatives&gt;&lt;Documentable&gt;false&lt;/Documentable&gt;&lt;Mitigations&gt;&lt;/Mitigations&gt;&lt;SeverityOverrideGuidance&gt;&lt;/SeverityOverrideGuidance&gt;&lt;PotentialImpacts&gt;&lt;/PotentialImpacts&gt;&lt;ThirdPartyTools&gt;&lt;/ThirdPartyTools&gt;&lt;MitigationControl&gt;&lt;/MitigationControl&gt;&lt;Responsibility&gt;&lt;/Responsibility&gt;&lt;IAControls&gt;&lt;/IAControls&gt;</description><reference><dc:title>DPMS Target VMware vSphere 6.7 Virtual Machine</dc:title><dc:publisher>DISA</dc:publisher><dc:type>DPMS Target</dc:type><dc:subject>VMware vSphere 6.7 Virtual Machine</dc:subject><dc:identifier>5327</dc:identifier></reference><ident system="http://cyber.mil/cci">CCI-000366</ident><fixtext fixref="F-42526r679550_fix">From the vSphere Web Client right-click the Virtual Machine and go to Edit Settings &gt;&gt; VM Options &gt;&gt; Advanced &gt;&gt; Configuration Parameters &gt;&gt; Edit Configuration. Find the isolation.tools.paste.disable value and set it to true. If the setting does not exist, add the Name and Value setting at the bottom of screen.

Note: The VM must be powered off to configure the advanced settings through the vSphere Web Client so it is recommended to configure these settings with PowerCLI as it can be done while the VM is powered on. Settings do not take effect via either method until the virtual machine is cold started, not rebooted.

or

From a PowerCLI command prompt while connected to the ESXi host or vCenter server, run the following command:

If the setting does not exist, run:

Get-VM "VM Name" | New-AdvancedSetting -Name isolation.tools.paste.disable -Value true

If the setting exists, run:

Get-VM "VM Name" | Get-AdvancedSetting -Name isolation.tools.paste.disable | Set-AdvancedSetting -Value true</fixtext><fix id="F-42526r679550_fix" /><check system="C-42567r679549_chk"><check-content-ref href="VMware_vSphere_6.7_Virtual_Machine_STIG.xml" name="M" /><check-content>From the vSphere Web Client right-click the Virtual Machine and go to Edit Settings &gt;&gt; VM Options &gt;&gt; Advanced &gt;&gt; Configuration Parameters &gt;&gt; Edit Configuration. Verify the isolation.tools.paste.disable value is set to true.

or

From a PowerCLI command prompt while connected to the ESXi host or vCenter server, run the following command:

Get-VM "VM Name" | Get-AdvancedSetting -Name isolation.tools.paste.disable

If the virtual machine advanced setting isolation.tools.paste.disable does not exist or is not set to true, this is a finding.</check-content></check></Rule></Group><Group id="V-239335"><title>SRG-OS-000480-VMM-002000</title><description>&lt;GroupDescription&gt;&lt;/GroupDescription&gt;</description><Rule id="SV-239335r679554_rule" weight="10.0" severity="medium"><version>VMCH-67-000004</version><title>Virtual disk shrinking must be disabled on the virtual machine.</title><description>&lt;VulnDiscussion&gt;Shrinking a virtual disk reclaims unused space in it. If there is empty space in the disk, this process reduces the amount of space the virtual disk occupies on the host drive. Normal users and processes-that is, users and processes without root or administrator privileges-within virtual machines have the capability to invoke this procedure. However, if this is done repeatedly, the virtual disk can become unavailable while this shrinking is being performed, effectively causing a denial-of-service. In most datacenter environments, disk shrinking is not done, so this feature must be disabled. Repeated disk shrinking can make a virtual disk unavailable. The capability to shrink is available to non-administrative users operating within the VMs guest OS.&lt;/VulnDiscussion&gt;&lt;FalsePositives&gt;&lt;/FalsePositives&gt;&lt;FalseNegatives&gt;&lt;/FalseNegatives&gt;&lt;Documentable&gt;false&lt;/Documentable&gt;&lt;Mitigations&gt;&lt;/Mitigations&gt;&lt;SeverityOverrideGuidance&gt;&lt;/SeverityOverrideGuidance&gt;&lt;PotentialImpacts&gt;&lt;/PotentialImpacts&gt;&lt;ThirdPartyTools&gt;&lt;/ThirdPartyTools&gt;&lt;MitigationControl&gt;&lt;/MitigationControl&gt;&lt;Responsibility&gt;&lt;/Responsibility&gt;&lt;IAControls&gt;&lt;/IAControls&gt;</description><reference><dc:title>DPMS Target VMware vSphere 6.7 Virtual Machine</dc:title><dc:publisher>DISA</dc:publisher><dc:type>DPMS Target</dc:type><dc:subject>VMware vSphere 6.7 Virtual Machine</dc:subject><dc:identifier>5327</dc:identifier></reference><ident system="http://cyber.mil/cci">CCI-000366</ident><fixtext fixref="F-42527r679553_fix">From the vSphere Web Client right-click the Virtual Machine and go to Edit Settings &gt;&gt; VM Options &gt;&gt; Advanced &gt;&gt; Configuration Parameters &gt;&gt; Edit Configuration. Find the isolation.tools.diskShrink.disable value and set it to true. If the setting does not exist, add the Name and Value setting at the bottom of screen.

Note: The VM must be powered off to configure the advanced settings through the vSphere Web Client so it is recommended to configure these settings with PowerCLI as it can be done while the VM is powered on. Settings do not take effect via either method until the virtual machine is cold started, not rebooted.

or

From a PowerCLI command prompt while connected to the ESXi host or vCenter server, run the following command:

If the setting does not exist, run:

Get-VM "VM Name" | New-AdvancedSetting -Name isolation.tools.diskShrink.disable -Value true

If the setting exists, run:

Get-VM "VM Name" | Get-AdvancedSetting -Name isolation.tools.diskShrink.disable | Set-AdvancedSetting -Value true</fixtext><fix id="F-42527r679553_fix" /><check system="C-42568r679552_chk"><check-content-ref href="VMware_vSphere_6.7_Virtual_Machine_STIG.xml" name="M" /><check-content>From the vSphere Web Client right-click the Virtual Machine and go to Edit Settings &gt;&gt; VM Options &gt;&gt; Advanced &gt;&gt; Configuration Parameters &gt;&gt; Edit Configuration. Verify the isolation.tools.diskShrink.disable value is set to true.

or

From a PowerCLI command prompt while connected to the ESXi host or vCenter server, run the following command:

Get-VM "VM Name" | Get-AdvancedSetting -Name isolation.tools.diskShrink.disable

If the virtual machine advanced setting isolation.tools.diskShrink.disable does not exist or is not set to true, this is a finding.</check-content></check></Rule></Group><Group id="V-239336"><title>SRG-OS-000480-VMM-002000</title><description>&lt;GroupDescription&gt;&lt;/GroupDescription&gt;</description><Rule id="SV-239336r816834_rule" weight="10.0" severity="medium"><version>VMCH-67-000005</version><title>Virtual disk erasure must be disabled on the virtual machine.</title><description>&lt;VulnDiscussion&gt;Shrinking and wiping (erasing) a virtual disk reclaims unused space in it. If there is empty space in the disk, this process reduces the amount of space the virtual disk occupies on the host drive. Normal users and processes - that is, users and processes without root or administrator privileges - within virtual machines have the capability to invoke this procedure. However, if this is done repeatedly, the virtual disk can become unavailable while this shrinking is being performed, effectively causing a denial-of-service. In most datacenter environments, disk shrinking is not done, so this feature must be disabled. Repeated disk shrinking can make a virtual disk unavailable. The capability to wipe (erase) is available to non-administrative users operating within the VMs guest OS.&lt;/VulnDiscussion&gt;&lt;FalsePositives&gt;&lt;/FalsePositives&gt;&lt;FalseNegatives&gt;&lt;/FalseNegatives&gt;&lt;Documentable&gt;false&lt;/Documentable&gt;&lt;Mitigations&gt;&lt;/Mitigations&gt;&lt;SeverityOverrideGuidance&gt;&lt;/SeverityOverrideGuidance&gt;&lt;PotentialImpacts&gt;&lt;/PotentialImpacts&gt;&lt;ThirdPartyTools&gt;&lt;/ThirdPartyTools&gt;&lt;MitigationControl&gt;&lt;/MitigationControl&gt;&lt;Responsibility&gt;&lt;/Responsibility&gt;&lt;IAControls&gt;&lt;/IAControls&gt;</description><reference><dc:title>DPMS Target VMware vSphere 6.7 Virtual Machine</dc:title><dc:publisher>DISA</dc:publisher><dc:type>DPMS Target</dc:type><dc:subject>VMware vSphere 6.7 Virtual Machine</dc:subject><dc:identifier>5327</dc:identifier></reference><ident system="http://cyber.mil/cci">CCI-000366</ident><fixtext fixref="F-42528r816833_fix">From the vSphere Web Client, right-click the Virtual Machine and go to Edit Settings &gt;&gt; VM Options &gt;&gt; Advanced &gt;&gt; Configuration Parameters &gt;&gt; Edit Configuration. Find the isolation.tools.diskWiper.disable value and set it to "true". If the setting does not exist, add the Name and Value setting at the bottom of screen.

Note: The VM must be powered off to configure the advanced settings through the vSphere Web Client so it is recommended to configure these settings with PowerCLI as it can be done while the VM is powered on. Settings do not take effect via either method until the virtual machine is cold started, not rebooted.

or

From a PowerCLI command prompt while connected to the ESXi host or vCenter server, run the following command:

If the setting does not exist, run:

Get-VM "VM Name" | New-AdvancedSetting -Name isolation.tools.diskWiper.disable -Value true

If the setting exists, run:

Get-VM "VM Name" | Get-AdvancedSetting -Name isolation.tools.diskWiper.disable | Set-AdvancedSetting -Value true</fixtext><fix id="F-42528r816833_fix" /><check system="C-42569r816832_chk"><check-content-ref href="VMware_vSphere_6.7_Virtual_Machine_STIG.xml" name="M" /><check-content>From the vSphere Web Client, right-click the Virtual Machine and go to Edit Settings &gt;&gt; VM Options &gt;&gt; Advanced &gt;&gt; Configuration Parameters &gt;&gt; Edit Configuration. Verify the isolation.tools.diskWiper.disable value is set to "true".

or

From a PowerCLI command prompt while connected to the ESXi host or vCenter server, run the following command:

Get-VM "VM Name" | Get-AdvancedSetting -Name isolation.tools.diskWiper.disable

If the virtual machine advanced setting isolation.tools.diskWiper.disable does not exist or is not set to true, this is a finding.</check-content></check></Rule></Group><Group id="V-239337"><title>SRG-OS-000480-VMM-002000</title><description>&lt;GroupDescription&gt;&lt;/GroupDescription&gt;</description><Rule id="SV-239337r679560_rule" weight="10.0" severity="medium"><version>VMCH-67-000006</version><title>Independent, non-persistent disks must be not be used on the virtual machine.</title><description>&lt;VulnDiscussion&gt;The security issue with nonpersistent disk mode is that successful attackers, with a simple shutdown or reboot, might undo or remove any traces that they were ever on the machine. To safeguard against this risk, production virtual machines should be set to use persistent disk mode; additionally, make sure that activity within the VM is logged remotely on a separate server, such as a syslog server or equivalent Windows-based event collector. Without a persistent record of activity on a VM, administrators might never know whether they have been attacked or hacked. 

There can be valid use cases for these types of disks such as with an application presentation solution where read only disks are desired and such cases should be identified and documented.&lt;/VulnDiscussion&gt;&lt;FalsePositives&gt;&lt;/FalsePositives&gt;&lt;FalseNegatives&gt;&lt;/FalseNegatives&gt;&lt;Documentable&gt;false&lt;/Documentable&gt;&lt;Mitigations&gt;&lt;/Mitigations&gt;&lt;SeverityOverrideGuidance&gt;&lt;/SeverityOverrideGuidance&gt;&lt;PotentialImpacts&gt;&lt;/PotentialImpacts&gt;&lt;ThirdPartyTools&gt;&lt;/ThirdPartyTools&gt;&lt;MitigationControl&gt;&lt;/MitigationControl&gt;&lt;Responsibility&gt;&lt;/Responsibility&gt;&lt;IAControls&gt;&lt;/IAControls&gt;</description><reference><dc:title>DPMS Target VMware vSphere 6.7 Virtual Machine</dc:title><dc:publisher>DISA</dc:publisher><dc:type>DPMS Target</dc:type><dc:subject>VMware vSphere 6.7 Virtual Machine</dc:subject><dc:identifier>5327</dc:identifier></reference><ident system="http://cyber.mil/cci">CCI-000366</ident><fixtext fixref="F-42529r679559_fix">From the vSphere Web Client right-click the Virtual Machine and go to Edit Settings. Select the target hard disk and change the mode to persistent or uncheck Independent.

or

From a PowerCLI command prompt while connected to the ESXi host or vCenter server, run the following command:

Get-VM "VM Name" | Get-HardDisk | Set-HardDisk -Persistence IndependentPersistent

or

Get-VM "VM Name" | Get-HardDisk | Set-HardDisk -Persistence Persistent</fixtext><fix id="F-42529r679559_fix" /><check system="C-42570r679558_chk"><check-content-ref href="VMware_vSphere_6.7_Virtual_Machine_STIG.xml" name="M" /><check-content>From the vSphere Web Client right-click the Virtual Machine and go to Edit Settings. Review the attached hard disks and verify they are not configured as independent nonpersistent disks.

or

From a PowerCLI command prompt while connected to the ESXi host or vCenter server, run the following command:

Get-VM "VM Name" | Get-HardDisk | Select Parent, Name, Filename, DiskType, Persistence | FT -AutoSize

If the virtual machine has attached disks that are in independent nonpersistent mode and are not documented, this is a finding.</check-content></check></Rule></Group><Group id="V-239338"><title>SRG-OS-000480-VMM-002000</title><description>&lt;GroupDescription&gt;&lt;/GroupDescription&gt;</description><Rule id="SV-239338r679563_rule" weight="10.0" severity="medium"><version>VMCH-67-000007</version><title>HGFS file transfers must be disabled on the virtual machine.</title><description>&lt;VulnDiscussion&gt;Setting isolation.tools.hgfsServerSet.disable to true disables registration of the guest's HGFS server with the host. APIs that use HGFS to transfer files to and from the guest operating system, such as some VIX commands, will not function. An attacker could potentially use this to transfer files inside the guest OS.&lt;/VulnDiscussion&gt;&lt;FalsePositives&gt;&lt;/FalsePositives&gt;&lt;FalseNegatives&gt;&lt;/FalseNegatives&gt;&lt;Documentable&gt;false&lt;/Documentable&gt;&lt;Mitigations&gt;&lt;/Mitigations&gt;&lt;SeverityOverrideGuidance&gt;&lt;/SeverityOverrideGuidance&gt;&lt;PotentialImpacts&gt;&lt;/PotentialImpacts&gt;&lt;ThirdPartyTools&gt;&lt;/ThirdPartyTools&gt;&lt;MitigationControl&gt;&lt;/MitigationControl&gt;&lt;Responsibility&gt;&lt;/Responsibility&gt;&lt;IAControls&gt;&lt;/IAControls&gt;</description><reference><dc:title>DPMS Target VMware vSphere 6.7 Virtual Machine</dc:title><dc:publisher>DISA</dc:publisher><dc:type>DPMS Target</dc:type><dc:subject>VMware vSphere 6.7 Virtual Machine</dc:subject><dc:identifier>5327</dc:identifier></reference><ident system="http://cyber.mil/cci">CCI-000366</ident><fixtext fixref="F-42530r679562_fix">From the vSphere Web Client right-click the Virtual Machine and go to Edit Settings &gt;&gt; VM Options &gt;&gt; Advanced &gt;&gt; Configuration Parameters &gt;&gt; Edit Configuration. Find the isolation.tools.hgfsServerSet.disable value and set it to true. If the setting does not exist, add the Name and Value setting at the bottom of screen.

Note: The VM must be powered off to configure the advanced settings through the vSphere Web Client so it is recommended to configure these settings with PowerCLI as it can be done while the VM is powered on. Settings do not take effect via either method until the virtual machine is cold started, not rebooted.

or

From a PowerCLI command prompt while connected to the ESXi host or vCenter server, run the following command:

If the setting does not exist, run:

Get-VM "VM Name" | New-AdvancedSetting -Name isolation.tools.hgfsServerSet.disable -Value true

If the setting exists, run:

Get-VM "VM Name" | Get-AdvancedSetting -Name isolation.tools.hgfsServerSet.disable | Set-AdvancedSetting -Value true</fixtext><fix id="F-42530r679562_fix" /><check system="C-42571r679561_chk"><check-content-ref href="VMware_vSphere_6.7_Virtual_Machine_STIG.xml" name="M" /><check-content>From the vSphere Web Client right-click the Virtual Machine and go to Edit Settings &gt;&gt; VM Options &gt;&gt; Advanced &gt;&gt; Configuration Parameters &gt;&gt; Edit Configuration. Verify the isolation.tools.hgfsServerSet.disable value is set to true.

or

From a PowerCLI command prompt while connected to the ESXi host or vCenter server, run the following command:

Get-VM "VM Name" | Get-AdvancedSetting -Name isolation.tools.hgfsServerSet.disable

If the virtual machine advanced setting isolation.tools.hgfsServerSet.disable does not exist or is not set to true, this is a finding.</check-content></check></Rule></Group><Group id="V-239339"><title>SRG-OS-000480-VMM-002000</title><description>&lt;GroupDescription&gt;&lt;/GroupDescription&gt;</description><Rule id="SV-239339r679566_rule" weight="10.0" severity="medium"><version>VMCH-67-000008</version><title>Unauthorized floppy devices must be disconnected on the virtual machine.</title><description>&lt;VulnDiscussion&gt;Ensure that no device is connected to a virtual machine if it is not required. For example, floppy, serial and parallel ports are rarely used for virtual machines in a datacenter environment, and CD/DVD drives are usually connected only temporarily during software installation.&lt;/VulnDiscussion&gt;&lt;FalsePositives&gt;&lt;/FalsePositives&gt;&lt;FalseNegatives&gt;&lt;/FalseNegatives&gt;&lt;Documentable&gt;false&lt;/Documentable&gt;&lt;Mitigations&gt;&lt;/Mitigations&gt;&lt;SeverityOverrideGuidance&gt;&lt;/SeverityOverrideGuidance&gt;&lt;PotentialImpacts&gt;&lt;/PotentialImpacts&gt;&lt;ThirdPartyTools&gt;&lt;/ThirdPartyTools&gt;&lt;MitigationControl&gt;&lt;/MitigationControl&gt;&lt;Responsibility&gt;&lt;/Responsibility&gt;&lt;IAControls&gt;&lt;/IAControls&gt;</description><reference><dc:title>DPMS Target VMware vSphere 6.7 Virtual Machine</dc:title><dc:publisher>DISA</dc:publisher><dc:type>DPMS Target</dc:type><dc:subject>VMware vSphere 6.7 Virtual Machine</dc:subject><dc:identifier>5327</dc:identifier></reference><ident system="http://cyber.mil/cci">CCI-000366</ident><fixtext fixref="F-42531r679565_fix">If the floppy drive is required to be present, then from the vSphere Client right-click the Virtual Machine and go to Edit Settings, make sure the drive is not connected and will not "Connect at power on".

If the floppy drive is not required, then from the vSphere Client power off the virtual machine, right-click the Virtual Machine and go to Edit Settings, select the floppy drive and click the circle-x to remove then OK.

or

From a PowerCLI command prompt while connected to the ESXi host or vCenter server, run the following command:

Get-VM "VM Name" | Get-FloppyDrive | Remove-FloppyDrive</fixtext><fix id="F-42531r679565_fix" /><check system="C-42572r679564_chk"><check-content-ref href="VMware_vSphere_6.7_Virtual_Machine_STIG.xml" name="M" /><check-content>From the vSphere Web Client right-click the Virtual Machine and go to Edit Settings. Review the VMs hardware and verify no floppy device is connected.

or

From a PowerCLI command prompt while connected to the ESXi host or vCenter server, run the following command:

Get-VM | Get-FloppyDrive | Select Parent, Name, ConnectionState

If a virtual machine has a floppy drive connected, this is a finding.</check-content></check></Rule></Group><Group id="V-239340"><title>SRG-OS-000480-VMM-002000</title><description>&lt;GroupDescription&gt;&lt;/GroupDescription&gt;</description><Rule id="SV-239340r679569_rule" weight="10.0" severity="low"><version>VMCH-67-000009</version><title>Unauthorized CD/DVD devices must be disconnected on the virtual machine.</title><description>&lt;VulnDiscussion&gt;Ensure that no device is connected to a virtual machine if it is not required. For example, floppy, serial and parallel ports are rarely used for virtual machines in a datacenter environment, and CD/DVD drives are usually connected only temporarily during software installation.&lt;/VulnDiscussion&gt;&lt;FalsePositives&gt;&lt;/FalsePositives&gt;&lt;FalseNegatives&gt;&lt;/FalseNegatives&gt;&lt;Documentable&gt;false&lt;/Documentable&gt;&lt;Mitigations&gt;&lt;/Mitigations&gt;&lt;SeverityOverrideGuidance&gt;&lt;/SeverityOverrideGuidance&gt;&lt;PotentialImpacts&gt;&lt;/PotentialImpacts&gt;&lt;ThirdPartyTools&gt;&lt;/ThirdPartyTools&gt;&lt;MitigationControl&gt;&lt;/MitigationControl&gt;&lt;Responsibility&gt;&lt;/Responsibility&gt;&lt;IAControls&gt;&lt;/IAControls&gt;</description><reference><dc:title>DPMS Target VMware vSphere 6.7 Virtual Machine</dc:title><dc:publisher>DISA</dc:publisher><dc:type>DPMS Target</dc:type><dc:subject>VMware vSphere 6.7 Virtual Machine</dc:subject><dc:identifier>5327</dc:identifier></reference><ident system="http://cyber.mil/cci">CCI-000366</ident><fixtext fixref="F-42532r679568_fix">From the vSphere Web Client right-click the Virtual Machine and go to Edit Settings. Select the CD/DVD drive and uncheck "Connected" and "Connect at power on" and remove any attached ISOs.

or

From a PowerCLI command prompt while connected to the ESXi host or vCenter server, run the following command:

Get-VM "VM Name" | Get-CDDrive | Set-CDDrive -NoMedia</fixtext><fix id="F-42532r679568_fix" /><check system="C-42573r679567_chk"><check-content-ref href="VMware_vSphere_6.7_Virtual_Machine_STIG.xml" name="M" /><check-content>From the vSphere Web Client right-click the Virtual Machine and go to Edit Settings. Review the VMs hardware and verify no CD/DVD drives are connected.

or

From a PowerCLI command prompt while connected to the ESXi host or vCenter server, run the following command:

Get-VM | Get-CDDrive | Where {$_.extensiondata.connectable.connected -eq $true} | Select Parent,Name

If a virtual machine has a CD/DVD drive connected other than temporarily, this is a finding.</check-content></check></Rule></Group><Group id="V-239341"><title>SRG-OS-000480-VMM-002000</title><description>&lt;GroupDescription&gt;&lt;/GroupDescription&gt;</description><Rule id="SV-239341r679572_rule" weight="10.0" severity="medium"><version>VMCH-67-000010</version><title>Unauthorized parallel devices must be disconnected on the virtual machine.</title><description>&lt;VulnDiscussion&gt;Ensure that no device is connected to a virtual machine if it is not required. For example, floppy, serial and parallel ports are rarely used for virtual machines in a datacenter environment, and CD/DVD drives are usually connected only temporarily during software installation.&lt;/VulnDiscussion&gt;&lt;FalsePositives&gt;&lt;/FalsePositives&gt;&lt;FalseNegatives&gt;&lt;/FalseNegatives&gt;&lt;Documentable&gt;false&lt;/Documentable&gt;&lt;Mitigations&gt;&lt;/Mitigations&gt;&lt;SeverityOverrideGuidance&gt;&lt;/SeverityOverrideGuidance&gt;&lt;PotentialImpacts&gt;&lt;/PotentialImpacts&gt;&lt;ThirdPartyTools&gt;&lt;/ThirdPartyTools&gt;&lt;MitigationControl&gt;&lt;/MitigationControl&gt;&lt;Responsibility&gt;&lt;/Responsibility&gt;&lt;IAControls&gt;&lt;/IAControls&gt;</description><reference><dc:title>DPMS Target VMware vSphere 6.7 Virtual Machine</dc:title><dc:publisher>DISA</dc:publisher><dc:type>DPMS Target</dc:type><dc:subject>VMware vSphere 6.7 Virtual Machine</dc:subject><dc:identifier>5327</dc:identifier></reference><ident system="http://cyber.mil/cci">CCI-000366</ident><fixtext fixref="F-42533r679571_fix">The VM must be powered off in order to remove a parallel device.

From the vSphere Web Client right-click the Virtual Machine and go to Edit Settings. Select the parallel device and click the circle-x to remove then OK.</fixtext><fix id="F-42533r679571_fix" /><check system="C-42574r679570_chk"><check-content-ref href="VMware_vSphere_6.7_Virtual_Machine_STIG.xml" name="M" /><check-content>From the vSphere Web Client right-click the Virtual Machine and go to Edit Settings. Review the VMs hardware and verify no parallel devices exist.

or

From a PowerCLI command prompt while connected to the ESXi host or vCenter server, run the following command:

Get-VM | Where {$_.ExtensionData.Config.Hardware.Device.DeviceInfo.Label -match "parallel"}

If a virtual machine has a parallel device present, this is a finding.</check-content></check></Rule></Group><Group id="V-239342"><title>SRG-OS-000480-VMM-002000</title><description>&lt;GroupDescription&gt;&lt;/GroupDescription&gt;</description><Rule id="SV-239342r679575_rule" weight="10.0" severity="medium"><version>VMCH-67-000011</version><title>Unauthorized serial devices must be disconnected on the virtual machine.</title><description>&lt;VulnDiscussion&gt;Ensure that no device is connected to a virtual machine if it is not required. For example, floppy, serial and parallel ports are rarely used for virtual machines in a datacenter environment, and CD/DVD drives are usually connected only temporarily during software installation.&lt;/VulnDiscussion&gt;&lt;FalsePositives&gt;&lt;/FalsePositives&gt;&lt;FalseNegatives&gt;&lt;/FalseNegatives&gt;&lt;Documentable&gt;false&lt;/Documentable&gt;&lt;Mitigations&gt;&lt;/Mitigations&gt;&lt;SeverityOverrideGuidance&gt;&lt;/SeverityOverrideGuidance&gt;&lt;PotentialImpacts&gt;&lt;/PotentialImpacts&gt;&lt;ThirdPartyTools&gt;&lt;/ThirdPartyTools&gt;&lt;MitigationControl&gt;&lt;/MitigationControl&gt;&lt;Responsibility&gt;&lt;/Responsibility&gt;&lt;IAControls&gt;&lt;/IAControls&gt;</description><reference><dc:title>DPMS Target VMware vSphere 6.7 Virtual Machine</dc:title><dc:publisher>DISA</dc:publisher><dc:type>DPMS Target</dc:type><dc:subject>VMware vSphere 6.7 Virtual Machine</dc:subject><dc:identifier>5327</dc:identifier></reference><ident system="http://cyber.mil/cci">CCI-000366</ident><fixtext fixref="F-42534r679574_fix">The VM must be powered off in order to remove a serial device.

From the vSphere Web Client right-click the Virtual Machine and go to Edit Settings. Select the serial device and click the circle-x to remove then OK.</fixtext><fix id="F-42534r679574_fix" /><check system="C-42575r679573_chk"><check-content-ref href="VMware_vSphere_6.7_Virtual_Machine_STIG.xml" name="M" /><check-content>From the vSphere Web Client right-click the Virtual Machine and go to Edit Settings. Review the VMs hardware and verify no serial devices exist.

or

From a PowerCLI command prompt while connected to the ESXi host or vCenter server, run the following command:

Get-VM | Where {$_.ExtensionData.Config.Hardware.Device.DeviceInfo.Label -match "serial"}

If a virtual machine has a serial device present, this is a finding.</check-content></check></Rule></Group><Group id="V-239343"><title>SRG-OS-000480-VMM-002000</title><description>&lt;GroupDescription&gt;&lt;/GroupDescription&gt;</description><Rule id="SV-239343r679578_rule" weight="10.0" severity="medium"><version>VMCH-67-000012</version><title>Unauthorized USB devices must be disconnected on the virtual machine.</title><description>&lt;VulnDiscussion&gt;Ensure that no device is connected to a virtual machine if it is not required. For example, floppy, serial and parallel ports are rarely used for virtual machines in a datacenter environment, and CD/DVD drives are usually connected only temporarily during software installation.&lt;/VulnDiscussion&gt;&lt;FalsePositives&gt;&lt;/FalsePositives&gt;&lt;FalseNegatives&gt;&lt;/FalseNegatives&gt;&lt;Documentable&gt;false&lt;/Documentable&gt;&lt;Mitigations&gt;&lt;/Mitigations&gt;&lt;SeverityOverrideGuidance&gt;&lt;/SeverityOverrideGuidance&gt;&lt;PotentialImpacts&gt;&lt;/PotentialImpacts&gt;&lt;ThirdPartyTools&gt;&lt;/ThirdPartyTools&gt;&lt;MitigationControl&gt;&lt;/MitigationControl&gt;&lt;Responsibility&gt;&lt;/Responsibility&gt;&lt;IAControls&gt;&lt;/IAControls&gt;</description><reference><dc:title>DPMS Target VMware vSphere 6.7 Virtual Machine</dc:title><dc:publisher>DISA</dc:publisher><dc:type>DPMS Target</dc:type><dc:subject>VMware vSphere 6.7 Virtual Machine</dc:subject><dc:identifier>5327</dc:identifier></reference><ident system="http://cyber.mil/cci">CCI-000366</ident><fixtext fixref="F-42535r679577_fix">From the vSphere Web Client right-click the Virtual Machine and go to Edit Settings. Select the USB controller and click the circle-x to remove then OK.

or

From a PowerCLI command prompt while connected to the ESXi host or vCenter server, run the following command:

Get-VM "VM Name" | Get-USBDevice | Remove-USBDevice

Note: This will not remove the USB controller just any connected devices.</fixtext><fix id="F-42535r679577_fix" /><check system="C-42576r679576_chk"><check-content-ref href="VMware_vSphere_6.7_Virtual_Machine_STIG.xml" name="M" /><check-content>From the vSphere Web Client right-click the Virtual Machine and go to Edit Settings. Review the VMs hardware and verify no USB devices exist.

or

From a PowerCLI command prompt while connected to the ESXi host or vCenter server, run the following commands:

Get-VM | Where {$_.ExtensionData.Config.Hardware.Device.DeviceInfo.Label -match "usb"}
Get-VM | Get-UsbDevice

If a virtual machine has any USB devices or USB controllers present, this is a finding.

If USB smart card readers are used to pass smart cards through the VM console to a VM then the use of a USB controller and USB devices for that purpose is not a finding.</check-content></check></Rule></Group><Group id="V-239344"><title>SRG-OS-000480-VMM-002000</title><description>&lt;GroupDescription&gt;&lt;/GroupDescription&gt;</description><Rule id="SV-239344r679581_rule" weight="10.0" severity="medium"><version>VMCH-67-000013</version><title>Console connection sharing must be limited on the virtual machine.</title><description>&lt;VulnDiscussion&gt;By default, remote console sessions can be connected to by more than one user at a time. When multiple sessions are activated, each terminal window is notified about the new session. If an administrator in the VM logs in using a VMware remote console during their session, a non-administrator in the VM might connect to the console and observe the administrator's actions. Also, this could result in an administrator losing console access to a virtual machine. For example, if a jump box is being used for an open console session and the admin loses connection to that box, then the console session remains open. Allowing two console sessions permits debugging via a shared session. For highest security, only one remote console session at a time should be allowed.&lt;/VulnDiscussion&gt;&lt;FalsePositives&gt;&lt;/FalsePositives&gt;&lt;FalseNegatives&gt;&lt;/FalseNegatives&gt;&lt;Documentable&gt;false&lt;/Documentable&gt;&lt;Mitigations&gt;&lt;/Mitigations&gt;&lt;SeverityOverrideGuidance&gt;&lt;/SeverityOverrideGuidance&gt;&lt;PotentialImpacts&gt;&lt;/PotentialImpacts&gt;&lt;ThirdPartyTools&gt;&lt;/ThirdPartyTools&gt;&lt;MitigationControl&gt;&lt;/MitigationControl&gt;&lt;Responsibility&gt;&lt;/Responsibility&gt;&lt;IAControls&gt;&lt;/IAControls&gt;</description><reference><dc:title>DPMS Target VMware vSphere 6.7 Virtual Machine</dc:title><dc:publisher>DISA</dc:publisher><dc:type>DPMS Target</dc:type><dc:subject>VMware vSphere 6.7 Virtual Machine</dc:subject><dc:identifier>5327</dc:identifier></reference><ident system="http://cyber.mil/cci">CCI-000366</ident><fixtext fixref="F-42536r679580_fix">From the vSphere Web Client right-click the Virtual Machine and go to Edit Settings &gt;&gt; VM Options &gt;&gt; Advanced &gt;&gt; Configuration Parameters &gt;&gt; Edit Configuration. Find the RemoteDisplay.maxConnections value and set it to 1. If the setting does not exist, add the Name and Value setting at the bottom of screen.

Note: The VM must be powered off to configure the advanced settings through the vSphere Web Client so it is recommended to configure these settings with PowerCLI as it can be done while the VM is powered on. Settings do not take effect via either method until the virtual machine is cold started, not rebooted.

or

From a PowerCLI command prompt while connected to the ESXi host or vCenter server, run the following command:

If the setting does not exist, run:

Get-VM "VM Name" | New-AdvancedSetting -Name RemoteDisplay.maxConnections -Value 1

If the setting exists, run:

Get-VM "VM Name" | Get-AdvancedSetting -Name RemoteDisplay.maxConnections | Set-AdvancedSetting -Value 1</fixtext><fix id="F-42536r679580_fix" /><check system="C-42577r679579_chk"><check-content-ref href="VMware_vSphere_6.7_Virtual_Machine_STIG.xml" name="M" /><check-content>From the vSphere Web Client right-click the Virtual Machine and go to Edit Settings &gt;&gt; VM Options &gt;&gt; Advanced &gt;&gt; Configuration Parameters &gt;&gt; Edit Configuration. Verify the RemoteDisplay.maxConnections value is set to 1.

or

From a PowerCLI command prompt while connected to the ESXi host or vCenter server, run the following command:

Get-VM "VM Name" | Get-AdvancedSetting -Name RemoteDisplay.maxConnections

If the virtual machine advanced setting RemoteDisplay.maxConnections does not exist or is not set to 1, this is a finding.</check-content></check></Rule></Group><Group id="V-239345"><title>SRG-OS-000480-VMM-002000</title><description>&lt;GroupDescription&gt;&lt;/GroupDescription&gt;</description><Rule id="SV-239345r679584_rule" weight="10.0" severity="medium"><version>VMCH-67-000014</version><title>Console access through the VNC protocol must be disabled on the virtual machine.</title><description>&lt;VulnDiscussion&gt;The VM console enables connection to the console of a virtual machine, in effect seeing what a monitor on a physical server would show. This console is also available via the VNC protocol and should be disabled.&lt;/VulnDiscussion&gt;&lt;FalsePositives&gt;&lt;/FalsePositives&gt;&lt;FalseNegatives&gt;&lt;/FalseNegatives&gt;&lt;Documentable&gt;false&lt;/Documentable&gt;&lt;Mitigations&gt;&lt;/Mitigations&gt;&lt;SeverityOverrideGuidance&gt;&lt;/SeverityOverrideGuidance&gt;&lt;PotentialImpacts&gt;&lt;/PotentialImpacts&gt;&lt;ThirdPartyTools&gt;&lt;/ThirdPartyTools&gt;&lt;MitigationControl&gt;&lt;/MitigationControl&gt;&lt;Responsibility&gt;&lt;/Responsibility&gt;&lt;IAControls&gt;&lt;/IAControls&gt;</description><reference><dc:title>DPMS Target VMware vSphere 6.7 Virtual Machine</dc:title><dc:publisher>DISA</dc:publisher><dc:type>DPMS Target</dc:type><dc:subject>VMware vSphere 6.7 Virtual Machine</dc:subject><dc:identifier>5327</dc:identifier></reference><ident system="http://cyber.mil/cci">CCI-000366</ident><fixtext fixref="F-42537r679583_fix">From the vSphere Web Client right-click the Virtual Machine and go to Edit Settings &gt;&gt; VM Options &gt;&gt; Advanced &gt;&gt; Configuration Parameters &gt;&gt; Edit Configuration. Find the RemoteDisplay.vnc.enabled value and set it to false. If the setting does not exist, add the Name and Value setting at the bottom of screen.

Note: The VM must be powered off to configure the advanced settings through the vSphere Web Client so it is recommended to configure these settings with PowerCLI as it can be done while the VM is powered on. Settings do not take effect via either method until the virtual machine is cold started, not rebooted.

or

From a PowerCLI command prompt while connected to the ESXi host or vCenter server, run the following command:

If the setting does not exist, run:

Get-VM "VM Name" | New-AdvancedSetting -Name RemoteDisplay.vnc.enabled -Value false

If the setting exists, run:

Get-VM "VM Name" | Get-AdvancedSetting -Name RemoteDisplay.vnc.enabled | Set-AdvancedSetting -Value false</fixtext><fix id="F-42537r679583_fix" /><check system="C-42578r679582_chk"><check-content-ref href="VMware_vSphere_6.7_Virtual_Machine_STIG.xml" name="M" /><check-content>From the vSphere Web Client right-click the Virtual Machine and go to Edit Settings &gt;&gt; VM Options &gt;&gt; Advanced &gt;&gt; Configuration Parameters &gt;&gt; Edit Configuration. Verify the RemoteDisplay.vnc.enabled value is set to false.

or

From a PowerCLI command prompt while connected to the ESXi host or vCenter server, run the following command:

Get-VM "VM Name" | Get-AdvancedSetting -Name RemoteDisplay.vnc.enabled

If the virtual machine advanced setting RemoteDisplay.vnc.enabled does not exist or is not set to false, this is a finding.</check-content></check></Rule></Group><Group id="V-239346"><title>SRG-OS-000480-VMM-002000</title><description>&lt;GroupDescription&gt;&lt;/GroupDescription&gt;</description><Rule id="SV-239346r679587_rule" weight="10.0" severity="low"><version>VMCH-67-000015</version><title>Informational messages from the virtual machine to the VMX file must be limited on the virtual machine.</title><description>&lt;VulnDiscussion&gt;The configuration file containing these name-value pairs is limited to a size of 1MB. If not limited, VMware tools in the guest OS are capable of sending a large and continuous data stream to the host. This 1MB capacity should be sufficient for most cases, but this value can change if necessary. The value can be increased if large amounts of custom information are being stored in the configuration file. The default limit is 1MB.&lt;/VulnDiscussion&gt;&lt;FalsePositives&gt;&lt;/FalsePositives&gt;&lt;FalseNegatives&gt;&lt;/FalseNegatives&gt;&lt;Documentable&gt;false&lt;/Documentable&gt;&lt;Mitigations&gt;&lt;/Mitigations&gt;&lt;SeverityOverrideGuidance&gt;&lt;/SeverityOverrideGuidance&gt;&lt;PotentialImpacts&gt;&lt;/PotentialImpacts&gt;&lt;ThirdPartyTools&gt;&lt;/ThirdPartyTools&gt;&lt;MitigationControl&gt;&lt;/MitigationControl&gt;&lt;Responsibility&gt;&lt;/Responsibility&gt;&lt;IAControls&gt;&lt;/IAControls&gt;</description><reference><dc:title>DPMS Target VMware vSphere 6.7 Virtual Machine</dc:title><dc:publisher>DISA</dc:publisher><dc:type>DPMS Target</dc:type><dc:subject>VMware vSphere 6.7 Virtual Machine</dc:subject><dc:identifier>5327</dc:identifier></reference><ident system="http://cyber.mil/cci">CCI-000366</ident><fixtext fixref="F-42538r679586_fix">From the vSphere Web Client right-click the Virtual Machine and go to Edit Settings &gt;&gt; VM Options &gt;&gt; Advanced &gt;&gt; Configuration Parameters &gt;&gt; Edit Configuration. Find the tools.setinfo.sizeLimit value and set it to 1048576. If the setting does not exist, add the Name and Value setting at the bottom of screen.

Note: The VM must be powered off to configure the advanced settings through the vSphere Web Client so it is recommended to configure these settings with PowerCLI as it can be done while the VM is powered on. Settings do not take effect via either method until the virtual machine is cold started, not rebooted.

or

From a PowerCLI command prompt while connected to the ESXi host or vCenter server, run the following command:

If the setting does not exist, run:

Get-VM "VM Name" | New-AdvancedSetting -Name tools.setinfo.sizeLimit -Value 1048576

If the setting exists, run:

Get-VM "VM Name" | Get-AdvancedSetting -Name tools.setinfo.sizeLimit | Set-AdvancedSetting -Value 1048576</fixtext><fix id="F-42538r679586_fix" /><check system="C-42579r679585_chk"><check-content-ref href="VMware_vSphere_6.7_Virtual_Machine_STIG.xml" name="M" /><check-content>From the vSphere Web Client right-click the Virtual Machine and go to Edit Settings &gt;&gt; VM Options &gt;&gt; Advanced &gt;&gt; Configuration Parameters &gt;&gt; Edit Configuration. Verify the tools.setinfo.sizeLimit value is set to 1048576.

or

From a PowerCLI command prompt while connected to the ESXi host or vCenter server, run the following command:

Get-VM "VM Name" | Get-AdvancedSetting -Name tools.setinfo.sizeLimit

If the virtual machine advanced setting tools.setinfo.sizeLimit does not exist or is not set to 1048576, this is a finding.</check-content></check></Rule></Group><Group id="V-239347"><title>SRG-OS-000480-VMM-002000</title><description>&lt;GroupDescription&gt;&lt;/GroupDescription&gt;</description><Rule id="SV-239347r679590_rule" weight="10.0" severity="medium"><version>VMCH-67-000016</version><title>Unauthorized removal, connection and modification of devices must be prevented on the virtual machine.</title><description>&lt;VulnDiscussion&gt;In a virtual machine, users and processes without root or administrator privileges can connect or disconnect devices, such as network adaptors and CD-ROM drives, and can modify device settings. Use the virtual machine settings editor or configuration editor to remove unneeded or unused hardware devices. To use the device again, prevent a user or running process in the virtual machine from connecting, disconnecting, or modifying a device from within the guest operating system. By default, a rogue user with nonadministrator privileges in a virtual machine can: 
1. Connect a disconnected CD-ROM drive and access sensitive information on the media left in the drive.
2. Disconnect a network adaptor to isolate the virtual machine from its network, which is a denial of service.
3. Modify settings on a device.&lt;/VulnDiscussion&gt;&lt;FalsePositives&gt;&lt;/FalsePositives&gt;&lt;FalseNegatives&gt;&lt;/FalseNegatives&gt;&lt;Documentable&gt;false&lt;/Documentable&gt;&lt;Mitigations&gt;&lt;/Mitigations&gt;&lt;SeverityOverrideGuidance&gt;&lt;/SeverityOverrideGuidance&gt;&lt;PotentialImpacts&gt;&lt;/PotentialImpacts&gt;&lt;ThirdPartyTools&gt;&lt;/ThirdPartyTools&gt;&lt;MitigationControl&gt;&lt;/MitigationControl&gt;&lt;Responsibility&gt;&lt;/Responsibility&gt;&lt;IAControls&gt;&lt;/IAControls&gt;</description><reference><dc:title>DPMS Target VMware vSphere 6.7 Virtual Machine</dc:title><dc:publisher>DISA</dc:publisher><dc:type>DPMS Target</dc:type><dc:subject>VMware vSphere 6.7 Virtual Machine</dc:subject><dc:identifier>5327</dc:identifier></reference><ident system="http://cyber.mil/cci">CCI-000366</ident><fixtext fixref="F-42539r679589_fix">From the vSphere Web Client right-click the Virtual Machine and go to Edit Settings &gt;&gt; VM Options &gt;&gt; Advanced &gt;&gt; Configuration Parameters &gt;&gt; Edit Configuration. Find the isolation.device.connectable.disable value and set it to true. If the setting does not exist, add the Name and Value setting at the bottom of screen.

Note: The VM must be powered off to configure the advanced settings through the vSphere Web Client so it is recommended to configure these settings with PowerCLI as it can be done while the VM is powered on. Settings do not take effect via either method until the virtual machine is cold started, not rebooted.

or

From a PowerCLI command prompt while connected to the ESXi host or vCenter server, run the following command:

If the setting does not exist, run:

Get-VM "VM Name" | New-AdvancedSetting -Name isolation.device.connectable.disable -Value true

If the setting exists, run:

Get-VM "VM Name" | Get-AdvancedSetting -Name isolation.device.connectable.disable | Set-AdvancedSetting -Value true</fixtext><fix id="F-42539r679589_fix" /><check system="C-42580r679588_chk"><check-content-ref href="VMware_vSphere_6.7_Virtual_Machine_STIG.xml" name="M" /><check-content>From the vSphere Web Client right-click the Virtual Machine and go to Edit Settings &gt;&gt; VM Options &gt;&gt; Advanced &gt;&gt; Configuration Parameters &gt;&gt; Edit Configuration. Verify the isolation.device.connectable.disable value is set to true.

or

From a PowerCLI command prompt while connected to the ESXi host or vCenter server, run the following command:

Get-VM "VM Name" | Get-AdvancedSetting -Name isolation.device.connectable.disable

If the virtual machine advanced setting isolation.device.connectable.disable does not exist or is not set to true, this is a finding.</check-content></check></Rule></Group><Group id="V-239348"><title>SRG-OS-000480-VMM-002000</title><description>&lt;GroupDescription&gt;&lt;/GroupDescription&gt;</description><Rule id="SV-239348r679593_rule" weight="10.0" severity="medium"><version>VMCH-67-000017</version><title>The virtual machine must not be able to obtain host information from the hypervisor.</title><description>&lt;VulnDiscussion&gt;If enabled, a VM can obtain detailed information about the physical host. The default value for the parameter is FALSE. This setting should not be TRUE unless a particular VM requires this information for performance monitoring. An adversary potentially can use this information to inform further attacks on the host.&lt;/VulnDiscussion&gt;&lt;FalsePositives&gt;&lt;/FalsePositives&gt;&lt;FalseNegatives&gt;&lt;/FalseNegatives&gt;&lt;Documentable&gt;false&lt;/Documentable&gt;&lt;Mitigations&gt;&lt;/Mitigations&gt;&lt;SeverityOverrideGuidance&gt;&lt;/SeverityOverrideGuidance&gt;&lt;PotentialImpacts&gt;&lt;/PotentialImpacts&gt;&lt;ThirdPartyTools&gt;&lt;/ThirdPartyTools&gt;&lt;MitigationControl&gt;&lt;/MitigationControl&gt;&lt;Responsibility&gt;&lt;/Responsibility&gt;&lt;IAControls&gt;&lt;/IAControls&gt;</description><reference><dc:title>DPMS Target VMware vSphere 6.7 Virtual Machine</dc:title><dc:publisher>DISA</dc:publisher><dc:type>DPMS Target</dc:type><dc:subject>VMware vSphere 6.7 Virtual Machine</dc:subject><dc:identifier>5327</dc:identifier></reference><ident system="http://cyber.mil/cci">CCI-000366</ident><fixtext fixref="F-42540r679592_fix">From the vSphere Web Client right-click the Virtual Machine and go to Edit Settings &gt;&gt; VM Options &gt;&gt; Advanced &gt;&gt; Configuration Parameters &gt;&gt; Edit Configuration. Find the tools.guestlib.enableHostInfo value and set it to false. If the setting does not exist, add the Name and Value setting at the bottom of screen.

Note: The VM must be powered off to configure the advanced settings through the vSphere Web Client so it is recommended to configure these settings with PowerCLI as it can be done while the VM is powered on. Settings do not take effect via either method until the virtual machine is cold started, not rebooted.

or

From a PowerCLI command prompt while connected to the ESXi host or vCenter server, run the following command:

If the setting does not exist, run:

Get-VM "VM Name" | New-AdvancedSetting -Name tools.guestlib.enableHostInfo -Value false

If the setting exists, run:

Get-VM "VM Name" | Get-AdvancedSetting -Name tools.guestlib.enableHostInfo | Set-AdvancedSetting -Value false</fixtext><fix id="F-42540r679592_fix" /><check system="C-42581r679591_chk"><check-content-ref href="VMware_vSphere_6.7_Virtual_Machine_STIG.xml" name="M" /><check-content>From the vSphere Web Client right-click the Virtual Machine and go to Edit Settings &gt;&gt; VM Options &gt;&gt; Advanced &gt;&gt; Configuration Parameters &gt;&gt; Edit Configuration. Verify the tools.guestlib.enableHostInfo value is set to false.

or

From a PowerCLI command prompt while connected to the ESXi host or vCenter server, run the following command:

Get-VM "VM Name" | Get-AdvancedSetting -Name tools.guestlib.enableHostInfo

If the virtual machine advanced setting tools.guestlib.enableHostInfo does not exist or is not set to false, this is a finding.</check-content></check></Rule></Group><Group id="V-239349"><title>SRG-OS-000480-VMM-002000</title><description>&lt;GroupDescription&gt;&lt;/GroupDescription&gt;</description><Rule id="SV-239349r679596_rule" weight="10.0" severity="low"><version>VMCH-67-000018</version><title>Shared salt values must be disabled on the virtual machine.</title><description>&lt;VulnDiscussion&gt;When salting is enabled (Mem.ShareForceSalting=1 or 2) in order to share a page between two virtual machines both salt and the content of the page must be same. A salt value is a configurable advanced option for each virtual machine. The salt values can be manually specified in the virtual machine's advanced settings with the new option sched.mem.pshare.salt. If this option is not present in the virtual machine's advanced settings, then the value of the vc.uuid option is taken as the default value. Since the vc.uuid is unique to each virtual machine, by default TPS happens only among the pages belonging to a particular virtual machine (Intra-VM).&lt;/VulnDiscussion&gt;&lt;FalsePositives&gt;&lt;/FalsePositives&gt;&lt;FalseNegatives&gt;&lt;/FalseNegatives&gt;&lt;Documentable&gt;false&lt;/Documentable&gt;&lt;Mitigations&gt;&lt;/Mitigations&gt;&lt;SeverityOverrideGuidance&gt;&lt;/SeverityOverrideGuidance&gt;&lt;PotentialImpacts&gt;&lt;/PotentialImpacts&gt;&lt;ThirdPartyTools&gt;&lt;/ThirdPartyTools&gt;&lt;MitigationControl&gt;&lt;/MitigationControl&gt;&lt;Responsibility&gt;&lt;/Responsibility&gt;&lt;IAControls&gt;&lt;/IAControls&gt;</description><reference><dc:title>DPMS Target VMware vSphere 6.7 Virtual Machine</dc:title><dc:publisher>DISA</dc:publisher><dc:type>DPMS Target</dc:type><dc:subject>VMware vSphere 6.7 Virtual Machine</dc:subject><dc:identifier>5327</dc:identifier></reference><ident system="http://cyber.mil/cci">CCI-000366</ident><fixtext fixref="F-42541r679595_fix">From the vSphere Web Client right-click the Virtual Machine and go to Edit Settings &gt;&gt; VM Options &gt;&gt; Advanced &gt;&gt; Configuration Parameters &gt;&gt; Edit Configuration. Delete the sched.mem.pshare.salt setting.

Note: The VM must be powered off to configure the advanced settings through the vSphere Web Client so it is recommended to configure these settings with PowerCLI as it can be done while the VM is powered on. Settings do not take effect via either method until the virtual machine is cold started, not rebooted.

or

From a PowerCLI command prompt while connected to the ESXi host or vCenter server, run the following command:

Get-VM "VM Name" | Get-AdvancedSetting -Name sched.mem.pshare.salt | Remove-AdvancedSetting</fixtext><fix id="F-42541r679595_fix" /><check system="C-42582r679594_chk"><check-content-ref href="VMware_vSphere_6.7_Virtual_Machine_STIG.xml" name="M" /><check-content>From the vSphere Web Client right-click the Virtual Machine and go to Edit Settings &gt;&gt; VM Options &gt;&gt; Advanced &gt;&gt; Configuration Parameters &gt;&gt; Edit Configuration. Verify the sched.mem.pshare.salt setting does not exist.

or

From a PowerCLI command prompt while connected to the ESXi host or vCenter server, run the following command:

Get-VM "VM Name" | Get-AdvancedSetting -Name sched.mem.pshare.salt

If the virtual machine advanced setting sched.mem.pshare.salt exists, this is a finding.</check-content></check></Rule></Group><Group id="V-239350"><title>SRG-OS-000480-VMM-002000</title><description>&lt;GroupDescription&gt;&lt;/GroupDescription&gt;</description><Rule id="SV-239350r679599_rule" weight="10.0" severity="low"><version>VMCH-67-000019</version><title>Access to virtual machines through the dvfilter network APIs must be controlled.</title><description>&lt;VulnDiscussion&gt;An attacker might compromise a VM by making use the dvFilter API. Configure only those VMs to use the API that need this access.&lt;/VulnDiscussion&gt;&lt;FalsePositives&gt;&lt;/FalsePositives&gt;&lt;FalseNegatives&gt;&lt;/FalseNegatives&gt;&lt;Documentable&gt;false&lt;/Documentable&gt;&lt;Mitigations&gt;&lt;/Mitigations&gt;&lt;SeverityOverrideGuidance&gt;&lt;/SeverityOverrideGuidance&gt;&lt;PotentialImpacts&gt;&lt;/PotentialImpacts&gt;&lt;ThirdPartyTools&gt;&lt;/ThirdPartyTools&gt;&lt;MitigationControl&gt;&lt;/MitigationControl&gt;&lt;Responsibility&gt;&lt;/Responsibility&gt;&lt;IAControls&gt;&lt;/IAControls&gt;</description><reference><dc:title>DPMS Target VMware vSphere 6.7 Virtual Machine</dc:title><dc:publisher>DISA</dc:publisher><dc:type>DPMS Target</dc:type><dc:subject>VMware vSphere 6.7 Virtual Machine</dc:subject><dc:identifier>5327</dc:identifier></reference><ident system="http://cyber.mil/cci">CCI-000366</ident><fixtext fixref="F-42542r679598_fix">From the vSphere Web Client right-click the Virtual Machine and go to Edit Settings &gt;&gt; VM Options &gt;&gt; Advanced &gt;&gt; Configuration Parameters &gt;&gt; Edit Configuration. Look for settings with the format ethernet*.filter*.name. Ensure only required VMs use this setting.

Note: The VM must be powered off to configure the advanced settings through the vSphere Web Client so it is recommended to configure these settings with PowerCLI as it can be done while the VM is powered on. Settings do not take effect via either method until the virtual machine is cold started, not rebooted.

or

From a PowerCLI command prompt while connected to the ESXi host or vCenter server, run the following command:

Get-VM "VM Name" | Get-AdvancedSetting -Name ethernetX.filterY.name | Remove-AdvancedSetting

Note:  Change the X and Y values to match the specific setting in your environment.</fixtext><fix id="F-42542r679598_fix" /><check system="C-42583r679597_chk"><check-content-ref href="VMware_vSphere_6.7_Virtual_Machine_STIG.xml" name="M" /><check-content>From the vSphere Web Client right-click the Virtual Machine and go to Edit Settings &gt;&gt; VM Options &gt;&gt; Advanced &gt;&gt; Configuration Parameters &gt;&gt; Edit Configuration. Look for settings with the format ethernet*.filter*.name.

or

From a PowerCLI command prompt while connected to the ESXi host or vCenter server, run the following command:

Get-VM "VM Name" | Get-AdvancedSetting -Name "ethernet*.filter*.name*"

If the virtual machine advanced setting ethernet*.filter*.name exists and dvfilters are not in use, this is a finding.

If the virtual machine advanced setting ethernet*.filter*.name exists and the value is not valid, this is a finding.</check-content></check></Rule></Group><Group id="V-239351"><title>SRG-OS-000480-VMM-002000</title><description>&lt;GroupDescription&gt;&lt;/GroupDescription&gt;</description><Rule id="SV-239351r679602_rule" weight="10.0" severity="low"><version>VMCH-67-000020</version><title>System administrators must use templates to deploy virtual machines whenever possible.</title><description>&lt;VulnDiscussion&gt;By capturing a hardened base operating system image (with no applications installed) in a template, ensure all virtual machines are created with a known baseline level of security. Then use this template to create other, application-specific templates, or use the application template to deploy virtual machines. Manual installation of the OS and applications into a VM introduces the risk of misconfiguration due to human or process error.&lt;/VulnDiscussion&gt;&lt;FalsePositives&gt;&lt;/FalsePositives&gt;&lt;FalseNegatives&gt;&lt;/FalseNegatives&gt;&lt;Documentable&gt;false&lt;/Documentable&gt;&lt;Mitigations&gt;&lt;/Mitigations&gt;&lt;SeverityOverrideGuidance&gt;&lt;/SeverityOverrideGuidance&gt;&lt;PotentialImpacts&gt;&lt;/PotentialImpacts&gt;&lt;ThirdPartyTools&gt;&lt;/ThirdPartyTools&gt;&lt;MitigationControl&gt;&lt;/MitigationControl&gt;&lt;Responsibility&gt;&lt;/Responsibility&gt;&lt;IAControls&gt;&lt;/IAControls&gt;</description><reference><dc:title>DPMS Target VMware vSphere 6.7 Virtual Machine</dc:title><dc:publisher>DISA</dc:publisher><dc:type>DPMS Target</dc:type><dc:subject>VMware vSphere 6.7 Virtual Machine</dc:subject><dc:identifier>5327</dc:identifier></reference><ident system="http://cyber.mil/cci">CCI-000366</ident><fixtext fixref="F-42543r679601_fix">Create hardened virtual machine templates to use for OS deployments.</fixtext><fix id="F-42543r679601_fix" /><check system="C-42584r679600_chk"><check-content-ref href="VMware_vSphere_6.7_Virtual_Machine_STIG.xml" name="M" /><check-content>Ask the SA if hardened, patched templates are used for VM creation, properly configured OS deployments, including applications both dependent and non-dependent on VM-specific configurations.

If hardened, patched templates are not used for VM creation, this is a finding.</check-content></check></Rule></Group><Group id="V-239352"><title>SRG-OS-000480-VMM-002000</title><description>&lt;GroupDescription&gt;&lt;/GroupDescription&gt;</description><Rule id="SV-239352r679605_rule" weight="10.0" severity="medium"><version>VMCH-67-000021</version><title>Use of the virtual machine console must be minimized.</title><description>&lt;VulnDiscussion&gt;The VM console enables a connection to the console of a virtual machine, in effect seeing what a monitor on a physical server would show. The VM console also provides power management and removable device connectivity controls, which might potentially allow a malicious user to bring down a virtual machine. In addition, it also has a performance impact on the service console, especially if many VM console sessions are open simultaneously.&lt;/VulnDiscussion&gt;&lt;FalsePositives&gt;&lt;/FalsePositives&gt;&lt;FalseNegatives&gt;&lt;/FalseNegatives&gt;&lt;Documentable&gt;false&lt;/Documentable&gt;&lt;Mitigations&gt;&lt;/Mitigations&gt;&lt;SeverityOverrideGuidance&gt;&lt;/SeverityOverrideGuidance&gt;&lt;PotentialImpacts&gt;&lt;/PotentialImpacts&gt;&lt;ThirdPartyTools&gt;&lt;/ThirdPartyTools&gt;&lt;MitigationControl&gt;&lt;/MitigationControl&gt;&lt;Responsibility&gt;&lt;/Responsibility&gt;&lt;IAControls&gt;&lt;/IAControls&gt;</description><reference><dc:title>DPMS Target VMware vSphere 6.7 Virtual Machine</dc:title><dc:publisher>DISA</dc:publisher><dc:type>DPMS Target</dc:type><dc:subject>VMware vSphere 6.7 Virtual Machine</dc:subject><dc:identifier>5327</dc:identifier></reference><ident system="http://cyber.mil/cci">CCI-000366</ident><fixtext fixref="F-42544r679604_fix">Develop a policy prohibiting the use of a VM console for performing management services. This policy should include procedures for the use of SSH and Terminal Management services for VM management. Where SSH and Terminal Management services prove insufficient to troubleshoot a VM, access to the VM console may be temporarily granted.</fixtext><fix id="F-42544r679604_fix" /><check system="C-42585r679603_chk"><check-content-ref href="VMware_vSphere_6.7_Virtual_Machine_STIG.xml" name="M" /><check-content>Remote management services, such as terminal services and SSH, must be used to interact with virtual machines. VM console access should only be granted when remote management services are unavailable or insufficient to perform necessary management tasks.

Ask the SA if a VM console is used to perform VM management tasks, other than for troubleshooting VM issues. 

If a VM console is used to perform VM management tasks, other than for troubleshooting VM issues, this is a finding. 

If SSH and/or terminal management services are exclusively used to perform management tasks, this is not a finding.</check-content></check></Rule></Group><Group id="V-239353"><title>SRG-OS-000480-VMM-002000</title><description>&lt;GroupDescription&gt;&lt;/GroupDescription&gt;</description><Rule id="SV-239353r679608_rule" weight="10.0" severity="medium"><version>VMCH-67-000022</version><title>The virtual machine guest operating system must be locked when the last console connection is closed.</title><description>&lt;VulnDiscussion&gt;When accessing the VM console the guest OS must be locked when the last console user disconnects, limiting the possibility of session hijacking. This setting only applies to Windows-based VMs with VMware tools installed.&lt;/VulnDiscussion&gt;&lt;FalsePositives&gt;&lt;/FalsePositives&gt;&lt;FalseNegatives&gt;&lt;/FalseNegatives&gt;&lt;Documentable&gt;false&lt;/Documentable&gt;&lt;Mitigations&gt;&lt;/Mitigations&gt;&lt;SeverityOverrideGuidance&gt;&lt;/SeverityOverrideGuidance&gt;&lt;PotentialImpacts&gt;&lt;/PotentialImpacts&gt;&lt;ThirdPartyTools&gt;&lt;/ThirdPartyTools&gt;&lt;MitigationControl&gt;&lt;/MitigationControl&gt;&lt;Responsibility&gt;&lt;/Responsibility&gt;&lt;IAControls&gt;&lt;/IAControls&gt;</description><reference><dc:title>DPMS Target VMware vSphere 6.7 Virtual Machine</dc:title><dc:publisher>DISA</dc:publisher><dc:type>DPMS Target</dc:type><dc:subject>VMware vSphere 6.7 Virtual Machine</dc:subject><dc:identifier>5327</dc:identifier></reference><ident system="http://cyber.mil/cci">CCI-000366</ident><fixtext fixref="F-42545r679607_fix">From the vSphere Client select the Virtual Machine, right click and go to Edit Settings &gt;&gt; VM Options Tab &gt;&gt; Advanced &gt;&gt; Configuration Parameters &gt;&gt; Edit Configuration. Find or create the tools.guest.desktop.autolock value and set it to true.

Note: The VM must be powered off to modify the advanced settings through the vSphere Web Client. It is recommended to configure these settings with PowerCLI as this can be done while the VM is powered on. In this case, the modified settings will not take effect until a cold boot of the VM.

or

From a PowerCLI command prompt while connected to the ESXi host or vCenter server, run the following command:

If the setting does not exist, run:

Get-VM "VM Name" | New-AdvancedSetting -Name tools.guest.desktop.autolock -Value true

If the setting exists, run:

Get-VM "VM Name" | Get-AdvancedSetting -Name tools.guest.desktop.autolock | Set-AdvancedSetting -Value true</fixtext><fix id="F-42545r679607_fix" /><check system="C-42586r679606_chk"><check-content-ref href="VMware_vSphere_6.7_Virtual_Machine_STIG.xml" name="M" /><check-content>From the vSphere Web Client select the Virtual Machine, right click and go to Edit Settings &gt;&gt; VM Options Tab &gt;&gt; Advanced &gt;&gt; Configuration Parameters &gt;&gt; Edit Configuration. Find the tools.guest.desktop.autolock value and verify that it is set to true.

or

From a PowerCLI command prompt while connected to the ESXi host or vCenter server, run the following command:

Get-VM "VM Name" | Get-AdvancedSetting -Name tools.guest.desktop.autolock

If the virtual machine advanced setting tools.guest.desktop.autolock does not exist or is not set to true, this is a finding.

If the VM is not Windows-based, this is not a finding.</check-content></check></Rule></Group><Group id="V-239354"><title>SRG-OS-000480-VMM-002000</title><description>&lt;GroupDescription&gt;&lt;/GroupDescription&gt;</description><Rule id="SV-239354r679611_rule" weight="10.0" severity="low"><version>VMCH-67-000023</version><title>3D features on the virtual machine must be disabled when not required.</title><description>&lt;VulnDiscussion&gt;It is recommended that 3D acceleration be disabled on virtual machines that do not require 3D functionality, (e.g. most server workloads or desktops not using 3D applications).&lt;/VulnDiscussion&gt;&lt;FalsePositives&gt;&lt;/FalsePositives&gt;&lt;FalseNegatives&gt;&lt;/FalseNegatives&gt;&lt;Documentable&gt;false&lt;/Documentable&gt;&lt;Mitigations&gt;&lt;/Mitigations&gt;&lt;SeverityOverrideGuidance&gt;&lt;/SeverityOverrideGuidance&gt;&lt;PotentialImpacts&gt;&lt;/PotentialImpacts&gt;&lt;ThirdPartyTools&gt;&lt;/ThirdPartyTools&gt;&lt;MitigationControl&gt;&lt;/MitigationControl&gt;&lt;Responsibility&gt;&lt;/Responsibility&gt;&lt;IAControls&gt;&lt;/IAControls&gt;</description><reference><dc:title>DPMS Target VMware vSphere 6.7 Virtual Machine</dc:title><dc:publisher>DISA</dc:publisher><dc:type>DPMS Target</dc:type><dc:subject>VMware vSphere 6.7 Virtual Machine</dc:subject><dc:identifier>5327</dc:identifier></reference><ident system="http://cyber.mil/cci">CCI-000366</ident><fixtext fixref="F-42546r679610_fix">From the vSphere Client select the Virtual Machine, right click and go to Edit Settings &gt;&gt; VM Options Tab &gt;&gt; Advanced &gt;&gt; Configuration Parameters &gt;&gt; Edit Configuration. Find the "mks.enable3d" value and set it to "false".

Note: The VM must be powered off to modify the advanced settings through the vSphere Web Client. It is recommended to configure these settings with PowerCLI as this can be done while the VM is powered on. In this case, the modified settings will not take effect until a cold boot of the VM.

or

From a PowerCLI command prompt while connected to the ESXi host or vCenter server, run the following command:

If the setting does not exist, run:

Get-VM "VM Name" | New-AdvancedSetting -Name mks.enable3d -Value false

If the setting exists, run:

Get-VM "VM Name" | Get-AdvancedSetting -Name mks.enable3d | Set-AdvancedSetting -Value false</fixtext><fix id="F-42546r679610_fix" /><check system="C-42587r679609_chk"><check-content-ref href="VMware_vSphere_6.7_Virtual_Machine_STIG.xml" name="M" /><check-content>From the vSphere Web Client select the Virtual Machine, right click and go to Edit Settings &gt;&gt; VM Options Tab &gt;&gt; Advanced &gt;&gt; Configuration Parameters &gt;&gt; Edit Configuration. Find the "mks.enable3d" value and verify it is set to "false".

or

From a PowerCLI command prompt while connected to the ESXi host or vCenter server, run the following command:

Get-VM "VM Name" | Get-AdvancedSetting -Name mks.enable3d

If the virtual machine advanced setting "mks.enable3d" does not exist or is not set to "false", this is a finding.

If a virtual machine requires 3D features, this is not a finding.</check-content></check></Rule></Group><Group id="V-242469"><title>SRG-OS-000480-VMM-002000</title><description>&lt;GroupDescription&gt;&lt;/GroupDescription&gt;</description><Rule id="SV-242469r717088_rule" weight="10.0" severity="medium"><version>VMCH-67-000024</version><title>Encryption must be enabled for vMotion on the virtual machine.</title><description>&lt;VulnDiscussion&gt;vMotion migrations in vSphere 6.0 and earlier transferred working memory and CPU state information in clear text over the vMotion network. As of vSphere 6.5 this transfer can be transparently encrypted using 256bit AES-GCM with negligible performance impact. vSphere 6.5 enables encrypted vMotion by default as "Opportunistic", meaning that encrypted channels are used where supported but the operation will continue in plain text where encryption is not supported. For example when vMotioning between two 6.5 hosts encryption will always be utilized but since 6.0 and earlier releases do not support this feature vMotion from a 6.5 host to a 6.0 host would be allowed but would not be encrypted. If this finding is set to "Required" then vMotions to unsupported hosts will fail. This setting must be set to "Opportunistic" or "Required".&lt;/VulnDiscussion&gt;&lt;FalsePositives&gt;&lt;/FalsePositives&gt;&lt;FalseNegatives&gt;&lt;/FalseNegatives&gt;&lt;Documentable&gt;false&lt;/Documentable&gt;&lt;Mitigations&gt;&lt;/Mitigations&gt;&lt;SeverityOverrideGuidance&gt;&lt;/SeverityOverrideGuidance&gt;&lt;PotentialImpacts&gt;&lt;/PotentialImpacts&gt;&lt;ThirdPartyTools&gt;&lt;/ThirdPartyTools&gt;&lt;MitigationControl&gt;&lt;/MitigationControl&gt;&lt;Responsibility&gt;&lt;/Responsibility&gt;&lt;IAControls&gt;&lt;/IAControls&gt;</description><reference><dc:title>DPMS Target VMware vSphere 6.7 Virtual Machine</dc:title><dc:publisher>DISA</dc:publisher><dc:type>DPMS Target</dc:type><dc:subject>VMware vSphere 6.7 Virtual Machine</dc:subject><dc:identifier>5327</dc:identifier></reference><ident system="http://cyber.mil/cci">CCI-000366</ident><fixtext fixref="F-40285r717087_fix">From the vSphere Client select the Virtual Machine, right click and go to Edit Settings &gt;&gt; VM Options Tab &gt;&gt; Encryption &gt;&gt; Encrypted vMotion. Set the value to "Opportunistic" or "Required".</fixtext><fix id="F-40285r717087_fix" /><check system="C-40322r802904_chk"><check-content-ref href="VMware_vSphere_6.7_Virtual_Machine_STIG.xml" name="M" /><check-content>Note: If the system does not have vCenter installed and utilizes vMotion, then this is Not Applicable.

From the vSphere Web Client, select the Virtual Machine, right-click and go to Edit Settings &gt;&gt; VM Options Tab &gt;&gt; Encryption &gt;&gt; Encrypted vMotion.

or

From a PowerCLI command prompt while connected to the ESXi host or vCenter server, run the following command:

Get-VM | Where {($_.ExtensionData.Config.MigrateEncryption -ne "opportunistic") -and ($_.ExtensionData.Config.MigrateEncryption -ne "required")}

If the setting does not have a value of "Opportunistic" or "Required", this is a finding.</check-content></check></Rule></Group></Benchmark>