<?xml version="1.0" encoding="utf-8"?><?xml-stylesheet type='text/xsl' href='STIG_unclass.xsl'?><Benchmark xmlns:dc="http://purl.org/dc/elements/1.1/" xmlns:xsi="http://www.w3.org/2001/XMLSchema-instance" xmlns:cpe="http://cpe.mitre.org/language/2.0" xmlns:xhtml="http://www.w3.org/1999/xhtml" xmlns:dsig="http://www.w3.org/2000/09/xmldsig#" xsi:schemaLocation="http://checklists.nist.gov/xccdf/1.1 http://nvd.nist.gov/schema/xccdf-1.1.4.xsd http://cpe.mitre.org/dictionary/2.0 http://cpe.mitre.org/files/cpe-dictionary_2.1.xsd" id="VMW_vSphere_6-7_UI_Tomcat_STIG" xml:lang="en" xmlns="http://checklists.nist.gov/xccdf/1.1"><status date="2022-01-03">accepted</status><title>VMware vSphere 6.7 UI Tomcat Security Technical Implementation Guide</title><description>This Security Technical Implementation Guide is published as a tool to improve the security of Department of Defense (DoD) information systems. The requirements are derived from the National Institute of Standards and Technology (NIST) 800-53 and related documents. Comments or proposed revisions to this document should be sent via email to the following address: disa.stig_spt@mail.mil.</description><notice id="terms-of-use" xml:lang="en"></notice><front-matter xml:lang="en"></front-matter><rear-matter xml:lang="en"></rear-matter><reference href="https://cyber.mil"><dc:publisher>DISA</dc:publisher><dc:source>STIG.DOD.MIL</dc:source></reference><plain-text id="release-info">Release: 2 Benchmark Date: 08 Feb 2022</plain-text><plain-text id="generator">3.2.2.36079</plain-text><plain-text id="conventionsVersion">1.10.0</plain-text><version>1</version><Profile id="MAC-1_Classified"><title>I - Mission Critical Classified</title><description>&lt;ProfileDescription&gt;&lt;/ProfileDescription&gt;</description><select idref="V-239682" selected="true" /><select idref="V-239683" selected="true" /><select idref="V-239684" selected="true" /><select idref="V-239685" selected="true" /><select idref="V-239686" selected="true" /><select idref="V-239687" selected="true" /><select idref="V-239688" selected="true" /><select idref="V-239689" selected="true" /><select idref="V-239690" selected="true" /><select idref="V-239691" selected="true" /><select idref="V-239692" selected="true" /><select idref="V-239693" selected="true" /><select idref="V-239694" selected="true" /><select idref="V-239695" selected="true" /><select idref="V-239696" selected="true" /><select idref="V-239697" selected="true" /><select idref="V-239698" selected="true" /><select idref="V-239699" selected="true" /><select idref="V-239700" selected="true" /><select idref="V-239701" selected="true" /><select idref="V-239702" selected="true" /><select idref="V-239703" selected="true" /><select idref="V-239704" selected="true" /><select idref="V-239705" selected="true" /><select idref="V-239706" selected="true" /><select idref="V-239707" selected="true" /><select idref="V-239708" selected="true" /><select idref="V-239709" selected="true" /><select idref="V-239710" selected="true" /><select idref="V-239711" selected="true" /><select idref="V-239712" selected="true" /><select idref="V-239713" selected="true" /></Profile><Profile id="MAC-1_Public"><title>I - Mission Critical Public</title><description>&lt;ProfileDescription&gt;&lt;/ProfileDescription&gt;</description><select idref="V-239682" selected="true" /><select idref="V-239683" selected="true" /><select idref="V-239684" selected="true" /><select idref="V-239685" selected="true" /><select idref="V-239686" selected="true" /><select idref="V-239687" selected="true" /><select idref="V-239688" selected="true" /><select idref="V-239689" selected="true" /><select idref="V-239690" selected="true" /><select idref="V-239691" selected="true" /><select idref="V-239692" selected="true" /><select idref="V-239693" selected="true" /><select idref="V-239694" selected="true" /><select idref="V-239695" selected="true" /><select idref="V-239696" selected="true" /><select idref="V-239697" selected="true" /><select idref="V-239698" selected="true" /><select idref="V-239699" selected="true" /><select idref="V-239700" selected="true" /><select idref="V-239701" selected="true" /><select idref="V-239702" selected="true" /><select idref="V-239703" selected="true" /><select idref="V-239704" selected="true" /><select idref="V-239705" selected="true" /><select idref="V-239706" selected="true" /><select idref="V-239707" selected="true" /><select idref="V-239708" selected="true" /><select idref="V-239709" selected="true" /><select idref="V-239710" selected="true" /><select idref="V-239711" selected="true" /><select idref="V-239712" selected="true" /><select idref="V-239713" selected="true" /></Profile><Profile id="MAC-1_Sensitive"><title>I - Mission Critical Sensitive</title><description>&lt;ProfileDescription&gt;&lt;/ProfileDescription&gt;</description><select idref="V-239682" selected="true" /><select idref="V-239683" selected="true" /><select idref="V-239684" selected="true" /><select idref="V-239685" selected="true" /><select idref="V-239686" selected="true" /><select idref="V-239687" selected="true" /><select idref="V-239688" selected="true" /><select idref="V-239689" selected="true" /><select idref="V-239690" selected="true" /><select idref="V-239691" selected="true" /><select idref="V-239692" selected="true" /><select idref="V-239693" selected="true" /><select idref="V-239694" selected="true" /><select idref="V-239695" selected="true" /><select idref="V-239696" selected="true" /><select idref="V-239697" selected="true" /><select idref="V-239698" selected="true" /><select idref="V-239699" selected="true" /><select idref="V-239700" selected="true" /><select idref="V-239701" selected="true" /><select idref="V-239702" selected="true" /><select idref="V-239703" selected="true" /><select idref="V-239704" selected="true" /><select idref="V-239705" selected="true" /><select idref="V-239706" selected="true" /><select idref="V-239707" selected="true" /><select idref="V-239708" selected="true" /><select idref="V-239709" selected="true" /><select idref="V-239710" selected="true" /><select idref="V-239711" selected="true" /><select idref="V-239712" selected="true" /><select idref="V-239713" selected="true" /></Profile><Profile id="MAC-2_Classified"><title>II - Mission Support Classified</title><description>&lt;ProfileDescription&gt;&lt;/ProfileDescription&gt;</description><select idref="V-239682" selected="true" /><select idref="V-239683" selected="true" /><select idref="V-239684" selected="true" /><select idref="V-239685" selected="true" /><select idref="V-239686" selected="true" /><select idref="V-239687" selected="true" /><select idref="V-239688" selected="true" /><select idref="V-239689" selected="true" /><select idref="V-239690" selected="true" /><select idref="V-239691" selected="true" /><select idref="V-239692" selected="true" /><select idref="V-239693" selected="true" /><select idref="V-239694" selected="true" /><select idref="V-239695" selected="true" /><select idref="V-239696" selected="true" /><select idref="V-239697" selected="true" /><select idref="V-239698" selected="true" /><select idref="V-239699" selected="true" /><select idref="V-239700" selected="true" /><select idref="V-239701" selected="true" /><select idref="V-239702" selected="true" /><select idref="V-239703" selected="true" /><select idref="V-239704" selected="true" /><select idref="V-239705" selected="true" /><select idref="V-239706" selected="true" /><select idref="V-239707" selected="true" /><select idref="V-239708" selected="true" /><select idref="V-239709" selected="true" /><select idref="V-239710" selected="true" /><select idref="V-239711" selected="true" /><select idref="V-239712" selected="true" /><select idref="V-239713" selected="true" /></Profile><Profile id="MAC-2_Public"><title>II - Mission Support Public</title><description>&lt;ProfileDescription&gt;&lt;/ProfileDescription&gt;</description><select idref="V-239682" selected="true" /><select idref="V-239683" selected="true" /><select idref="V-239684" selected="true" /><select idref="V-239685" selected="true" /><select idref="V-239686" selected="true" /><select idref="V-239687" selected="true" /><select idref="V-239688" selected="true" /><select idref="V-239689" selected="true" /><select idref="V-239690" selected="true" /><select idref="V-239691" selected="true" /><select idref="V-239692" selected="true" /><select idref="V-239693" selected="true" /><select idref="V-239694" selected="true" /><select idref="V-239695" selected="true" /><select idref="V-239696" selected="true" /><select idref="V-239697" selected="true" /><select idref="V-239698" selected="true" /><select idref="V-239699" selected="true" /><select idref="V-239700" selected="true" /><select idref="V-239701" selected="true" /><select idref="V-239702" selected="true" /><select idref="V-239703" selected="true" /><select idref="V-239704" selected="true" /><select idref="V-239705" selected="true" /><select idref="V-239706" selected="true" /><select idref="V-239707" selected="true" /><select idref="V-239708" selected="true" /><select idref="V-239709" selected="true" /><select idref="V-239710" selected="true" /><select idref="V-239711" selected="true" /><select idref="V-239712" selected="true" /><select idref="V-239713" selected="true" /></Profile><Profile id="MAC-2_Sensitive"><title>II - Mission Support Sensitive</title><description>&lt;ProfileDescription&gt;&lt;/ProfileDescription&gt;</description><select idref="V-239682" selected="true" /><select idref="V-239683" selected="true" /><select idref="V-239684" selected="true" /><select idref="V-239685" selected="true" /><select idref="V-239686" selected="true" /><select idref="V-239687" selected="true" /><select idref="V-239688" selected="true" /><select idref="V-239689" selected="true" /><select idref="V-239690" selected="true" /><select idref="V-239691" selected="true" /><select idref="V-239692" selected="true" /><select idref="V-239693" selected="true" /><select idref="V-239694" selected="true" /><select idref="V-239695" selected="true" /><select idref="V-239696" selected="true" /><select idref="V-239697" selected="true" /><select idref="V-239698" selected="true" /><select idref="V-239699" selected="true" /><select idref="V-239700" selected="true" /><select idref="V-239701" selected="true" /><select idref="V-239702" selected="true" /><select idref="V-239703" selected="true" /><select idref="V-239704" selected="true" /><select idref="V-239705" selected="true" /><select idref="V-239706" selected="true" /><select idref="V-239707" selected="true" /><select idref="V-239708" selected="true" /><select idref="V-239709" selected="true" /><select idref="V-239710" selected="true" /><select idref="V-239711" selected="true" /><select idref="V-239712" selected="true" /><select idref="V-239713" selected="true" /></Profile><Profile id="MAC-3_Classified"><title>III - Administrative Classified</title><description>&lt;ProfileDescription&gt;&lt;/ProfileDescription&gt;</description><select idref="V-239682" selected="true" /><select idref="V-239683" selected="true" /><select idref="V-239684" selected="true" /><select idref="V-239685" selected="true" /><select idref="V-239686" selected="true" /><select idref="V-239687" selected="true" /><select idref="V-239688" selected="true" /><select idref="V-239689" selected="true" /><select idref="V-239690" selected="true" /><select idref="V-239691" selected="true" /><select idref="V-239692" selected="true" /><select idref="V-239693" selected="true" /><select idref="V-239694" selected="true" /><select idref="V-239695" selected="true" /><select idref="V-239696" selected="true" /><select idref="V-239697" selected="true" /><select idref="V-239698" selected="true" /><select idref="V-239699" selected="true" /><select idref="V-239700" selected="true" /><select idref="V-239701" selected="true" /><select idref="V-239702" selected="true" /><select idref="V-239703" selected="true" /><select idref="V-239704" selected="true" /><select idref="V-239705" selected="true" /><select idref="V-239706" selected="true" /><select idref="V-239707" selected="true" /><select idref="V-239708" selected="true" /><select idref="V-239709" selected="true" /><select idref="V-239710" selected="true" /><select idref="V-239711" selected="true" /><select idref="V-239712" selected="true" /><select idref="V-239713" selected="true" /></Profile><Profile id="MAC-3_Public"><title>III - Administrative Public</title><description>&lt;ProfileDescription&gt;&lt;/ProfileDescription&gt;</description><select idref="V-239682" selected="true" /><select idref="V-239683" selected="true" /><select idref="V-239684" selected="true" /><select idref="V-239685" selected="true" /><select idref="V-239686" selected="true" /><select idref="V-239687" selected="true" /><select idref="V-239688" selected="true" /><select idref="V-239689" selected="true" /><select idref="V-239690" selected="true" /><select idref="V-239691" selected="true" /><select idref="V-239692" selected="true" /><select idref="V-239693" selected="true" /><select idref="V-239694" selected="true" /><select idref="V-239695" selected="true" /><select idref="V-239696" selected="true" /><select idref="V-239697" selected="true" /><select idref="V-239698" selected="true" /><select idref="V-239699" selected="true" /><select idref="V-239700" selected="true" /><select idref="V-239701" selected="true" /><select idref="V-239702" selected="true" /><select idref="V-239703" selected="true" /><select idref="V-239704" selected="true" /><select idref="V-239705" selected="true" /><select idref="V-239706" selected="true" /><select idref="V-239707" selected="true" /><select idref="V-239708" selected="true" /><select idref="V-239709" selected="true" /><select idref="V-239710" selected="true" /><select idref="V-239711" selected="true" /><select idref="V-239712" selected="true" /><select idref="V-239713" selected="true" /></Profile><Profile id="MAC-3_Sensitive"><title>III - Administrative Sensitive</title><description>&lt;ProfileDescription&gt;&lt;/ProfileDescription&gt;</description><select idref="V-239682" selected="true" /><select idref="V-239683" selected="true" /><select idref="V-239684" selected="true" /><select idref="V-239685" selected="true" /><select idref="V-239686" selected="true" /><select idref="V-239687" selected="true" /><select idref="V-239688" selected="true" /><select idref="V-239689" selected="true" /><select idref="V-239690" selected="true" /><select idref="V-239691" selected="true" /><select idref="V-239692" selected="true" /><select idref="V-239693" selected="true" /><select idref="V-239694" selected="true" /><select idref="V-239695" selected="true" /><select idref="V-239696" selected="true" /><select idref="V-239697" selected="true" /><select idref="V-239698" selected="true" /><select idref="V-239699" selected="true" /><select idref="V-239700" selected="true" /><select idref="V-239701" selected="true" /><select idref="V-239702" selected="true" /><select idref="V-239703" selected="true" /><select idref="V-239704" selected="true" /><select idref="V-239705" selected="true" /><select idref="V-239706" selected="true" /><select idref="V-239707" selected="true" /><select idref="V-239708" selected="true" /><select idref="V-239709" selected="true" /><select idref="V-239710" selected="true" /><select idref="V-239711" selected="true" /><select idref="V-239712" selected="true" /><select idref="V-239713" selected="true" /></Profile><Group id="V-239682"><title>SRG-APP-000001-WSR-000001</title><description>&lt;GroupDescription&gt;&lt;/GroupDescription&gt;</description><Rule id="SV-239682r816771_rule" weight="10.0" severity="medium"><version>VCUI-67-000001</version><title>vSphere UI must limit the amount of time that each TCP connection is kept alive.</title><description>&lt;VulnDiscussion&gt;Denial of service (DoS) is one threat against web servers. Many DoS attacks attempt to consume web server resources in such a way that no more resources are available to satisfy legitimate requests. 

In Tomcat, the "connectionTimeout" attribute sets the number of milliseconds the server will wait after accepting a connection for the request URI line to be presented. This timeout will also be used when reading the request body (if any). This prevents idle sockets that are not sending HTTP requests from consuming system resources and potentially denying new connections.&lt;/VulnDiscussion&gt;&lt;FalsePositives&gt;&lt;/FalsePositives&gt;&lt;FalseNegatives&gt;&lt;/FalseNegatives&gt;&lt;Documentable&gt;false&lt;/Documentable&gt;&lt;Mitigations&gt;&lt;/Mitigations&gt;&lt;SeverityOverrideGuidance&gt;&lt;/SeverityOverrideGuidance&gt;&lt;PotentialImpacts&gt;&lt;/PotentialImpacts&gt;&lt;ThirdPartyTools&gt;&lt;/ThirdPartyTools&gt;&lt;MitigationControl&gt;&lt;/MitigationControl&gt;&lt;Responsibility&gt;&lt;/Responsibility&gt;&lt;IAControls&gt;&lt;/IAControls&gt;</description><reference><dc:title>DPMS Target VMware vSphere 6.7 UI Tomcat</dc:title><dc:publisher>DISA</dc:publisher><dc:type>DPMS Target</dc:type><dc:subject>VMware vSphere 6.7 UI Tomcat</dc:subject><dc:identifier>5334</dc:identifier></reference><ident system="http://cyber.mil/cci">CCI-000054</ident><fixtext fixref="F-42874r816770_fix">Navigate to and open /usr/lib/vmware-vsphere-ui/server/conf/server.xml.

Configure the http &lt;Connector&gt; node with the value:

'connectionTimeout="300000"'

Example:

&lt;Connector .. connectionTimeout="300000" ..&gt;</fixtext><fix id="F-42874r816770_fix" /><check system="C-42915r816769_chk"><check-content-ref href="VMware_vSphere_6.7_UI_Tomcat_STIG.xml" name="M" /><check-content>At the command prompt, execute the following command:

# xmllint --format /usr/lib/vmware-vsphere-ui/server/conf/server.xml | sed '2 s/xmlns=".*"//g' |  xmllint --xpath '/Server/Service/Connector[@port="${http.port}"]/@connectionTimeout' -

Expected result:

connectionTimeout="300000"

If the output does not match the expected result, this is a finding.</check-content></check></Rule></Group><Group id="V-239683"><title>SRG-APP-000001-WSR-000001</title><description>&lt;GroupDescription&gt;&lt;/GroupDescription&gt;</description><Rule id="SV-239683r679155_rule" weight="10.0" severity="medium"><version>VCUI-67-000002</version><title>vSphere UI must limit the number of concurrent connections permitted.</title><description>&lt;VulnDiscussion&gt;Resource exhaustion can occur when an unlimited number of concurrent requests are allowed on a website, facilitating a denial-of-service attack. Unless the number of requests is controlled, the web server can consume enough system resources to cause a system crash.

Mitigating this kind of attack will include limiting the number of concurrent HTTP/HTTPS requests. Each incoming request requires a thread for the duration of that request. If more simultaneous requests are received than can be handled by the currently available request processing threads, additional threads will be created up to the value of the "maxThreads" attribute.&lt;/VulnDiscussion&gt;&lt;FalsePositives&gt;&lt;/FalsePositives&gt;&lt;FalseNegatives&gt;&lt;/FalseNegatives&gt;&lt;Documentable&gt;false&lt;/Documentable&gt;&lt;Mitigations&gt;&lt;/Mitigations&gt;&lt;SeverityOverrideGuidance&gt;&lt;/SeverityOverrideGuidance&gt;&lt;PotentialImpacts&gt;&lt;/PotentialImpacts&gt;&lt;ThirdPartyTools&gt;&lt;/ThirdPartyTools&gt;&lt;MitigationControl&gt;&lt;/MitigationControl&gt;&lt;Responsibility&gt;&lt;/Responsibility&gt;&lt;IAControls&gt;&lt;/IAControls&gt;</description><reference><dc:title>DPMS Target VMware vSphere 6.7 UI Tomcat</dc:title><dc:publisher>DISA</dc:publisher><dc:type>DPMS Target</dc:type><dc:subject>VMware vSphere 6.7 UI Tomcat</dc:subject><dc:identifier>5334</dc:identifier></reference><ident system="http://cyber.mil/cci">CCI-000054</ident><fixtext fixref="F-42875r679154_fix">Navigate to and open /usr/lib/vmware-vsphere-ui/server/conf/server.xml.

Configure each &lt;Connector&gt; node with the value:

 'maxThreads="800"'

Example:

&lt;Connector .. maxThreads="800" ..&gt;</fixtext><fix id="F-42875r679154_fix" /><check system="C-42916r679153_chk"><check-content-ref href="VMware_vSphere_6.7_UI_Tomcat_STIG.xml" name="M" /><check-content>At the command prompt, execute the following command:

# xmllint --format /usr/lib/vmware-vsphere-ui/server/conf/server.xml | sed '2 s/xmlns=".*"//g' |  xmllint --xpath '/Server/Service/Connector[@port="${http.port}"]/@maxThreads' -

Expected result:

maxThreads="800"

If the output does not match the expected result, this is a finding.</check-content></check></Rule></Group><Group id="V-239684"><title>SRG-APP-000001-WSR-000001</title><description>&lt;GroupDescription&gt;&lt;/GroupDescription&gt;</description><Rule id="SV-239684r679158_rule" weight="10.0" severity="medium"><version>VCUI-67-000003</version><title>vSphere UI must limit the maximum size of a POST request.</title><description>&lt;VulnDiscussion&gt;The "maxPostSize" value is the maximum size in bytes of the POST that will be handled by the container FORM URL parameter parsing. Limit its size to reduce exposure to a denial-of-service attack.

 If "maxPostSize" is not set, the default value of 2097152 (2MB) is used. Security Token Service is configured in its shipping state to not set a value for "maxPostSize"'.&lt;/VulnDiscussion&gt;&lt;FalsePositives&gt;&lt;/FalsePositives&gt;&lt;FalseNegatives&gt;&lt;/FalseNegatives&gt;&lt;Documentable&gt;false&lt;/Documentable&gt;&lt;Mitigations&gt;&lt;/Mitigations&gt;&lt;SeverityOverrideGuidance&gt;&lt;/SeverityOverrideGuidance&gt;&lt;PotentialImpacts&gt;&lt;/PotentialImpacts&gt;&lt;ThirdPartyTools&gt;&lt;/ThirdPartyTools&gt;&lt;MitigationControl&gt;&lt;/MitigationControl&gt;&lt;Responsibility&gt;&lt;/Responsibility&gt;&lt;IAControls&gt;&lt;/IAControls&gt;</description><reference><dc:title>DPMS Target VMware vSphere 6.7 UI Tomcat</dc:title><dc:publisher>DISA</dc:publisher><dc:type>DPMS Target</dc:type><dc:subject>VMware vSphere 6.7 UI Tomcat</dc:subject><dc:identifier>5334</dc:identifier></reference><ident system="http://cyber.mil/cci">CCI-000054</ident><fixtext fixref="F-42876r679157_fix">Navigate to and open /usr/lib/vmware-vsphere-ui/server/conf/server.xml.

Navigate to each of the &lt;Connector&gt; nodes.

Remove any configuration for "maxPostSize".</fixtext><fix id="F-42876r679157_fix" /><check system="C-42917r679156_chk"><check-content-ref href="VMware_vSphere_6.7_UI_Tomcat_STIG.xml" name="M" /><check-content>At the command prompt, execute the following command:

# xmllint --format /usr/lib/vmware-vsphere-ui/server/conf/server.xml | sed '2 s/xmlns=".*"//g' |  xmllint --xpath '/Server/Service/Connector[@port="${http.port}"]/@maxPostSize' -

Expected result:

XPath set is empty

If the output does not match the expected result, this is a finding.</check-content></check></Rule></Group><Group id="V-239685"><title>SRG-APP-000001-WSR-000002</title><description>&lt;GroupDescription&gt;&lt;/GroupDescription&gt;</description><Rule id="SV-239685r679161_rule" weight="10.0" severity="medium"><version>VCUI-67-000004</version><title>vSphere UI must protect cookies from XSS.</title><description>&lt;VulnDiscussion&gt;Cookies are a common way to save session state over the HTTP(S) protocol. If an attacker can compromise session data stored in a cookie, they are better able to launch an attack against the server and its applications. When a cookie is tagged with the "HttpOnly" flag, it tells the browser that this particular cookie should only be accessed by the originating server. Any attempt to access the cookie from client script is strictly forbidden.

Satisfies: SRG-APP-000001-WSR-000002, SRG-APP-000439-WSR-000154&lt;/VulnDiscussion&gt;&lt;FalsePositives&gt;&lt;/FalsePositives&gt;&lt;FalseNegatives&gt;&lt;/FalseNegatives&gt;&lt;Documentable&gt;false&lt;/Documentable&gt;&lt;Mitigations&gt;&lt;/Mitigations&gt;&lt;SeverityOverrideGuidance&gt;&lt;/SeverityOverrideGuidance&gt;&lt;PotentialImpacts&gt;&lt;/PotentialImpacts&gt;&lt;ThirdPartyTools&gt;&lt;/ThirdPartyTools&gt;&lt;MitigationControl&gt;&lt;/MitigationControl&gt;&lt;Responsibility&gt;&lt;/Responsibility&gt;&lt;IAControls&gt;&lt;/IAControls&gt;</description><reference><dc:title>DPMS Target VMware vSphere 6.7 UI Tomcat</dc:title><dc:publisher>DISA</dc:publisher><dc:type>DPMS Target</dc:type><dc:subject>VMware vSphere 6.7 UI Tomcat</dc:subject><dc:identifier>5334</dc:identifier></reference><ident system="http://cyber.mil/cci">CCI-000054</ident><ident system="http://cyber.mil/cci">CCI-002418</ident><fixtext fixref="F-42877r679160_fix">Navigate to and open /usr/lib/vmware-vsphere-ui/server/conf/context.xml. 

Add the following configuration to the &lt;Context&gt; node:

useHttpOnly="true"

Example:

&lt;Context useHttpOnly="true" sessionCookieName="VSPHERE-UI-JSESSIONID" sessionCookiePath="/ui"&gt;</fixtext><fix id="F-42877r679160_fix" /><check system="C-42918r679159_chk"><check-content-ref href="VMware_vSphere_6.7_UI_Tomcat_STIG.xml" name="M" /><check-content>At the command prompt, execute the following command:

# xmllint --format /usr/lib/vmware-vsphere-ui/server/conf/context.xml | xmllint --xpath '/Context/@useHttpOnly' -

Expected result:

useHttpOnly="true"

If the output does not match the expected result, this is a finding.</check-content></check></Rule></Group><Group id="V-239686"><title>SRG-APP-000016-WSR-000005</title><description>&lt;GroupDescription&gt;&lt;/GroupDescription&gt;</description><Rule id="SV-239686r816774_rule" weight="10.0" severity="medium"><version>VCUI-67-000005</version><title>vSphere UI must record user access in a format that enables monitoring of remote access.</title><description>&lt;VulnDiscussion&gt;Remote access can be exploited by an attacker to compromise the server. By recording all remote access activities, it will be possible to determine the attacker's location, intent, and degree of success.

Tomcat can be configured with an "AccessLogValve", a component that can be inserted into the request processing pipeline to provide robust access logging. The AccessLogValve creates log files in the same format as those created by standard web servers. When AccessLogValve is properly configured, log files will contain all the forensic information necessary in the case of a security incident.

Satisfies: SRG-APP-000016-WSR-000005, SRG-APP-000089-WSR-000047, SRG-APP-000095-WSR-000056, SRG-APP-000096-WSR-000057, SRG-APP-000097-WSR-000058, SRG-APP-000098-WSR-000059, SRG-APP-000098-WSR-000060, SRG-APP-000099-WSR-000061, SRG-APP-000100-WSR-000064, SRG-APP-000374-WSR-000172, SRG-APP-000375-WSR-000171&lt;/VulnDiscussion&gt;&lt;FalsePositives&gt;&lt;/FalsePositives&gt;&lt;FalseNegatives&gt;&lt;/FalseNegatives&gt;&lt;Documentable&gt;false&lt;/Documentable&gt;&lt;Mitigations&gt;&lt;/Mitigations&gt;&lt;SeverityOverrideGuidance&gt;&lt;/SeverityOverrideGuidance&gt;&lt;PotentialImpacts&gt;&lt;/PotentialImpacts&gt;&lt;ThirdPartyTools&gt;&lt;/ThirdPartyTools&gt;&lt;MitigationControl&gt;&lt;/MitigationControl&gt;&lt;Responsibility&gt;&lt;/Responsibility&gt;&lt;IAControls&gt;&lt;/IAControls&gt;</description><reference><dc:title>DPMS Target VMware vSphere 6.7 UI Tomcat</dc:title><dc:publisher>DISA</dc:publisher><dc:type>DPMS Target</dc:type><dc:subject>VMware vSphere 6.7 UI Tomcat</dc:subject><dc:identifier>5334</dc:identifier></reference><ident system="http://cyber.mil/cci">CCI-000067</ident><ident system="http://cyber.mil/cci">CCI-000130</ident><ident system="http://cyber.mil/cci">CCI-000131</ident><ident system="http://cyber.mil/cci">CCI-000132</ident><ident system="http://cyber.mil/cci">CCI-000133</ident><ident system="http://cyber.mil/cci">CCI-000134</ident><ident system="http://cyber.mil/cci">CCI-000213</ident><ident system="http://cyber.mil/cci">CCI-001462</ident><ident system="http://cyber.mil/cci">CCI-001464</ident><ident system="http://cyber.mil/cci">CCI-001487</ident><ident system="http://cyber.mil/cci">CCI-001889</ident><ident system="http://cyber.mil/cci">CCI-001890</ident><fixtext fixref="F-42878r816773_fix">Navigate to and open /usr/lib/vmware-vsphere-ui/server/conf/server.xml.

Ensure the log pattern in the "org.apache.catalina.valves.AccessLogValve" node is set to the following:

pattern="pattern="%h %{x-forwarded-for}i %l %u %t %r %s %b %{#hashedSessionId#}s %I %D""</fixtext><fix id="F-42878r816773_fix" /><check system="C-42919r816772_chk"><check-content-ref href="VMware_vSphere_6.7_UI_Tomcat_STIG.xml" name="M" /><check-content>At the command prompt, execute the following command:

# xmllint --format /usr/lib/vmware-vsphere-ui/server/conf/server.xml | xmllint --xpath '/Server/Service/Engine/Host/Valve[@className="org.apache.catalina.valves.AccessLogValve"]'/@pattern -

Expected result:

pattern="%h %{x-forwarded-for}i %l %u %t %r %s %b %{#hashedSessionId#}s %I %D"

If the output does not match the expected result, this is a finding.</check-content></check></Rule></Group><Group id="V-239687"><title>SRG-APP-000089-WSR-000047</title><description>&lt;GroupDescription&gt;&lt;/GroupDescription&gt;</description><Rule id="SV-239687r679167_rule" weight="10.0" severity="medium"><version>VCUI-67-000006</version><title>vSphere UI must generate log records for system startup and shutdown.</title><description>&lt;VulnDiscussion&gt;Logging must be started as soon as possible when a service starts and when a service is stopped. Many forms of suspicious actions can be detected by analyzing logs for unexpected service starts and stops. Also, by starting to log immediately after a service starts, it becomes more difficult for suspicious activity to go unlogged.

On the VCSA, the "vmware-vmon" service starts up the JVMs for various vCenter processes, including vSphere UI, and the individual "json config" files control the early jvm logging. Ensuring these json files are configured correctly enable early Java stdout and stderr logging.

Satisfies: SRG-APP-000089-WSR-000047, SRG-APP-000092-WSR-000055&lt;/VulnDiscussion&gt;&lt;FalsePositives&gt;&lt;/FalsePositives&gt;&lt;FalseNegatives&gt;&lt;/FalseNegatives&gt;&lt;Documentable&gt;false&lt;/Documentable&gt;&lt;Mitigations&gt;&lt;/Mitigations&gt;&lt;SeverityOverrideGuidance&gt;&lt;/SeverityOverrideGuidance&gt;&lt;PotentialImpacts&gt;&lt;/PotentialImpacts&gt;&lt;ThirdPartyTools&gt;&lt;/ThirdPartyTools&gt;&lt;MitigationControl&gt;&lt;/MitigationControl&gt;&lt;Responsibility&gt;&lt;/Responsibility&gt;&lt;IAControls&gt;&lt;/IAControls&gt;</description><reference><dc:title>DPMS Target VMware vSphere 6.7 UI Tomcat</dc:title><dc:publisher>DISA</dc:publisher><dc:type>DPMS Target</dc:type><dc:subject>VMware vSphere 6.7 UI Tomcat</dc:subject><dc:identifier>5334</dc:identifier></reference><ident system="http://cyber.mil/cci">CCI-000169</ident><fixtext fixref="F-42879r679166_fix">Navigate to and open /etc/vmware/vmware-vmon/svcCfgfiles/vsphere-ui.json. 

Below the last line of the "PreStartCommandArg" block, add or reconfigure the following line:

"StreamRedirectFile": "%VMWARE_LOG_DIR%/vmware/vsphere-ui/logs/vsphere-ui-runtime.log",

Restart the appliance for changes to take effect.</fixtext><fix id="F-42879r679166_fix" /><check system="C-42920r679165_chk"><check-content-ref href="VMware_vSphere_6.7_UI_Tomcat_STIG.xml" name="M" /><check-content>At the command prompt, execute the following command:

# grep StreamRedirectFile /etc/vmware/vmware-vmon/svcCfgfiles/vsphere-ui.json

Expected result:

"StreamRedirectFile": "%VMWARE_LOG_DIR%/vmware/vsphere-ui/logs/vsphere-ui-runtime.log",

If no log file is specified for the "StreamRedirectFile" setting, this is a finding.</check-content></check></Rule></Group><Group id="V-239688"><title>SRG-APP-000118-WSR-000068</title><description>&lt;GroupDescription&gt;&lt;/GroupDescription&gt;</description><Rule id="SV-239688r679170_rule" weight="10.0" severity="medium"><version>VCUI-67-000007</version><title>vSphere UI log files must only be accessible by privileged users.</title><description>&lt;VulnDiscussion&gt;Log data is essential in the investigation of events. If log data were to become compromised, competent forensic analysis and discovery of the true source of potentially malicious system activity would be difficult, if not impossible, to achieve.

In addition, access to log records provides information an attacker could potentially use to their advantage since each event record might contain communication ports, protocols, services, trust relationships, user names, etc. The vSphere UI restricts all access to log file by default, but this configuration must be verified.

Satisfies: SRG-APP-000118-WSR-000068, SRG-APP-000119-WSR-000069, SRG-APP-000120-WSR-000070&lt;/VulnDiscussion&gt;&lt;FalsePositives&gt;&lt;/FalsePositives&gt;&lt;FalseNegatives&gt;&lt;/FalseNegatives&gt;&lt;Documentable&gt;false&lt;/Documentable&gt;&lt;Mitigations&gt;&lt;/Mitigations&gt;&lt;SeverityOverrideGuidance&gt;&lt;/SeverityOverrideGuidance&gt;&lt;PotentialImpacts&gt;&lt;/PotentialImpacts&gt;&lt;ThirdPartyTools&gt;&lt;/ThirdPartyTools&gt;&lt;MitigationControl&gt;&lt;/MitigationControl&gt;&lt;Responsibility&gt;&lt;/Responsibility&gt;&lt;IAControls&gt;&lt;/IAControls&gt;</description><reference><dc:title>DPMS Target VMware vSphere 6.7 UI Tomcat</dc:title><dc:publisher>DISA</dc:publisher><dc:type>DPMS Target</dc:type><dc:subject>VMware vSphere 6.7 UI Tomcat</dc:subject><dc:identifier>5334</dc:identifier></reference><ident system="http://cyber.mil/cci">CCI-000162</ident><ident system="http://cyber.mil/cci">CCI-000163</ident><ident system="http://cyber.mil/cci">CCI-000164</ident><fixtext fixref="F-42880r679169_fix">At the command prompt, execute the following commands:

# chmod 600 /storage/log/vmware/vsphere-ui/logs/&lt;file&gt;

# chown vsphere-ui:users /storage/log/vmware/vsphere-ui/logs/&lt;file&gt;

Note: Substitute &lt;file&gt; with the listed file.</fixtext><fix id="F-42880r679169_fix" /><check system="C-42921r679168_chk"><check-content-ref href="VMware_vSphere_6.7_UI_Tomcat_STIG.xml" name="M" /><check-content>At the command prompt, execute the following command:

# find /storage/log/vmware/vsphere-ui/logs/ -xdev -type f -a '(' -not -perm 600 -o -not -user vsphere-ui ')' -exec ls -ld {} \;

If any files are returned, this is a finding.</check-content></check></Rule></Group><Group id="V-239689"><title>SRG-APP-000131-WSR-000051</title><description>&lt;GroupDescription&gt;&lt;/GroupDescription&gt;</description><Rule id="SV-239689r679173_rule" weight="10.0" severity="medium"><version>VCUI-67-000008</version><title>vSphere UI application files must be verified for their integrity.</title><description>&lt;VulnDiscussion&gt;Verifying that the vSphere UI application code is unchanged from its shipping state is essential for file validation and non-repudiation of the vSphere UI. There is no reason that the MD5 hash of the rpm original files should be changed after installation, excluding configuration files.&lt;/VulnDiscussion&gt;&lt;FalsePositives&gt;&lt;/FalsePositives&gt;&lt;FalseNegatives&gt;&lt;/FalseNegatives&gt;&lt;Documentable&gt;false&lt;/Documentable&gt;&lt;Mitigations&gt;&lt;/Mitigations&gt;&lt;SeverityOverrideGuidance&gt;&lt;/SeverityOverrideGuidance&gt;&lt;PotentialImpacts&gt;&lt;/PotentialImpacts&gt;&lt;ThirdPartyTools&gt;&lt;/ThirdPartyTools&gt;&lt;MitigationControl&gt;&lt;/MitigationControl&gt;&lt;Responsibility&gt;&lt;/Responsibility&gt;&lt;IAControls&gt;&lt;/IAControls&gt;</description><reference><dc:title>DPMS Target VMware vSphere 6.7 UI Tomcat</dc:title><dc:publisher>DISA</dc:publisher><dc:type>DPMS Target</dc:type><dc:subject>VMware vSphere 6.7 UI Tomcat</dc:subject><dc:identifier>5334</dc:identifier></reference><ident system="http://cyber.mil/cci">CCI-001749</ident><fixtext fixref="F-42881r679172_fix">Reinstall the VCSA or roll back to a snapshot. 

Modifying the vSphere UI installation files manually is not supported by VMware.</fixtext><fix id="F-42881r679172_fix" /><check system="C-42922r679171_chk"><check-content-ref href="VMware_vSphere_6.7_UI_Tomcat_STIG.xml" name="M" /><check-content>At the command prompt, execute the following command:

# rpm -V vsphere-ui|grep "^..5......"|grep -E "\.war|\.jar|\.sh|\.py"

If is any output, this is a finding.</check-content></check></Rule></Group><Group id="V-239690"><title>SRG-APP-000131-WSR-000073</title><description>&lt;GroupDescription&gt;&lt;/GroupDescription&gt;</description><Rule id="SV-239690r679176_rule" weight="10.0" severity="medium"><version>VCUI-67-000009</version><title>vSphere UI plugins must be authorized before use.</title><description>&lt;VulnDiscussion&gt;The vSphere UI ships with a number of plugins out of the box. Any additional plugins may affect the availability and integrity of the system and must be approved and documented by the ISSO before deployment.&lt;/VulnDiscussion&gt;&lt;FalsePositives&gt;&lt;/FalsePositives&gt;&lt;FalseNegatives&gt;&lt;/FalseNegatives&gt;&lt;Documentable&gt;false&lt;/Documentable&gt;&lt;Mitigations&gt;&lt;/Mitigations&gt;&lt;SeverityOverrideGuidance&gt;&lt;/SeverityOverrideGuidance&gt;&lt;PotentialImpacts&gt;&lt;/PotentialImpacts&gt;&lt;ThirdPartyTools&gt;&lt;/ThirdPartyTools&gt;&lt;MitigationControl&gt;&lt;/MitigationControl&gt;&lt;Responsibility&gt;&lt;/Responsibility&gt;&lt;IAControls&gt;&lt;/IAControls&gt;</description><reference><dc:title>DPMS Target VMware vSphere 6.7 UI Tomcat</dc:title><dc:publisher>DISA</dc:publisher><dc:type>DPMS Target</dc:type><dc:subject>VMware vSphere 6.7 UI Tomcat</dc:subject><dc:identifier>5334</dc:identifier></reference><ident system="http://cyber.mil/cci">CCI-001749</ident><fixtext fixref="F-42882r679175_fix">For every unauthorized plugin returned by the check, run the following command.

# rm &lt;file&gt;</fixtext><fix id="F-42882r679175_fix" /><check system="C-42923r679174_chk"><check-content-ref href="VMware_vSphere_6.7_UI_Tomcat_STIG.xml" name="M" /><check-content>At the command prompt, execute the following command:

# diff &lt;(find /usr/lib/vmware-vsphere-ui/plugin-packages/vsphere-client/plugins -type f|sort) &lt;(rpm -ql vsphere-ui|grep "/usr/lib/vmware-vsphere-ui/plugin-packages/vsphere-client/plugins/"|sort)

If there is any output, this indicates a vSphere UI plugin is present that does not ship with the VCSA. 

If this plugin is not known and approved, this is a finding.</check-content></check></Rule></Group><Group id="V-239691"><title>SRG-APP-000141-WSR-000075</title><description>&lt;GroupDescription&gt;&lt;/GroupDescription&gt;</description><Rule id="SV-239691r679179_rule" weight="10.0" severity="medium"><version>VCUI-67-000010</version><title>vSphere UI must be configured to limit access to internal packages.</title><description>&lt;VulnDiscussion&gt;The "package.access" entry in the "catalina.properties" file implements access control at the package level. When properly configured, a Security Exception will be reported if an errant or malicious web app attempts to access the listed internal classes directly or if a new class is defined under the protected packages. The vSphere UI comes preconfigured with the appropriate packages defined in "package.access", and this configuration must be maintained.&lt;/VulnDiscussion&gt;&lt;FalsePositives&gt;&lt;/FalsePositives&gt;&lt;FalseNegatives&gt;&lt;/FalseNegatives&gt;&lt;Documentable&gt;false&lt;/Documentable&gt;&lt;Mitigations&gt;&lt;/Mitigations&gt;&lt;SeverityOverrideGuidance&gt;&lt;/SeverityOverrideGuidance&gt;&lt;PotentialImpacts&gt;&lt;/PotentialImpacts&gt;&lt;ThirdPartyTools&gt;&lt;/ThirdPartyTools&gt;&lt;MitigationControl&gt;&lt;/MitigationControl&gt;&lt;Responsibility&gt;&lt;/Responsibility&gt;&lt;IAControls&gt;&lt;/IAControls&gt;</description><reference><dc:title>DPMS Target VMware vSphere 6.7 UI Tomcat</dc:title><dc:publisher>DISA</dc:publisher><dc:type>DPMS Target</dc:type><dc:subject>VMware vSphere 6.7 UI Tomcat</dc:subject><dc:identifier>5334</dc:identifier></reference><ident system="http://cyber.mil/cci">CCI-000381</ident><fixtext fixref="F-42883r679178_fix">Navigate to and open /usr/lib/vmware-sso/vmware-sts/conf/catalina.properties.

Ensure that the "package.access" line is configured as follows:

package.access=sun.,org.apache.catalina.,org.apache.coyote.,org.apache.jasper.,org.apache.tomcat.</fixtext><fix id="F-42883r679178_fix" /><check system="C-42924r679177_chk"><check-content-ref href="VMware_vSphere_6.7_UI_Tomcat_STIG.xml" name="M" /><check-content>At the command prompt, execute the following command:

# grep "package.access" /usr/lib/vmware-vsphere-ui/server/conf/catalina.properties

Expected result:

package.access=sun.,org.apache.catalina.,org.apache.coyote.,org.apache.jasper.,org.apache.tomcat.

If the output of the command does not match the expected result, this is a finding.</check-content></check></Rule></Group><Group id="V-239692"><title>SRG-APP-000141-WSR-000081</title><description>&lt;GroupDescription&gt;&lt;/GroupDescription&gt;</description><Rule id="SV-239692r679182_rule" weight="10.0" severity="medium"><version>VCUI-67-000011</version><title>vSphere UI must have Multipurpose Internet Mail Extensions (MIME) that invoke OS shell programs disabled.</title><description>&lt;VulnDiscussion&gt;MIME mappings tell the vSphere UI what type of program various file types and extensions are and what external utilities or programs are needed to execute the file type. By ensuring that various shell script MIME types are not included in web.xml, the server is protected against malicious users tricking the server into executing shell command files.&lt;/VulnDiscussion&gt;&lt;FalsePositives&gt;&lt;/FalsePositives&gt;&lt;FalseNegatives&gt;&lt;/FalseNegatives&gt;&lt;Documentable&gt;false&lt;/Documentable&gt;&lt;Mitigations&gt;&lt;/Mitigations&gt;&lt;SeverityOverrideGuidance&gt;&lt;/SeverityOverrideGuidance&gt;&lt;PotentialImpacts&gt;&lt;/PotentialImpacts&gt;&lt;ThirdPartyTools&gt;&lt;/ThirdPartyTools&gt;&lt;MitigationControl&gt;&lt;/MitigationControl&gt;&lt;Responsibility&gt;&lt;/Responsibility&gt;&lt;IAControls&gt;&lt;/IAControls&gt;</description><reference><dc:title>DPMS Target VMware vSphere 6.7 UI Tomcat</dc:title><dc:publisher>DISA</dc:publisher><dc:type>DPMS Target</dc:type><dc:subject>VMware vSphere 6.7 UI Tomcat</dc:subject><dc:identifier>5334</dc:identifier></reference><ident system="http://cyber.mil/cci">CCI-000381</ident><fixtext fixref="F-42884r679181_fix">Navigate to and open /usr/lib/vmware-vsphere-ui/server/conf/web.xml. 

Remove any and all of the following nodes lines:

&lt;mime-type&gt;application/x-csh&lt;/mime-type&gt;
&lt;mime-type&gt;application/x-shar&lt;/mime-type&gt;
&lt;mime-type&gt;application/x-sh&lt;/mime-type&gt;
&lt;mime-type&gt;application/x-ksh&lt;/mime-type&gt;</fixtext><fix id="F-42884r679181_fix" /><check system="C-42925r679180_chk"><check-content-ref href="VMware_vSphere_6.7_UI_Tomcat_STIG.xml" name="M" /><check-content>At the command prompt, execute the following command:

# grep -En '(x-csh&lt;)|(x-sh&lt;)|(x-shar&lt;)|(x-ksh&lt;)' /usr/lib/vmware-vsphere-ui/server/conf/web.xml

If the command produces any output, this is a finding.</check-content></check></Rule></Group><Group id="V-239693"><title>SRG-APP-000141-WSR-000083</title><description>&lt;GroupDescription&gt;&lt;/GroupDescription&gt;</description><Rule id="SV-239693r679185_rule" weight="10.0" severity="medium"><version>VCUI-67-000012</version><title>vSphere UI must have mappings set for Java servlet pages.</title><description>&lt;VulnDiscussion&gt;Resource mapping is the process of tying a particular file type to a process in the web server that can serve that type of file to a requesting client and identify which file types are not to be delivered to a client.

By not specifying which files can and cannot be served to a user, the web server could deliver to a user web server configuration files, log files, password files, etc. 

As Tomcat is a Java-based web server, the main file extension used is *.jsp. This check ensures that the *.jsp and *.jspx file types has been properly mapped to servlets.&lt;/VulnDiscussion&gt;&lt;FalsePositives&gt;&lt;/FalsePositives&gt;&lt;FalseNegatives&gt;&lt;/FalseNegatives&gt;&lt;Documentable&gt;false&lt;/Documentable&gt;&lt;Mitigations&gt;&lt;/Mitigations&gt;&lt;SeverityOverrideGuidance&gt;&lt;/SeverityOverrideGuidance&gt;&lt;PotentialImpacts&gt;&lt;/PotentialImpacts&gt;&lt;ThirdPartyTools&gt;&lt;/ThirdPartyTools&gt;&lt;MitigationControl&gt;&lt;/MitigationControl&gt;&lt;Responsibility&gt;&lt;/Responsibility&gt;&lt;IAControls&gt;&lt;/IAControls&gt;</description><reference><dc:title>DPMS Target VMware vSphere 6.7 UI Tomcat</dc:title><dc:publisher>DISA</dc:publisher><dc:type>DPMS Target</dc:type><dc:subject>VMware vSphere 6.7 UI Tomcat</dc:subject><dc:identifier>5334</dc:identifier></reference><ident system="http://cyber.mil/cci">CCI-000381</ident><fixtext fixref="F-42885r679184_fix">Navigate to and open /usr/lib/vmware-vsphere-ui/server/conf/web.xml.

Navigate to and locate the mapping for the JSP servlet. It is the &lt;servlet-mapping&gt; node that contains &lt;servlet-name&gt;jsp&lt;/servlet-name&gt;.

Configure the &lt;servlet-mapping&gt; node to look like the code snippet below:

    &lt;!-- The mappings for the JSP servlet --&gt;
    &lt;servlet-mapping&gt;
        &lt;servlet-name&gt;jsp&lt;/servlet-name&gt;
        &lt;url-pattern&gt;*.jsp&lt;/url-pattern&gt;
        &lt;url-pattern&gt;*.jspx&lt;/url-pattern&gt;
    &lt;/servlet-mapping&gt;</fixtext><fix id="F-42885r679184_fix" /><check system="C-42926r679183_chk"><check-content-ref href="VMware_vSphere_6.7_UI_Tomcat_STIG.xml" name="M" /><check-content>At the command prompt, execute the following command: 

# xmllint --format /usr/lib/vmware-vsphere-ui/server/conf/web.xml | sed 's/xmlns=".*"//g' | xmllint --xpath '/web-app/servlet-mapping/servlet-name[text()="jsp"]/parent::servlet-mapping' -

Expected result:

&lt;servlet-mapping&gt;
    &lt;servlet-name&gt;jsp&lt;/servlet-name&gt;
    &lt;url-pattern&gt;*.jsp&lt;/url-pattern&gt;
    &lt;url-pattern&gt;*.jspx&lt;/url-pattern&gt;
&lt;/servlet-mapping&gt;

If the jsp and jspx file url-patterns are not configured as in the expected result, this is a finding.</check-content></check></Rule></Group><Group id="V-239694"><title>SRG-APP-000141-WSR-000085</title><description>&lt;GroupDescription&gt;&lt;/GroupDescription&gt;</description><Rule id="SV-239694r679188_rule" weight="10.0" severity="medium"><version>VCUI-67-000013</version><title>vSphere UI must not have the Web Distributed Authoring (WebDAV) servlet installed.</title><description>&lt;VulnDiscussion&gt;WebDAV is an extension to the HTTP protocol that, when developed, was meant to allow users to create, change, and move documents on a server, typically a web server or web share. WebDAV is not widely used and has serious security concerns because it may allow clients to modify unauthorized files on the web server and must therefore be disabled.

Tomcat uses the "org.apache.catalina.servlets.WebdavServlet" servlet to provide WebDAV services. Because the WebDAV service has been found to have an excessive number of vulnerabilities, this servlet must not be installed. vSphere UI does not configure WebDAV by default.&lt;/VulnDiscussion&gt;&lt;FalsePositives&gt;&lt;/FalsePositives&gt;&lt;FalseNegatives&gt;&lt;/FalseNegatives&gt;&lt;Documentable&gt;false&lt;/Documentable&gt;&lt;Mitigations&gt;&lt;/Mitigations&gt;&lt;SeverityOverrideGuidance&gt;&lt;/SeverityOverrideGuidance&gt;&lt;PotentialImpacts&gt;&lt;/PotentialImpacts&gt;&lt;ThirdPartyTools&gt;&lt;/ThirdPartyTools&gt;&lt;MitigationControl&gt;&lt;/MitigationControl&gt;&lt;Responsibility&gt;&lt;/Responsibility&gt;&lt;IAControls&gt;&lt;/IAControls&gt;</description><reference><dc:title>DPMS Target VMware vSphere 6.7 UI Tomcat</dc:title><dc:publisher>DISA</dc:publisher><dc:type>DPMS Target</dc:type><dc:subject>VMware vSphere 6.7 UI Tomcat</dc:subject><dc:identifier>5334</dc:identifier></reference><ident system="http://cyber.mil/cci">CCI-000381</ident><fixtext fixref="F-42886r679187_fix">Navigate to and open /usr/lib/vmware-vsphere-ui/server/conf/web.xml.

Find the &lt;servlet-name&gt;webdav&lt;/servlet-name&gt; node and remove the entire parent &lt;servlet&gt; block.

Find the &lt;servlet-name&gt;webdav&lt;/servlet-name&gt; node and remove the entire parent &lt;servlet-mapping&gt; block.</fixtext><fix id="F-42886r679187_fix" /><check system="C-42927r679186_chk"><check-content-ref href="VMware_vSphere_6.7_UI_Tomcat_STIG.xml" name="M" /><check-content>At the command prompt, execute the following command: 

# grep -n 'webdav' /usr/lib/vmware-vsphere-ui/server/conf/web.xml

If the command produces any output, this is a finding.</check-content></check></Rule></Group><Group id="V-239695"><title>SRG-APP-000141-WSR-000086</title><description>&lt;GroupDescription&gt;&lt;/GroupDescription&gt;</description><Rule id="SV-239695r679191_rule" weight="10.0" severity="medium"><version>VCUI-67-000014</version><title>vSphere UI must be configured with memory leak protection.</title><description>&lt;VulnDiscussion&gt;The Java Runtime environment can cause a memory leak or lock files under certain conditions. Without memory leak protection, vSphere UI can continue to consume system resources, which will lead to "OutOfMemoryErrors" when reloading web applications.

Memory leaks occur when JRE code uses the context class loader to load a singleton, as this will cause a memory leak if a web application class loader happens to be the context class loader at the time. The "JreMemoryLeakPreventionListener" class is designed to initialize these singletons when Tomcat's common class loader is the context class loader. Proper use of JRE memory leak protection will ensure that the hosted application does not consume system resources and cause an unstable environment.&lt;/VulnDiscussion&gt;&lt;FalsePositives&gt;&lt;/FalsePositives&gt;&lt;FalseNegatives&gt;&lt;/FalseNegatives&gt;&lt;Documentable&gt;false&lt;/Documentable&gt;&lt;Mitigations&gt;&lt;/Mitigations&gt;&lt;SeverityOverrideGuidance&gt;&lt;/SeverityOverrideGuidance&gt;&lt;PotentialImpacts&gt;&lt;/PotentialImpacts&gt;&lt;ThirdPartyTools&gt;&lt;/ThirdPartyTools&gt;&lt;MitigationControl&gt;&lt;/MitigationControl&gt;&lt;Responsibility&gt;&lt;/Responsibility&gt;&lt;IAControls&gt;&lt;/IAControls&gt;</description><reference><dc:title>DPMS Target VMware vSphere 6.7 UI Tomcat</dc:title><dc:publisher>DISA</dc:publisher><dc:type>DPMS Target</dc:type><dc:subject>VMware vSphere 6.7 UI Tomcat</dc:subject><dc:identifier>5334</dc:identifier></reference><ident system="http://cyber.mil/cci">CCI-000381</ident><fixtext fixref="F-42887r679190_fix">Navigate to and open /usr/lib/vmware-vsphere-ui/server/conf/server.xml.

Navigate to the &lt;Server&gt; node.

Add '&lt;Listener className="org.apache.catalina.core.JreMemoryLeakPreventionListener"/&gt;' to the &lt;Server&gt; node.</fixtext><fix id="F-42887r679190_fix" /><check system="C-42928r679189_chk"><check-content-ref href="VMware_vSphere_6.7_UI_Tomcat_STIG.xml" name="M" /><check-content>At the command prompt, execute the following command: 

# grep JreMemoryLeakPreventionListener /usr/lib/vmware-vsphere-ui/server/conf/server.xml

Expected result:

&lt;Listener className="org.apache.catalina.core.JreMemoryLeakPreventionListener"/&gt;

If the output of the command does not match the expected result, this is a finding.</check-content></check></Rule></Group><Group id="V-239696"><title>SRG-APP-000141-WSR-000087</title><description>&lt;GroupDescription&gt;&lt;/GroupDescription&gt;</description><Rule id="SV-239696r679194_rule" weight="10.0" severity="medium"><version>VCUI-67-000015</version><title>vSphere UI must not have any symbolic links in the web content directory tree.</title><description>&lt;VulnDiscussion&gt;A web server is designed to deliver content and execute scripts or applications on the request of a client or user. Containing user requests to files in the directory tree of the hosted web application and limiting the execution of scripts and applications guarantees that the user is not accessing information protected outside the application's realm. By checking that no symbolic links exist in the document root, the web server is protected from users jumping outside the hosted application directory tree and gaining access to the other directories, including the system root.&lt;/VulnDiscussion&gt;&lt;FalsePositives&gt;&lt;/FalsePositives&gt;&lt;FalseNegatives&gt;&lt;/FalseNegatives&gt;&lt;Documentable&gt;false&lt;/Documentable&gt;&lt;Mitigations&gt;&lt;/Mitigations&gt;&lt;SeverityOverrideGuidance&gt;&lt;/SeverityOverrideGuidance&gt;&lt;PotentialImpacts&gt;&lt;/PotentialImpacts&gt;&lt;ThirdPartyTools&gt;&lt;/ThirdPartyTools&gt;&lt;MitigationControl&gt;&lt;/MitigationControl&gt;&lt;Responsibility&gt;&lt;/Responsibility&gt;&lt;IAControls&gt;&lt;/IAControls&gt;</description><reference><dc:title>DPMS Target VMware vSphere 6.7 UI Tomcat</dc:title><dc:publisher>DISA</dc:publisher><dc:type>DPMS Target</dc:type><dc:subject>VMware vSphere 6.7 UI Tomcat</dc:subject><dc:identifier>5334</dc:identifier></reference><ident system="http://cyber.mil/cci">CCI-000381</ident><fixtext fixref="F-42888r679193_fix">At the command prompt, execute the following commands:

Note: Replace &lt;file_name&gt; for the name of any files that were returned.

unlink &lt;file_name&gt;

Repeat the commands for each file that was returned.</fixtext><fix id="F-42888r679193_fix" /><check system="C-42929r679192_chk"><check-content-ref href="VMware_vSphere_6.7_UI_Tomcat_STIG.xml" name="M" /><check-content>At the command prompt, execute the following command:

# find /usr/lib/vmware-vsphere-ui/server/static/ -type l -ls

If the command produces any output, this is a finding.</check-content></check></Rule></Group><Group id="V-239697"><title>SRG-APP-000211-WSR-000030</title><description>&lt;GroupDescription&gt;&lt;/GroupDescription&gt;</description><Rule id="SV-239697r679197_rule" weight="10.0" severity="medium"><version>VCUI-67-000016</version><title>vSphere UI directory tree must have permissions in an "out-of-the-box" state.</title><description>&lt;VulnDiscussion&gt;As a rule, accounts on a web server are to be kept to a minimum. Only administrators, web managers, developers, auditors, and web authors require accounts on the machine hosting the web server. The resources to which these accounts have access must also be closely monitored and controlled. The vSphere UI files must be adequately protected with correct permissions as applied out of the box.

Satisfies: SRG-APP-000211-WSR-000030, SRG-APP-000380-WSR-000072&lt;/VulnDiscussion&gt;&lt;FalsePositives&gt;&lt;/FalsePositives&gt;&lt;FalseNegatives&gt;&lt;/FalseNegatives&gt;&lt;Documentable&gt;false&lt;/Documentable&gt;&lt;Mitigations&gt;&lt;/Mitigations&gt;&lt;SeverityOverrideGuidance&gt;&lt;/SeverityOverrideGuidance&gt;&lt;PotentialImpacts&gt;&lt;/PotentialImpacts&gt;&lt;ThirdPartyTools&gt;&lt;/ThirdPartyTools&gt;&lt;MitigationControl&gt;&lt;/MitigationControl&gt;&lt;Responsibility&gt;&lt;/Responsibility&gt;&lt;IAControls&gt;&lt;/IAControls&gt;</description><reference><dc:title>DPMS Target VMware vSphere 6.7 UI Tomcat</dc:title><dc:publisher>DISA</dc:publisher><dc:type>DPMS Target</dc:type><dc:subject>VMware vSphere 6.7 UI Tomcat</dc:subject><dc:identifier>5334</dc:identifier></reference><ident system="http://cyber.mil/cci">CCI-001082</ident><ident system="http://cyber.mil/cci">CCI-001813</ident><fixtext fixref="F-42889r679196_fix">At the command prompt, execute the following command:

# chmod o-w &lt;file&gt;
# chown vsphere-ui:root &lt;file&gt;

Repeat the command for each file that was returned.</fixtext><fix id="F-42889r679196_fix" /><check system="C-42930r679195_chk"><check-content-ref href="VMware_vSphere_6.7_UI_Tomcat_STIG.xml" name="M" /><check-content>At the command prompt, execute the following command:

# find /usr/lib/vmware-vsphere-ui/server/lib /usr/lib/vmware-vsphere-ui/server/conf -xdev -type f -a '(' -perm -o+w -o -not -user vsphere-ui -o -not -group root ')' -exec ls -ld {} \;

If the command produces any output, this is a finding.</check-content></check></Rule></Group><Group id="V-239698"><title>SRG-APP-000225-WSR-000140</title><description>&lt;GroupDescription&gt;&lt;/GroupDescription&gt;</description><Rule id="SV-239698r679200_rule" weight="10.0" severity="medium"><version>VCUI-67-000017</version><title>vSphere UI must fail to a known safe state if system initialization fails, shutdown fails, or aborts fail.</title><description>&lt;VulnDiscussion&gt;Determining a safe state for failure and weighing that against a potential denial of service for users depends on what type of application the web server is hosting. For the Security Token Service, it is preferable that the service abort startup on any initialization failure rather than continuing in a degraded and potentially insecure state.&lt;/VulnDiscussion&gt;&lt;FalsePositives&gt;&lt;/FalsePositives&gt;&lt;FalseNegatives&gt;&lt;/FalseNegatives&gt;&lt;Documentable&gt;false&lt;/Documentable&gt;&lt;Mitigations&gt;&lt;/Mitigations&gt;&lt;SeverityOverrideGuidance&gt;&lt;/SeverityOverrideGuidance&gt;&lt;PotentialImpacts&gt;&lt;/PotentialImpacts&gt;&lt;ThirdPartyTools&gt;&lt;/ThirdPartyTools&gt;&lt;MitigationControl&gt;&lt;/MitigationControl&gt;&lt;Responsibility&gt;&lt;/Responsibility&gt;&lt;IAControls&gt;&lt;/IAControls&gt;</description><reference><dc:title>DPMS Target VMware vSphere 6.7 UI Tomcat</dc:title><dc:publisher>DISA</dc:publisher><dc:type>DPMS Target</dc:type><dc:subject>VMware vSphere 6.7 UI Tomcat</dc:subject><dc:identifier>5334</dc:identifier></reference><ident system="http://cyber.mil/cci">CCI-001190</ident><fixtext fixref="F-42890r679199_fix">Navigate to and open /etc/vmware-eam/catalina.properties.

Add or change the following line:

org.apache.catalina.startup.EXIT_ON_INIT_FAILURE=true</fixtext><fix id="F-42890r679199_fix" /><check system="C-42931r679198_chk"><check-content-ref href="VMware_vSphere_6.7_UI_Tomcat_STIG.xml" name="M" /><check-content>At the command line, execute the following command:

# grep EXIT_ON_INIT_FAILURE /usr/lib/vmware-vsphere-ui/server/conf/catalina.properties

Expected result:

org.apache.catalina.startup.EXIT_ON_INIT_FAILURE=true

If the output of the command does not match the expected result, this is a finding.</check-content></check></Rule></Group><Group id="V-239699"><title>SRG-APP-000246-WSR-000149</title><description>&lt;GroupDescription&gt;&lt;/GroupDescription&gt;</description><Rule id="SV-239699r679203_rule" weight="10.0" severity="medium"><version>VCUI-67-000018</version><title>vSphere UI must limit the number of allowed connections.</title><description>&lt;VulnDiscussion&gt;Limiting the number of established connections is a basic denial-of-service protection and a best practice. Servers where the limit is too high or unlimited can potentially run out of system resources and negatively affect system availability.&lt;/VulnDiscussion&gt;&lt;FalsePositives&gt;&lt;/FalsePositives&gt;&lt;FalseNegatives&gt;&lt;/FalseNegatives&gt;&lt;Documentable&gt;false&lt;/Documentable&gt;&lt;Mitigations&gt;&lt;/Mitigations&gt;&lt;SeverityOverrideGuidance&gt;&lt;/SeverityOverrideGuidance&gt;&lt;PotentialImpacts&gt;&lt;/PotentialImpacts&gt;&lt;ThirdPartyTools&gt;&lt;/ThirdPartyTools&gt;&lt;MitigationControl&gt;&lt;/MitigationControl&gt;&lt;Responsibility&gt;&lt;/Responsibility&gt;&lt;IAControls&gt;&lt;/IAControls&gt;</description><reference><dc:title>DPMS Target VMware vSphere 6.7 UI Tomcat</dc:title><dc:publisher>DISA</dc:publisher><dc:type>DPMS Target</dc:type><dc:subject>VMware vSphere 6.7 UI Tomcat</dc:subject><dc:identifier>5334</dc:identifier></reference><ident system="http://cyber.mil/cci">CCI-001094</ident><fixtext fixref="F-42891r679202_fix">Navigate to and open /usr/lib/vmware-vsphere-ui/server/conf/server.xml.

Navigate to the &lt;Connector&gt; configured with port="${http.port}". 

Add or change the following value:

acceptCount="300"</fixtext><fix id="F-42891r679202_fix" /><check system="C-42932r679201_chk"><check-content-ref href="VMware_vSphere_6.7_UI_Tomcat_STIG.xml" name="M" /><check-content>At the command prompt, execute the following command:

# xmllint --format /usr/lib/vmware-vsphere-ui/server/conf/server.xml | sed '2 s/xmlns=".*"//g' |  xmllint --xpath '/Server/Service/Connector[@port="${http.port}"]/@acceptCount' -

Expected result:

acceptCount="300"

If the output does not match the expected result, this is a finding.</check-content></check></Rule></Group><Group id="V-239700"><title>SRG-APP-000251-WSR-000157</title><description>&lt;GroupDescription&gt;&lt;/GroupDescription&gt;</description><Rule id="SV-239700r679206_rule" weight="10.0" severity="medium"><version>VCUI-67-000019</version><title>vSphere UI must set URIEncoding to UTF-8.</title><description>&lt;VulnDiscussion&gt;Invalid user input occurs when a user inserts data or characters into a hosted application's data entry field and the hosted application is unprepared to process that data. This results in unanticipated application behavior, potentially leading to an application compromise. Invalid user input is one of the primary methods employed when attempting to compromise an application. 

An attacker can also enter Unicode characters into hosted applications in an effort to break out of the document home or root home directory or to bypass security checks. vSphere UI must be configured to use a consistent character set via the URIEncoding attribute on the Connector nodes.&lt;/VulnDiscussion&gt;&lt;FalsePositives&gt;&lt;/FalsePositives&gt;&lt;FalseNegatives&gt;&lt;/FalseNegatives&gt;&lt;Documentable&gt;false&lt;/Documentable&gt;&lt;Mitigations&gt;&lt;/Mitigations&gt;&lt;SeverityOverrideGuidance&gt;&lt;/SeverityOverrideGuidance&gt;&lt;PotentialImpacts&gt;&lt;/PotentialImpacts&gt;&lt;ThirdPartyTools&gt;&lt;/ThirdPartyTools&gt;&lt;MitigationControl&gt;&lt;/MitigationControl&gt;&lt;Responsibility&gt;&lt;/Responsibility&gt;&lt;IAControls&gt;&lt;/IAControls&gt;</description><reference><dc:title>DPMS Target VMware vSphere 6.7 UI Tomcat</dc:title><dc:publisher>DISA</dc:publisher><dc:type>DPMS Target</dc:type><dc:subject>VMware vSphere 6.7 UI Tomcat</dc:subject><dc:identifier>5334</dc:identifier></reference><ident system="http://cyber.mil/cci">CCI-001310</ident><fixtext fixref="F-42892r679205_fix">Navigate to and open /usr/lib/vmware-vsphere-ui/server/conf/server.xml.

Navigate to each of the &lt;Connector&gt; nodes.

Configure each &lt;Connector&gt; node with the value 'URIEncoding="UTF-8"'.</fixtext><fix id="F-42892r679205_fix" /><check system="C-42933r679204_chk"><check-content-ref href="VMware_vSphere_6.7_UI_Tomcat_STIG.xml" name="M" /><check-content>At the command prompt, execute the following command:

# xmllint --format /usr/lib/vmware-vsphere-ui/server/conf/server.xml | sed '2 s/xmlns=".*"//g' |  xmllint --xpath '/Server/Service/Connector[@port="${http.port}"]/@URIEncoding' -

Expected result:

URIEncoding="UTF-8"

If the output does not match the expected result, this is a finding.</check-content></check></Rule></Group><Group id="V-239701"><title>SRG-APP-000266-WSR-000142</title><description>&lt;GroupDescription&gt;&lt;/GroupDescription&gt;</description><Rule id="SV-239701r679209_rule" weight="10.0" severity="medium"><version>VCUI-67-000020</version><title>vSphere UI must set the welcome-file node to a default web page.</title><description>&lt;VulnDiscussion&gt;Enumeration techniques, such as URL parameter manipulation, rely on being able to obtain information about the web server's directory structure by locating directories without default pages. In this scenario, the web server will display to the user a listing of the files in the directory being accessed. 

By having a default hosted application web page, the anonymous web user will not obtain directory browsing information or an error message that reveals the server type and version. Ensuring that every document directory has an "index.jsp" (or equivalent) file is one approach to mitigating the vulnerability.&lt;/VulnDiscussion&gt;&lt;FalsePositives&gt;&lt;/FalsePositives&gt;&lt;FalseNegatives&gt;&lt;/FalseNegatives&gt;&lt;Documentable&gt;false&lt;/Documentable&gt;&lt;Mitigations&gt;&lt;/Mitigations&gt;&lt;SeverityOverrideGuidance&gt;&lt;/SeverityOverrideGuidance&gt;&lt;PotentialImpacts&gt;&lt;/PotentialImpacts&gt;&lt;ThirdPartyTools&gt;&lt;/ThirdPartyTools&gt;&lt;MitigationControl&gt;&lt;/MitigationControl&gt;&lt;Responsibility&gt;&lt;/Responsibility&gt;&lt;IAControls&gt;&lt;/IAControls&gt;</description><reference><dc:title>DPMS Target VMware vSphere 6.7 UI Tomcat</dc:title><dc:publisher>DISA</dc:publisher><dc:type>DPMS Target</dc:type><dc:subject>VMware vSphere 6.7 UI Tomcat</dc:subject><dc:identifier>5334</dc:identifier></reference><ident system="http://cyber.mil/cci">CCI-001312</ident><fixtext fixref="F-42893r679208_fix">Navigate to and open /usr/lib/vmware-vsphere-ui/server/conf/web.xml.

Add the following section under the &lt;web-apps&gt; node:

    &lt;welcome-file-list&gt;
        &lt;welcome-file&gt;index.html&lt;/welcome-file&gt;
        &lt;welcome-file&gt;index.htm&lt;/welcome-file&gt;
        &lt;welcome-file&gt;index.jsp&lt;/welcome-file&gt;
    &lt;/welcome-file-list&gt;</fixtext><fix id="F-42893r679208_fix" /><check system="C-42934r679207_chk"><check-content-ref href="VMware_vSphere_6.7_UI_Tomcat_STIG.xml" name="M" /><check-content>At the command prompt, execute the following command:
 
# xmllint --format /usr/lib/vmware-vsphere-ui/server/conf/web.xml | sed 's/xmlns=".*"//g' | xmllint --xpath '/web-app/welcome-file-list' -

Expected result:

&lt;welcome-file-list&gt;

    &lt;welcome-file&gt;index.html&lt;/welcome-file&gt;

    &lt;welcome-file&gt;index.htm&lt;/welcome-file&gt;

    &lt;welcome-file&gt;index.jsp&lt;/welcome-file&gt;

  &lt;/welcome-file-list&gt;

If the output of the command does not match the expected result, this is a finding.</check-content></check></Rule></Group><Group id="V-239702"><title>SRG-APP-000266-WSR-000142</title><description>&lt;GroupDescription&gt;&lt;/GroupDescription&gt;</description><Rule id="SV-239702r679212_rule" weight="10.0" severity="medium"><version>VCUI-67-000021</version><title>The vSphere UI must not show directory listings.</title><description>&lt;VulnDiscussion&gt;Enumeration techniques, such as URL parameter manipulation, rely on being able to obtain information about the web server's directory structure by locating directories without default pages. In this scenario, the web server will display to the user a listing of the files in the directory being accessed. Ensuring that directory listing is disabled is one approach to mitigating the vulnerability.&lt;/VulnDiscussion&gt;&lt;FalsePositives&gt;&lt;/FalsePositives&gt;&lt;FalseNegatives&gt;&lt;/FalseNegatives&gt;&lt;Documentable&gt;false&lt;/Documentable&gt;&lt;Mitigations&gt;&lt;/Mitigations&gt;&lt;SeverityOverrideGuidance&gt;&lt;/SeverityOverrideGuidance&gt;&lt;PotentialImpacts&gt;&lt;/PotentialImpacts&gt;&lt;ThirdPartyTools&gt;&lt;/ThirdPartyTools&gt;&lt;MitigationControl&gt;&lt;/MitigationControl&gt;&lt;Responsibility&gt;&lt;/Responsibility&gt;&lt;IAControls&gt;&lt;/IAControls&gt;</description><reference><dc:title>DPMS Target VMware vSphere 6.7 UI Tomcat</dc:title><dc:publisher>DISA</dc:publisher><dc:type>DPMS Target</dc:type><dc:subject>VMware vSphere 6.7 UI Tomcat</dc:subject><dc:identifier>5334</dc:identifier></reference><ident system="http://cyber.mil/cci">CCI-001312</ident><fixtext fixref="F-42894r679211_fix">Navigate to and open /usr/lib/vmware-vsphere-ui/server/conf/web.xml.

Set the &lt;param-value&gt; to "false" in all &lt;param-name&gt;listing&lt;/param-name&gt; nodes.

Note: The setting should look like the following:

&lt;init-param&gt;
      &lt;param-name&gt;listings&lt;/param-name&gt;
      &lt;param-value&gt;false&lt;/param-value&gt;
&lt;/init-param&gt;</fixtext><fix id="F-42894r679211_fix" /><check system="C-42935r679210_chk"><check-content-ref href="VMware_vSphere_6.7_UI_Tomcat_STIG.xml" name="M" /><check-content>At the command prompt, execute the following command:

# xmllint --format /usr/lib/vmware-vsphere-ui/server/conf/web.xml | sed 's/xmlns=".*"//g' | xmllint --xpath '//param-name[text()="listings"]/parent::init-param' -

Expected result:

&lt;init-param&gt;
      &lt;param-name&gt;listings&lt;/param-name&gt;
      &lt;param-value&gt;false&lt;/param-value&gt;
&lt;/init-param&gt;

If the output of the command does not match the expected result, this is a finding.</check-content></check></Rule></Group><Group id="V-239703"><title>SRG-APP-000266-WSR-000159</title><description>&lt;GroupDescription&gt;&lt;/GroupDescription&gt;</description><Rule id="SV-239703r679215_rule" weight="10.0" severity="medium"><version>VCUI-67-000022</version><title>vSphere UI must be configured to hide the server version.</title><description>&lt;VulnDiscussion&gt;Web servers will often display error messages to client users with enough information to aid in the debugging of the error. The information given back in error messages may display the web server type, version, patches installed, plug-ins and modules installed, type of code being used by the hosted application, and any backends being used for data storage. This information could be used by an attacker to blueprint what type of attacks might be successful. Therefore, vSphere UI must be configured to hide the server version at all times.&lt;/VulnDiscussion&gt;&lt;FalsePositives&gt;&lt;/FalsePositives&gt;&lt;FalseNegatives&gt;&lt;/FalseNegatives&gt;&lt;Documentable&gt;false&lt;/Documentable&gt;&lt;Mitigations&gt;&lt;/Mitigations&gt;&lt;SeverityOverrideGuidance&gt;&lt;/SeverityOverrideGuidance&gt;&lt;PotentialImpacts&gt;&lt;/PotentialImpacts&gt;&lt;ThirdPartyTools&gt;&lt;/ThirdPartyTools&gt;&lt;MitigationControl&gt;&lt;/MitigationControl&gt;&lt;Responsibility&gt;&lt;/Responsibility&gt;&lt;IAControls&gt;&lt;/IAControls&gt;</description><reference><dc:title>DPMS Target VMware vSphere 6.7 UI Tomcat</dc:title><dc:publisher>DISA</dc:publisher><dc:type>DPMS Target</dc:type><dc:subject>VMware vSphere 6.7 UI Tomcat</dc:subject><dc:identifier>5334</dc:identifier></reference><ident system="http://cyber.mil/cci">CCI-001312</ident><fixtext fixref="F-42895r679214_fix">Navigate to and open /usr/lib/vmware-vsphere-ui/server/conf/server.xml.

Navigate to each of the &lt;Connector&gt; nodes.

Configure each &lt;Connector&gt; node with 'server="Anonymous"'.</fixtext><fix id="F-42895r679214_fix" /><check system="C-42936r679213_chk"><check-content-ref href="VMware_vSphere_6.7_UI_Tomcat_STIG.xml" name="M" /><check-content>At the command prompt, execute the following command:

# xmllint --format /usr/lib/vmware-vsphere-ui/server/conf/server.xml | sed '2 s/xmlns=".*"//g' |  xmllint --xpath '/Server/Service/Connector[@port="${http.port}"]/@server' -

Expected result:

server="Anonymous"

If the output does not match the expected result, this is a finding.</check-content></check></Rule></Group><Group id="V-239704"><title>SRG-APP-000266-WSR-000159</title><description>&lt;GroupDescription&gt;&lt;/GroupDescription&gt;</description><Rule id="SV-239704r679218_rule" weight="10.0" severity="medium"><version>VCUI-67-000023</version><title>vSphere UI must be configured to show error pages with minimal information.</title><description>&lt;VulnDiscussion&gt;Web servers will often display error messages to client users with enough information to aid in the debugging of the error. The information given back in error messages may display the web server type, version, patches installed, plug-ins and modules installed, type of code being used by the hosted application, and any backends being used for data storage. This information could be used by an attacker to blueprint what type of attacks might be successful. Therefore, vSphere UI must be configured to not show server version information in error pages.&lt;/VulnDiscussion&gt;&lt;FalsePositives&gt;&lt;/FalsePositives&gt;&lt;FalseNegatives&gt;&lt;/FalseNegatives&gt;&lt;Documentable&gt;false&lt;/Documentable&gt;&lt;Mitigations&gt;&lt;/Mitigations&gt;&lt;SeverityOverrideGuidance&gt;&lt;/SeverityOverrideGuidance&gt;&lt;PotentialImpacts&gt;&lt;/PotentialImpacts&gt;&lt;ThirdPartyTools&gt;&lt;/ThirdPartyTools&gt;&lt;MitigationControl&gt;&lt;/MitigationControl&gt;&lt;Responsibility&gt;&lt;/Responsibility&gt;&lt;IAControls&gt;&lt;/IAControls&gt;</description><reference><dc:title>DPMS Target VMware vSphere 6.7 UI Tomcat</dc:title><dc:publisher>DISA</dc:publisher><dc:type>DPMS Target</dc:type><dc:subject>VMware vSphere 6.7 UI Tomcat</dc:subject><dc:identifier>5334</dc:identifier></reference><ident system="http://cyber.mil/cci">CCI-001312</ident><fixtext fixref="F-42896r679217_fix">Navigate to and open /usr/lib/vmware-vsphere-ui/server/conf/server.xml. 

Locate the following Host block:

&lt;Host name="localhost"" ...&gt;
...
&lt;/Host&gt;

Inside this block, add the following on a new line:

&lt;Valve className="org.apache.catalina.valves.ErrorReportValve" showServerInfo="false"/&gt;</fixtext><fix id="F-42896r679217_fix" /><check system="C-42937r679216_chk"><check-content-ref href="VMware_vSphere_6.7_UI_Tomcat_STIG.xml" name="M" /><check-content>At the command prompt, execute the following command:

# xmllint --format /usr/lib/vmware-vsphere-ui/server/conf/server.xml | xmllint --xpath '/Server/Service/Engine/Host/Valve[@className="org.apache.catalina.valves.ErrorReportValve"]' -

Expected result:

&lt;Valve className="org.apache.catalina.valves.ErrorReportValve" showServerInfo="false"/&gt;

If the output of the command does not match the expected result, this is a finding.</check-content></check></Rule></Group><Group id="V-239705"><title>SRG-APP-000266-WSR-000160</title><description>&lt;GroupDescription&gt;&lt;/GroupDescription&gt;</description><Rule id="SV-239705r679221_rule" weight="10.0" severity="medium"><version>VCUI-67-000024</version><title>vSphere UI must not enable support for TRACE requests.</title><description>&lt;VulnDiscussion&gt;"Trace" is a technique for a user to request internal information about Tomcat. This is useful during product development but should not be enabled in production. Allowing an attacker to conduct a Trace operation against the Security Token Service will expose information that would be useful to perform a more targeted attack. vSphere UI provides the "allowTrace" parameter as a means to disable responding to Trace requests.&lt;/VulnDiscussion&gt;&lt;FalsePositives&gt;&lt;/FalsePositives&gt;&lt;FalseNegatives&gt;&lt;/FalseNegatives&gt;&lt;Documentable&gt;false&lt;/Documentable&gt;&lt;Mitigations&gt;&lt;/Mitigations&gt;&lt;SeverityOverrideGuidance&gt;&lt;/SeverityOverrideGuidance&gt;&lt;PotentialImpacts&gt;&lt;/PotentialImpacts&gt;&lt;ThirdPartyTools&gt;&lt;/ThirdPartyTools&gt;&lt;MitigationControl&gt;&lt;/MitigationControl&gt;&lt;Responsibility&gt;&lt;/Responsibility&gt;&lt;IAControls&gt;&lt;/IAControls&gt;</description><reference><dc:title>DPMS Target VMware vSphere 6.7 UI Tomcat</dc:title><dc:publisher>DISA</dc:publisher><dc:type>DPMS Target</dc:type><dc:subject>VMware vSphere 6.7 UI Tomcat</dc:subject><dc:identifier>5334</dc:identifier></reference><ident system="http://cyber.mil/cci">CCI-001312</ident><fixtext fixref="F-42897r679220_fix">Navigate to and open /usr/lib/vmware-vsphere-ui/server/conf/server.xml.

Navigate to and locate:

'allowTrace="true"'

Remove the 'allowTrace="true"' setting.</fixtext><fix id="F-42897r679220_fix" /><check system="C-42938r679219_chk"><check-content-ref href="VMware_vSphere_6.7_UI_Tomcat_STIG.xml" name="M" /><check-content>At the command prompt, execute the following command:

# grep allowTrace /usr/lib/vmware-vsphere-ui/server/conf/server.xml

If "allowTrace" is set to "true", this is a finding. 

If no line is returned, this is NOT a finding.</check-content></check></Rule></Group><Group id="V-239706"><title>SRG-APP-000266-WSR-000160</title><description>&lt;GroupDescription&gt;&lt;/GroupDescription&gt;</description><Rule id="SV-239706r816777_rule" weight="10.0" severity="medium"><version>VCUI-67-000025</version><title>vSphere UI must have the debug option turned off.</title><description>&lt;VulnDiscussion&gt;Information needed by an attacker to begin looking for possible vulnerabilities in a web server includes any information about the web server and plug-ins or modules being used. When debugging or trace information is enabled in a production web server, information about the web server, such as web server type, version, patches installed, plug-ins and modules installed, type of code being used by the hosted application, and any backends being used for data storage, may be displayed. Since this information may be placed in logs and general messages during normal operation of the web server, an attacker does not need to cause an error condition to gain this information.

vSphere UI can be configured to set the debugging level. By setting the debugging level to zero, no debugging information will be provided to a malicious user.&lt;/VulnDiscussion&gt;&lt;FalsePositives&gt;&lt;/FalsePositives&gt;&lt;FalseNegatives&gt;&lt;/FalseNegatives&gt;&lt;Documentable&gt;false&lt;/Documentable&gt;&lt;Mitigations&gt;&lt;/Mitigations&gt;&lt;SeverityOverrideGuidance&gt;&lt;/SeverityOverrideGuidance&gt;&lt;PotentialImpacts&gt;&lt;/PotentialImpacts&gt;&lt;ThirdPartyTools&gt;&lt;/ThirdPartyTools&gt;&lt;MitigationControl&gt;&lt;/MitigationControl&gt;&lt;Responsibility&gt;&lt;/Responsibility&gt;&lt;IAControls&gt;&lt;/IAControls&gt;</description><reference><dc:title>DPMS Target VMware vSphere 6.7 UI Tomcat</dc:title><dc:publisher>DISA</dc:publisher><dc:type>DPMS Target</dc:type><dc:subject>VMware vSphere 6.7 UI Tomcat</dc:subject><dc:identifier>5334</dc:identifier></reference><ident system="http://cyber.mil/cci">CCI-001312</ident><fixtext fixref="F-42898r816776_fix">Navigate to and open /usr/lib/vmware-vsphere-ui/server/conf/web.xml.

Navigate to all &lt;debug&gt; nodes that are not set to "0".

Set the &lt;param-value&gt; to "0" in all &lt;param-name&gt;debug&lt;/param-name&gt; nodes.

Note: The debug setting should look like the following:

&lt;init-param&gt;
    &lt;param-name&gt;debug&lt;/param-name&gt;
    &lt;param-value&gt;0&lt;/param-value&gt;
&lt;/init-param&gt;</fixtext><fix id="F-42898r816776_fix" /><check system="C-42939r816775_chk"><check-content-ref href="VMware_vSphere_6.7_UI_Tomcat_STIG.xml" name="M" /><check-content>At the command prompt, execute the following command:

# xmllint --format /usr/lib/vmware-vsphere-ui/server/conf/web.xml | sed 's/xmlns=".*"//g' | xmllint --xpath '//param-name[text()="debug"]/parent::init-param' -

Expected result:

&lt;init-param&gt;
      &lt;param-name&gt;debug&lt;/param-name&gt;
      &lt;param-value&gt;0&lt;/param-value&gt;
&lt;/init-param&gt;

If no lines are returned, this is not a finding.

If the output of the command does not match the expected result, this is a finding.</check-content></check></Rule></Group><Group id="V-239707"><title>SRG-APP-000357-WSR-000150</title><description>&lt;GroupDescription&gt;&lt;/GroupDescription&gt;</description><Rule id="SV-239707r679227_rule" weight="10.0" severity="medium"><version>VCUI-67-000026</version><title>vSphere UI must use a logging mechanism that is configured to allocate log record storage capacity large enough to accommodate the logging requirements of the web server.</title><description>&lt;VulnDiscussion&gt;To ensure that the logging mechanism used by the web server has sufficient storage capacity in which to write the logs, the logging mechanism needs to be able to allocate log record storage capacity. vSphere UI configures log sizes and rotation appropriately as part of its installation routine. Verifying that the logging configuration file (serviceability.xml) has not been modified is sufficient to determine if the logging configuration has been modified from the default.&lt;/VulnDiscussion&gt;&lt;FalsePositives&gt;&lt;/FalsePositives&gt;&lt;FalseNegatives&gt;&lt;/FalseNegatives&gt;&lt;Documentable&gt;false&lt;/Documentable&gt;&lt;Mitigations&gt;&lt;/Mitigations&gt;&lt;SeverityOverrideGuidance&gt;&lt;/SeverityOverrideGuidance&gt;&lt;PotentialImpacts&gt;&lt;/PotentialImpacts&gt;&lt;ThirdPartyTools&gt;&lt;/ThirdPartyTools&gt;&lt;MitigationControl&gt;&lt;/MitigationControl&gt;&lt;Responsibility&gt;&lt;/Responsibility&gt;&lt;IAControls&gt;&lt;/IAControls&gt;</description><reference><dc:title>DPMS Target VMware vSphere 6.7 UI Tomcat</dc:title><dc:publisher>DISA</dc:publisher><dc:type>DPMS Target</dc:type><dc:subject>VMware vSphere 6.7 UI Tomcat</dc:subject><dc:identifier>5334</dc:identifier></reference><ident system="http://cyber.mil/cci">CCI-001849</ident><fixtext fixref="F-42899r679226_fix">Reinstall the VCSA or roll back to a snapshot. 

Modifying the vSphere UI installation files manually is not supported by VMware.</fixtext><fix id="F-42899r679226_fix" /><check system="C-42940r679225_chk"><check-content-ref href="VMware_vSphere_6.7_UI_Tomcat_STIG.xml" name="M" /><check-content>At the command prompt, execute the following command:

# rpm -V vsphere-ui|grep serviceability.xml|grep "^..5......"

If the above command returns any output, this is a finding.</check-content></check></Rule></Group><Group id="V-239708"><title>SRG-APP-000358-WSR-000163</title><description>&lt;GroupDescription&gt;&lt;/GroupDescription&gt;</description><Rule id="SV-239708r679230_rule" weight="10.0" severity="medium"><version>VCUI-67-000027</version><title>vSphere UI log files must be moved to a permanent repository in accordance with site policy.</title><description>&lt;VulnDiscussion&gt;vSphere UI produces a handful of logs that must be offloaded from the originating system. This information can then be used for diagnostic, forensic, or other purposes relevant to ensuring the availability and integrity of the hosted application.

Satisfies: SRG-APP-000358-WSR-000163, SRG-APP-000108-WSR-000166, SRG-APP-000125-WSR-000071&lt;/VulnDiscussion&gt;&lt;FalsePositives&gt;&lt;/FalsePositives&gt;&lt;FalseNegatives&gt;&lt;/FalseNegatives&gt;&lt;Documentable&gt;false&lt;/Documentable&gt;&lt;Mitigations&gt;&lt;/Mitigations&gt;&lt;SeverityOverrideGuidance&gt;&lt;/SeverityOverrideGuidance&gt;&lt;PotentialImpacts&gt;&lt;/PotentialImpacts&gt;&lt;ThirdPartyTools&gt;&lt;/ThirdPartyTools&gt;&lt;MitigationControl&gt;&lt;/MitigationControl&gt;&lt;Responsibility&gt;&lt;/Responsibility&gt;&lt;IAControls&gt;&lt;/IAControls&gt;</description><reference><dc:title>DPMS Target VMware vSphere 6.7 UI Tomcat</dc:title><dc:publisher>DISA</dc:publisher><dc:type>DPMS Target</dc:type><dc:subject>VMware vSphere 6.7 UI Tomcat</dc:subject><dc:identifier>5334</dc:identifier></reference><ident system="http://cyber.mil/cci">CCI-000139</ident><ident system="http://cyber.mil/cci">CCI-001348</ident><ident system="http://cyber.mil/cci">CCI-001851</ident><fixtext fixref="F-42900r679229_fix">Navigate to and open /etc/vmware-syslog/stig-services-vsphere-ui.conf.

Create the file if it does not exist.

Set the contents of the file as follows:

input(type="imfile"
      File="/var/log/vmware/vsphere-ui/logs/access/localhost_access*"
      Tag="ui-access"
      Severity="info"
      Facility="local0")
input(type="imfile"
      File="/var/log/vmware/vsphere-ui/logs/vsphere-ui-runtime*"
      Tag="ui-runtime"
      Severity="info"
      Facility="local0")</fixtext><fix id="F-42900r679229_fix" /><check system="C-42941r679228_chk"><check-content-ref href="VMware_vSphere_6.7_UI_Tomcat_STIG.xml" name="M" /><check-content>At the command prompt, execute the following command:

# grep -v "^#" /etc/vmware-syslog/stig-services-vsphere-ui.conf

Expected result:

input(type="imfile"

      File="/var/log/vmware/vsphere-ui/logs/access/localhost_access*"

      Tag="ui-access"

      Severity="info"

      Facility="local0")

input(type="imfile"

      File="/var/log/vmware/vsphere-ui/logs/vsphere-ui-runtime*"

      Tag="ui-runtime"

      Severity="info"

      Facility="local0")

If the file does not exist, this is a finding.

If the output of the command does not match the expected result, this is a finding.</check-content></check></Rule></Group><Group id="V-239709"><title>SRG-APP-000383-WSR-000175</title><description>&lt;GroupDescription&gt;&lt;/GroupDescription&gt;</description><Rule id="SV-239709r679233_rule" weight="10.0" severity="medium"><version>VCUI-67-000028</version><title>vSphere UI must be configured with the appropriate ports.</title><description>&lt;VulnDiscussion&gt;Web servers provide numerous processes, features, and functionalities that use TCP/IP ports. Some of these processes may be deemed unnecessary or too unsecure to run on a production system. The ports that vSphere UI listens on are configured in the "catalina.properties" file and must be verified as accurate to their shipping state.&lt;/VulnDiscussion&gt;&lt;FalsePositives&gt;&lt;/FalsePositives&gt;&lt;FalseNegatives&gt;&lt;/FalseNegatives&gt;&lt;Documentable&gt;false&lt;/Documentable&gt;&lt;Mitigations&gt;&lt;/Mitigations&gt;&lt;SeverityOverrideGuidance&gt;&lt;/SeverityOverrideGuidance&gt;&lt;PotentialImpacts&gt;&lt;/PotentialImpacts&gt;&lt;ThirdPartyTools&gt;&lt;/ThirdPartyTools&gt;&lt;MitigationControl&gt;&lt;/MitigationControl&gt;&lt;Responsibility&gt;&lt;/Responsibility&gt;&lt;IAControls&gt;&lt;/IAControls&gt;</description><reference><dc:title>DPMS Target VMware vSphere 6.7 UI Tomcat</dc:title><dc:publisher>DISA</dc:publisher><dc:type>DPMS Target</dc:type><dc:subject>VMware vSphere 6.7 UI Tomcat</dc:subject><dc:identifier>5334</dc:identifier></reference><ident system="http://cyber.mil/cci">CCI-001762</ident><fixtext fixref="F-42901r679232_fix">Navigate to and open /usr/lib/vmware-vsphere-ui/server/conf/catalina.properties.

Navigate to the ports specification section.

Set the vSphere UI port specifications according to the shipping configuration below:

http.port=5090
proxy.port=443
https.port=5443</fixtext><fix id="F-42901r679232_fix" /><check system="C-42942r679231_chk"><check-content-ref href="VMware_vSphere_6.7_UI_Tomcat_STIG.xml" name="M" /><check-content>At the command prompt, execute the following command:

# grep '.port' /usr/lib/vmware-vsphere-ui/server/conf/catalina.properties

Expected result:

http.port=5090
proxy.port=443
https.port=5443

If the output of the command does not match the expected result, this is a finding.</check-content></check></Rule></Group><Group id="V-239710"><title>SRG-APP-000435-WSR-000147</title><description>&lt;GroupDescription&gt;&lt;/GroupDescription&gt;</description><Rule id="SV-239710r679236_rule" weight="10.0" severity="medium"><version>VCUI-67-000029</version><title>vSphere UI must disable the shutdown port.</title><description>&lt;VulnDiscussion&gt;An attacker has at least two reasons to stop a web server. The first is to cause a denial of service, and the second is to put in place changes the attacker made to the web server configuration. If the Tomcat shutdown port feature is enabled, a shutdown signal can be sent to vSphere UI through this port. To ensure availability, the shutdown port must be disabled.&lt;/VulnDiscussion&gt;&lt;FalsePositives&gt;&lt;/FalsePositives&gt;&lt;FalseNegatives&gt;&lt;/FalseNegatives&gt;&lt;Documentable&gt;false&lt;/Documentable&gt;&lt;Mitigations&gt;&lt;/Mitigations&gt;&lt;SeverityOverrideGuidance&gt;&lt;/SeverityOverrideGuidance&gt;&lt;PotentialImpacts&gt;&lt;/PotentialImpacts&gt;&lt;ThirdPartyTools&gt;&lt;/ThirdPartyTools&gt;&lt;MitigationControl&gt;&lt;/MitigationControl&gt;&lt;Responsibility&gt;&lt;/Responsibility&gt;&lt;IAControls&gt;&lt;/IAControls&gt;</description><reference><dc:title>DPMS Target VMware vSphere 6.7 UI Tomcat</dc:title><dc:publisher>DISA</dc:publisher><dc:type>DPMS Target</dc:type><dc:subject>VMware vSphere 6.7 UI Tomcat</dc:subject><dc:identifier>5334</dc:identifier></reference><ident system="http://cyber.mil/cci">CCI-002385</ident><fixtext fixref="F-42902r679235_fix">Navigate to and open /usr/lib/vmware-vsphere-ui/server/conf/server.xml.

Make sure that the server port is disabled:

&lt;Server port="${shutdown.port}" …&gt;</fixtext><fix id="F-42902r679235_fix" /><check system="C-42943r679234_chk"><check-content-ref href="VMware_vSphere_6.7_UI_Tomcat_STIG.xml" name="M" /><check-content>At the command prompt, execute the following commands:

# xmllint --format /usr/lib/vmware-vsphere-ui/server/conf/server.xml | sed '2 s/xmlns=".*"//g' |  xmllint --xpath '/Server/@port' -

Expected result:

port="${shutdown.port}"

If the output does not match the expected result, this is a finding.

# grep shutdown /etc/vmware/vmware-vmon/svcCfgfiles/vsphere-ui.json

Expected result:

"-Dshutdown.port=-1",

If the output does not match the expected result, this is a finding.</check-content></check></Rule></Group><Group id="V-239711"><title>SRG-APP-000439-WSR-000155</title><description>&lt;GroupDescription&gt;&lt;/GroupDescription&gt;</description><Rule id="SV-239711r679239_rule" weight="10.0" severity="medium"><version>VCUI-67-000030</version><title>vSphere UI must set the secure flag for cookies.</title><description>&lt;VulnDiscussion&gt;The secure flag is an option that can be set by the application server when sending a new cookie to the user within an HTTP Response. The purpose of the secure flag is to prevent cookies from being observed by unauthorized parties due to the transmission of a cookie in clear text. By setting the secure flag, the browser will prevent the transmission of a cookie over an unencrypted channel. vSphere UI is configured to only be accessible over a TLS tunnel, but this cookie flag is still a recommended best practice.&lt;/VulnDiscussion&gt;&lt;FalsePositives&gt;&lt;/FalsePositives&gt;&lt;FalseNegatives&gt;&lt;/FalseNegatives&gt;&lt;Documentable&gt;false&lt;/Documentable&gt;&lt;Mitigations&gt;&lt;/Mitigations&gt;&lt;SeverityOverrideGuidance&gt;&lt;/SeverityOverrideGuidance&gt;&lt;PotentialImpacts&gt;&lt;/PotentialImpacts&gt;&lt;ThirdPartyTools&gt;&lt;/ThirdPartyTools&gt;&lt;MitigationControl&gt;&lt;/MitigationControl&gt;&lt;Responsibility&gt;&lt;/Responsibility&gt;&lt;IAControls&gt;&lt;/IAControls&gt;</description><reference><dc:title>DPMS Target VMware vSphere 6.7 UI Tomcat</dc:title><dc:publisher>DISA</dc:publisher><dc:type>DPMS Target</dc:type><dc:subject>VMware vSphere 6.7 UI Tomcat</dc:subject><dc:identifier>5334</dc:identifier></reference><ident system="http://cyber.mil/cci">CCI-002418</ident><fixtext fixref="F-42903r679238_fix">Navigate to and open /usr/lib/vmware-vsphere-ui/server/conf/web.xml.

Navigate to the /&lt;web-apps&gt;/&lt;session-config&gt;/&lt;cookie-config&gt; node and configure it as follows:

    &lt;cookie-config&gt;
      &lt;http-only&gt;true&lt;/http-only&gt;
      &lt;secure&gt;true&lt;/secure&gt;
    &lt;/cookie-config&gt;</fixtext><fix id="F-42903r679238_fix" /><check system="C-42944r679237_chk"><check-content-ref href="VMware_vSphere_6.7_UI_Tomcat_STIG.xml" name="M" /><check-content>At the command prompt, execute the following command:

# xmllint --format /usr/lib/vmware-vsphere-ui/server/conf/web.xml | sed 's/xmlns=".*"//g' | xmllint --xpath '/web-app/session-config/cookie-config/secure' -

Expected result:

&lt;secure&gt;true&lt;/secure&gt;

If the output of the command does not match the expected result, this is a finding.</check-content></check></Rule></Group><Group id="V-239712"><title>SRG-APP-000141-WSR-000015</title><description>&lt;GroupDescription&gt;&lt;/GroupDescription&gt;</description><Rule id="SV-239712r679242_rule" weight="10.0" severity="medium"><version>VCUI-67-000031</version><title>vSphere UI must not be configured with the "UserDatabaseRealm" enabled.</title><description>&lt;VulnDiscussion&gt;The vSphere UI performs user authentication at the application level and not through Tomcat. By default, there is no configuration for the "UserDatabaseRealm" Tomcat authentication mechanism. 

To eliminate unnecessary features and ensure that the vSphere UI remains in its shipping state, the lack of a UserDatabaseRealm configuration must be confirmed.&lt;/VulnDiscussion&gt;&lt;FalsePositives&gt;&lt;/FalsePositives&gt;&lt;FalseNegatives&gt;&lt;/FalseNegatives&gt;&lt;Documentable&gt;false&lt;/Documentable&gt;&lt;Mitigations&gt;&lt;/Mitigations&gt;&lt;SeverityOverrideGuidance&gt;&lt;/SeverityOverrideGuidance&gt;&lt;PotentialImpacts&gt;&lt;/PotentialImpacts&gt;&lt;ThirdPartyTools&gt;&lt;/ThirdPartyTools&gt;&lt;MitigationControl&gt;&lt;/MitigationControl&gt;&lt;Responsibility&gt;&lt;/Responsibility&gt;&lt;IAControls&gt;&lt;/IAControls&gt;</description><reference><dc:title>DPMS Target VMware vSphere 6.7 UI Tomcat</dc:title><dc:publisher>DISA</dc:publisher><dc:type>DPMS Target</dc:type><dc:subject>VMware vSphere 6.7 UI Tomcat</dc:subject><dc:identifier>5334</dc:identifier></reference><ident system="http://cyber.mil/cci">CCI-000381</ident><fixtext fixref="F-42904r679241_fix">Navigate to and open /usr/lib/vmware-vsphere-ui/server/conf/server.xml. 

Remove any and all &lt;Realm&gt; nodes.</fixtext><fix id="F-42904r679241_fix" /><check system="C-42945r679240_chk"><check-content-ref href="VMware_vSphere_6.7_UI_Tomcat_STIG.xml" name="M" /><check-content>At the command prompt, execute the following command:

# grep UserDatabaseRealm /usr/lib/vmware-vsphere-ui/server/conf/server.xml

If the command produces any output, this is a finding.</check-content></check></Rule></Group><Group id="V-239713"><title>SRG-APP-000223-WSR-000011</title><description>&lt;GroupDescription&gt;&lt;/GroupDescription&gt;</description><Rule id="SV-239713r679245_rule" weight="10.0" severity="medium"><version>VCUI-67-000032</version><title>vSphere UI must restrict its cookie path.</title><description>&lt;VulnDiscussion&gt;When the cookie parameters are not set properly (i.e., domain and path parameters), cookies can be shared within hosted applications residing on the same web server or to applications hosted on different web servers residing on the same domain.

vSphere UI is bound to the "/ui" virtual path behind the reverse proxy, and its cookies are configured as such. This configuration must be confirmed and maintained.&lt;/VulnDiscussion&gt;&lt;FalsePositives&gt;&lt;/FalsePositives&gt;&lt;FalseNegatives&gt;&lt;/FalseNegatives&gt;&lt;Documentable&gt;false&lt;/Documentable&gt;&lt;Mitigations&gt;&lt;/Mitigations&gt;&lt;SeverityOverrideGuidance&gt;&lt;/SeverityOverrideGuidance&gt;&lt;PotentialImpacts&gt;&lt;/PotentialImpacts&gt;&lt;ThirdPartyTools&gt;&lt;/ThirdPartyTools&gt;&lt;MitigationControl&gt;&lt;/MitigationControl&gt;&lt;Responsibility&gt;&lt;/Responsibility&gt;&lt;IAControls&gt;&lt;/IAControls&gt;</description><reference><dc:title>DPMS Target VMware vSphere 6.7 UI Tomcat</dc:title><dc:publisher>DISA</dc:publisher><dc:type>DPMS Target</dc:type><dc:subject>VMware vSphere 6.7 UI Tomcat</dc:subject><dc:identifier>5334</dc:identifier></reference><ident system="http://cyber.mil/cci">CCI-001664</ident><fixtext fixref="F-42905r679244_fix">Navigate to and open /usr/lib/vmware-vsphere-ui/server/conf/context.xml. 

Add the following configuration to the &lt;Context&gt; node:

sessionCookiePath="/ui"

Example:

&lt;Context useHttpOnly="true" sessionCookieName="VSPHERE-UI-JSESSIONID" sessionCookiePath="/ui"&gt;</fixtext><fix id="F-42905r679244_fix" /><check system="C-42946r679243_chk"><check-content-ref href="VMware_vSphere_6.7_UI_Tomcat_STIG.xml" name="M" /><check-content>At the command prompt, execute the following command:

# xmllint --format /usr/lib/vmware-vsphere-ui/server/conf/context.xml | xmllint --xpath '/Context/@sessionCookiePath' -

Expected result:

sessionCookiePath="/ui"

If the output does not match the expected result, this is a finding.</check-content></check></Rule></Group></Benchmark>