<?xml version="1.0" encoding="utf-8"?><?xml-stylesheet type='text/xsl' href='STIG_unclass.xsl'?><Benchmark xmlns:dc="http://purl.org/dc/elements/1.1/" xmlns:xsi="http://www.w3.org/2001/XMLSchema-instance" xmlns:cpe="http://cpe.mitre.org/language/2.0" xmlns:xhtml="http://www.w3.org/1999/xhtml" xmlns:dsig="http://www.w3.org/2000/09/xmldsig#" xsi:schemaLocation="http://checklists.nist.gov/xccdf/1.1 http://nvd.nist.gov/schema/xccdf-1.1.4.xsd http://cpe.mitre.org/dictionary/2.0 http://cpe.mitre.org/files/cpe-dictionary_2.1.xsd" id="VMW_vSphere_6-7_VAMI-lighttpd_STIG" xml:lang="en" xmlns="http://checklists.nist.gov/xccdf/1.1"><status date="2022-01-03">accepted</status><title>VMware vSphere 6.7 VAMI-lighttpd Security Technical Implementation Guide</title><description>This Security Technical Implementation Guide is published as a tool to improve the security of Department of Defense (DoD) information systems. The requirements are derived from the National Institute of Standards and Technology (NIST) 800-53 and related documents. Comments or proposed revisions to this document should be sent via email to the following address: disa.stig_spt@mail.mil.</description><notice id="terms-of-use" xml:lang="en"></notice><front-matter xml:lang="en"></front-matter><rear-matter xml:lang="en"></rear-matter><reference href="https://cyber.mil"><dc:publisher>DISA</dc:publisher><dc:source>STIG.DOD.MIL</dc:source></reference><plain-text id="release-info">Release: 2 Benchmark Date: 08 Feb 2022</plain-text><plain-text id="generator">3.2.2.36079</plain-text><plain-text id="conventionsVersion">1.10.0</plain-text><version>1</version><Profile id="MAC-1_Classified"><title>I - Mission Critical Classified</title><description>&lt;ProfileDescription&gt;&lt;/ProfileDescription&gt;</description><select idref="V-239715" selected="true" /><select idref="V-239716" selected="true" /><select idref="V-239717" selected="true" /><select idref="V-239718" selected="true" /><select idref="V-239719" selected="true" /><select idref="V-239720" selected="true" /><select idref="V-239721" selected="true" /><select idref="V-239722" selected="true" /><select idref="V-239723" selected="true" /><select idref="V-239724" selected="true" /><select idref="V-239725" selected="true" /><select idref="V-239726" selected="true" /><select idref="V-239727" selected="true" /><select idref="V-239728" selected="true" /><select idref="V-239729" selected="true" /><select idref="V-239730" selected="true" /><select idref="V-239731" selected="true" /><select idref="V-239732" selected="true" /><select idref="V-239733" selected="true" /><select idref="V-239734" selected="true" /><select idref="V-239735" selected="true" /><select idref="V-239736" selected="true" /><select idref="V-239737" selected="true" /><select idref="V-239738" selected="true" /><select idref="V-239739" selected="true" /><select idref="V-239740" selected="true" /><select idref="V-239741" selected="true" /></Profile><Profile id="MAC-1_Public"><title>I - Mission Critical Public</title><description>&lt;ProfileDescription&gt;&lt;/ProfileDescription&gt;</description><select idref="V-239715" selected="true" /><select idref="V-239716" selected="true" /><select idref="V-239717" selected="true" /><select idref="V-239718" selected="true" /><select idref="V-239719" selected="true" /><select idref="V-239720" selected="true" /><select idref="V-239721" selected="true" /><select idref="V-239722" selected="true" /><select idref="V-239723" selected="true" /><select idref="V-239724" selected="true" /><select idref="V-239725" selected="true" /><select idref="V-239726" selected="true" /><select idref="V-239727" selected="true" /><select idref="V-239728" selected="true" /><select idref="V-239729" selected="true" /><select idref="V-239730" selected="true" /><select idref="V-239731" selected="true" /><select idref="V-239732" selected="true" /><select idref="V-239733" selected="true" /><select idref="V-239734" selected="true" /><select idref="V-239735" selected="true" /><select idref="V-239736" selected="true" /><select idref="V-239737" selected="true" /><select idref="V-239738" selected="true" /><select idref="V-239739" selected="true" /><select idref="V-239740" selected="true" /><select idref="V-239741" selected="true" /></Profile><Profile id="MAC-1_Sensitive"><title>I - Mission Critical Sensitive</title><description>&lt;ProfileDescription&gt;&lt;/ProfileDescription&gt;</description><select idref="V-239715" selected="true" /><select idref="V-239716" selected="true" /><select idref="V-239717" selected="true" /><select idref="V-239718" selected="true" /><select idref="V-239719" selected="true" /><select idref="V-239720" selected="true" /><select idref="V-239721" selected="true" /><select idref="V-239722" selected="true" /><select idref="V-239723" selected="true" /><select idref="V-239724" selected="true" /><select idref="V-239725" selected="true" /><select idref="V-239726" selected="true" /><select idref="V-239727" selected="true" /><select idref="V-239728" selected="true" /><select idref="V-239729" selected="true" /><select idref="V-239730" selected="true" /><select idref="V-239731" selected="true" /><select idref="V-239732" selected="true" /><select idref="V-239733" selected="true" /><select idref="V-239734" selected="true" /><select idref="V-239735" selected="true" /><select idref="V-239736" selected="true" /><select idref="V-239737" selected="true" /><select idref="V-239738" selected="true" /><select idref="V-239739" selected="true" /><select idref="V-239740" selected="true" /><select idref="V-239741" selected="true" /></Profile><Profile id="MAC-2_Classified"><title>II - Mission Support Classified</title><description>&lt;ProfileDescription&gt;&lt;/ProfileDescription&gt;</description><select idref="V-239715" selected="true" /><select idref="V-239716" selected="true" /><select idref="V-239717" selected="true" /><select idref="V-239718" selected="true" /><select idref="V-239719" selected="true" /><select idref="V-239720" selected="true" /><select idref="V-239721" selected="true" /><select idref="V-239722" selected="true" /><select idref="V-239723" selected="true" /><select idref="V-239724" selected="true" /><select idref="V-239725" selected="true" /><select idref="V-239726" selected="true" /><select idref="V-239727" selected="true" /><select idref="V-239728" selected="true" /><select idref="V-239729" selected="true" /><select idref="V-239730" selected="true" /><select idref="V-239731" selected="true" /><select idref="V-239732" selected="true" /><select idref="V-239733" selected="true" /><select idref="V-239734" selected="true" /><select idref="V-239735" selected="true" /><select idref="V-239736" selected="true" /><select idref="V-239737" selected="true" /><select idref="V-239738" selected="true" /><select idref="V-239739" selected="true" /><select idref="V-239740" selected="true" /><select idref="V-239741" selected="true" /></Profile><Profile id="MAC-2_Public"><title>II - Mission Support Public</title><description>&lt;ProfileDescription&gt;&lt;/ProfileDescription&gt;</description><select idref="V-239715" selected="true" /><select idref="V-239716" selected="true" /><select idref="V-239717" selected="true" /><select idref="V-239718" selected="true" /><select idref="V-239719" selected="true" /><select idref="V-239720" selected="true" /><select idref="V-239721" selected="true" /><select idref="V-239722" selected="true" /><select idref="V-239723" selected="true" /><select idref="V-239724" selected="true" /><select idref="V-239725" selected="true" /><select idref="V-239726" selected="true" /><select idref="V-239727" selected="true" /><select idref="V-239728" selected="true" /><select idref="V-239729" selected="true" /><select idref="V-239730" selected="true" /><select idref="V-239731" selected="true" /><select idref="V-239732" selected="true" /><select idref="V-239733" selected="true" /><select idref="V-239734" selected="true" /><select idref="V-239735" selected="true" /><select idref="V-239736" selected="true" /><select idref="V-239737" selected="true" /><select idref="V-239738" selected="true" /><select idref="V-239739" selected="true" /><select idref="V-239740" selected="true" /><select idref="V-239741" selected="true" /></Profile><Profile id="MAC-2_Sensitive"><title>II - Mission Support Sensitive</title><description>&lt;ProfileDescription&gt;&lt;/ProfileDescription&gt;</description><select idref="V-239715" selected="true" /><select idref="V-239716" selected="true" /><select idref="V-239717" selected="true" /><select idref="V-239718" selected="true" /><select idref="V-239719" selected="true" /><select idref="V-239720" selected="true" /><select idref="V-239721" selected="true" /><select idref="V-239722" selected="true" /><select idref="V-239723" selected="true" /><select idref="V-239724" selected="true" /><select idref="V-239725" selected="true" /><select idref="V-239726" selected="true" /><select idref="V-239727" selected="true" /><select idref="V-239728" selected="true" /><select idref="V-239729" selected="true" /><select idref="V-239730" selected="true" /><select idref="V-239731" selected="true" /><select idref="V-239732" selected="true" /><select idref="V-239733" selected="true" /><select idref="V-239734" selected="true" /><select idref="V-239735" selected="true" /><select idref="V-239736" selected="true" /><select idref="V-239737" selected="true" /><select idref="V-239738" selected="true" /><select idref="V-239739" selected="true" /><select idref="V-239740" selected="true" /><select idref="V-239741" selected="true" /></Profile><Profile id="MAC-3_Classified"><title>III - Administrative Classified</title><description>&lt;ProfileDescription&gt;&lt;/ProfileDescription&gt;</description><select idref="V-239715" selected="true" /><select idref="V-239716" selected="true" /><select idref="V-239717" selected="true" /><select idref="V-239718" selected="true" /><select idref="V-239719" selected="true" /><select idref="V-239720" selected="true" /><select idref="V-239721" selected="true" /><select idref="V-239722" selected="true" /><select idref="V-239723" selected="true" /><select idref="V-239724" selected="true" /><select idref="V-239725" selected="true" /><select idref="V-239726" selected="true" /><select idref="V-239727" selected="true" /><select idref="V-239728" selected="true" /><select idref="V-239729" selected="true" /><select idref="V-239730" selected="true" /><select idref="V-239731" selected="true" /><select idref="V-239732" selected="true" /><select idref="V-239733" selected="true" /><select idref="V-239734" selected="true" /><select idref="V-239735" selected="true" /><select idref="V-239736" selected="true" /><select idref="V-239737" selected="true" /><select idref="V-239738" selected="true" /><select idref="V-239739" selected="true" /><select idref="V-239740" selected="true" /><select idref="V-239741" selected="true" /></Profile><Profile id="MAC-3_Public"><title>III - Administrative Public</title><description>&lt;ProfileDescription&gt;&lt;/ProfileDescription&gt;</description><select idref="V-239715" selected="true" /><select idref="V-239716" selected="true" /><select idref="V-239717" selected="true" /><select idref="V-239718" selected="true" /><select idref="V-239719" selected="true" /><select idref="V-239720" selected="true" /><select idref="V-239721" selected="true" /><select idref="V-239722" selected="true" /><select idref="V-239723" selected="true" /><select idref="V-239724" selected="true" /><select idref="V-239725" selected="true" /><select idref="V-239726" selected="true" /><select idref="V-239727" selected="true" /><select idref="V-239728" selected="true" /><select idref="V-239729" selected="true" /><select idref="V-239730" selected="true" /><select idref="V-239731" selected="true" /><select idref="V-239732" selected="true" /><select idref="V-239733" selected="true" /><select idref="V-239734" selected="true" /><select idref="V-239735" selected="true" /><select idref="V-239736" selected="true" /><select idref="V-239737" selected="true" /><select idref="V-239738" selected="true" /><select idref="V-239739" selected="true" /><select idref="V-239740" selected="true" /><select idref="V-239741" selected="true" /></Profile><Profile id="MAC-3_Sensitive"><title>III - Administrative Sensitive</title><description>&lt;ProfileDescription&gt;&lt;/ProfileDescription&gt;</description><select idref="V-239715" selected="true" /><select idref="V-239716" selected="true" /><select idref="V-239717" selected="true" /><select idref="V-239718" selected="true" /><select idref="V-239719" selected="true" /><select idref="V-239720" selected="true" /><select idref="V-239721" selected="true" /><select idref="V-239722" selected="true" /><select idref="V-239723" selected="true" /><select idref="V-239724" selected="true" /><select idref="V-239725" selected="true" /><select idref="V-239726" selected="true" /><select idref="V-239727" selected="true" /><select idref="V-239728" selected="true" /><select idref="V-239729" selected="true" /><select idref="V-239730" selected="true" /><select idref="V-239731" selected="true" /><select idref="V-239732" selected="true" /><select idref="V-239733" selected="true" /><select idref="V-239734" selected="true" /><select idref="V-239735" selected="true" /><select idref="V-239736" selected="true" /><select idref="V-239737" selected="true" /><select idref="V-239738" selected="true" /><select idref="V-239739" selected="true" /><select idref="V-239740" selected="true" /><select idref="V-239741" selected="true" /></Profile><Group id="V-239715"><title>SRG-APP-000001-WSR-000001</title><description>&lt;GroupDescription&gt;&lt;/GroupDescription&gt;</description><Rule id="SV-239715r816779_rule" weight="10.0" severity="medium"><version>VCLD-67-000001</version><title>VAMI must limit the number of simultaneous requests.</title><description>&lt;VulnDiscussion&gt;Denial of service (DoS) is one threat against web servers. Many DoS attacks attempt to consume web server resources in such a way that no more resources are available to satisfy legitimate requests. Mitigation against these threats is to take steps to limit the number of resources that can be consumed in certain ways.

VAMI provides the "maxConnections" attribute of the &lt;Connector Elements&gt; to limit the number of concurrent TCP connections. This comes preconfigured with a tested, supported value that must be verified and maintained.&lt;/VulnDiscussion&gt;&lt;FalsePositives&gt;&lt;/FalsePositives&gt;&lt;FalseNegatives&gt;&lt;/FalseNegatives&gt;&lt;Documentable&gt;false&lt;/Documentable&gt;&lt;Mitigations&gt;&lt;/Mitigations&gt;&lt;SeverityOverrideGuidance&gt;&lt;/SeverityOverrideGuidance&gt;&lt;PotentialImpacts&gt;&lt;/PotentialImpacts&gt;&lt;ThirdPartyTools&gt;&lt;/ThirdPartyTools&gt;&lt;MitigationControl&gt;&lt;/MitigationControl&gt;&lt;Responsibility&gt;&lt;/Responsibility&gt;&lt;IAControls&gt;&lt;/IAControls&gt;</description><reference><dc:title>DPMS Target VMware vSphere 6.7 VAMI-lighttpd</dc:title><dc:publisher>DISA</dc:publisher><dc:type>DPMS Target</dc:type><dc:subject>VMware vSphere 6.7 VAMI-lighttpd</dc:subject><dc:identifier>5335</dc:identifier></reference><ident system="http://cyber.mil/cci">CCI-000054</ident><fixtext fixref="F-42907r679254_fix">Navigate to and open /opt/vmware/etc/lighttpd/lighttpd.conf.

Add or reconfigure the following value:

server.max-connections = 1024</fixtext><fix id="F-42907r679254_fix" /><check system="C-42948r816778_chk"><check-content-ref href="VMware_vSphere_6.7_VAMI-lighttpd_STIG.xml" name="M" /><check-content>Note: The below command must be run from a bash shell and not from a shell generated by the "appliance shell". Use the "chsh" command to change the shell for the account to "/bin/bash".

At the command prompt, execute the following command:

# grep "server.max-connections = 1024" /opt/vmware/etc/lighttpd/lighttpd.conf

Expected result:

server.max-connections = 1024

If the output does not match the expected result, this is a finding.</check-content></check></Rule></Group><Group id="V-239716"><title>SRG-APP-000014-WSR-000006</title><description>&lt;GroupDescription&gt;&lt;/GroupDescription&gt;</description><Rule id="SV-239716r816781_rule" weight="10.0" severity="high"><version>VCLD-67-000002</version><title>VAMI must be configured with FIPS 140-2 compliant ciphers for HTTPS connections.</title><description>&lt;VulnDiscussion&gt;Encryption of data in flight is an essential element of protecting information confidentiality. If a web server uses weak or outdated encryption algorithms, the server's communications can potentially be compromised.

The U.S. Federal Information Processing Standards (FIPS) publication 140-2, Security Requirements for Cryptographic Modules (FIPS 140-2), identifies 11 areas for a cryptographic module used inside a security system that protects information. FIPS 140-2 approved ciphers provide the maximum level of encryption possible for a private web server.

VAMI is compiled to use VMware's FIPS-validated OpenSSL module and cannot be configured otherwise. Ciphers may still be specified in order of preference, but no non-FIPS-approved ciphers will be implemented.

Satisfies: SRG-APP-000014-WSR-000006, SRG-APP-000179-WSR-000111, SRG-APP-000416-WSR-000118, SRG-APP-000439-WSR-000188&lt;/VulnDiscussion&gt;&lt;FalsePositives&gt;&lt;/FalsePositives&gt;&lt;FalseNegatives&gt;&lt;/FalseNegatives&gt;&lt;Documentable&gt;false&lt;/Documentable&gt;&lt;Mitigations&gt;&lt;/Mitigations&gt;&lt;SeverityOverrideGuidance&gt;&lt;/SeverityOverrideGuidance&gt;&lt;PotentialImpacts&gt;&lt;/PotentialImpacts&gt;&lt;ThirdPartyTools&gt;&lt;/ThirdPartyTools&gt;&lt;MitigationControl&gt;&lt;/MitigationControl&gt;&lt;Responsibility&gt;&lt;/Responsibility&gt;&lt;IAControls&gt;&lt;/IAControls&gt;</description><reference><dc:title>DPMS Target VMware vSphere 6.7 VAMI-lighttpd</dc:title><dc:publisher>DISA</dc:publisher><dc:type>DPMS Target</dc:type><dc:subject>VMware vSphere 6.7 VAMI-lighttpd</dc:subject><dc:identifier>5335</dc:identifier></reference><ident system="http://cyber.mil/cci">CCI-000068</ident><ident system="http://cyber.mil/cci">CCI-000803</ident><ident system="http://cyber.mil/cci">CCI-002418</ident><fixtext fixref="F-42908r679257_fix">Navigate to and open /etc/applmgmt/appliance/lighttpd.conf.

Add or reconfigure the following value:

ssl.cipher-list                   = "!aNULL:kECDH+AESGCM:ECDH+AESGCM:RSA+AESGCM:kECDH+AES:ECDH+AES:RSA+AES"</fixtext><fix id="F-42908r679257_fix" /><check system="C-42949r816780_chk"><check-content-ref href="VMware_vSphere_6.7_VAMI-lighttpd_STIG.xml" name="M" /><check-content>Note: The below command must be run from a bash shell and not from a shell generated by the "appliance shell". Use the "chsh" command to change the shell for the account to "/bin/bash".

At the command prompt, execute the following command:

# /opt/vmware/sbin/vami-lighttpd -p -f /opt/vmware/etc/lighttpd/lighttpd.conf|grep "ssl.cipher-list"

Expected result:

ssl.cipher-list                   = "!aNULL:kECDH+AESGCM:ECDH+AESGCM:RSA+AESGCM:kECDH+AES:ECDH+AES:RSA+AES"

If the output does not match the expected result, this is a finding.</check-content></check></Rule></Group><Group id="V-239717"><title>SRG-APP-000015-WSR-000014</title><description>&lt;GroupDescription&gt;&lt;/GroupDescription&gt;</description><Rule id="SV-239717r816783_rule" weight="10.0" severity="medium"><version>VCLD-67-000003</version><title>VAMI must use cryptography to protect the integrity of remote sessions.</title><description>&lt;VulnDiscussion&gt;Data exchanged between the user and the web server can range from static display data to credentials used to log in to the hosted application. Even when data appears to be static, the non-displayed logic in a web page may expose business logic or trusted system relationships. The integrity of all the data being exchanged between the user and web server must always be trusted. To protect the integrity and trust, encryption methods should be used to protect the complete communication session.

To protect the integrity and confidentiality of the remote sessions, VAMI uses SSL/TLS.

Satisfies: SRG-APP-000015-WSR-000014, SRG-APP-000172-WSR-000104, SRG-APP-000315-WSR-000003, SRG-APP-000141-WSR-000076, SRG-APP-000439-WSR-000151, SRG-APP-000439-WSR-000152, SRG-APP-000442-WSR-000182&lt;/VulnDiscussion&gt;&lt;FalsePositives&gt;&lt;/FalsePositives&gt;&lt;FalseNegatives&gt;&lt;/FalseNegatives&gt;&lt;Documentable&gt;false&lt;/Documentable&gt;&lt;Mitigations&gt;&lt;/Mitigations&gt;&lt;SeverityOverrideGuidance&gt;&lt;/SeverityOverrideGuidance&gt;&lt;PotentialImpacts&gt;&lt;/PotentialImpacts&gt;&lt;ThirdPartyTools&gt;&lt;/ThirdPartyTools&gt;&lt;MitigationControl&gt;&lt;/MitigationControl&gt;&lt;Responsibility&gt;&lt;/Responsibility&gt;&lt;IAControls&gt;&lt;/IAControls&gt;</description><reference><dc:title>DPMS Target VMware vSphere 6.7 VAMI-lighttpd</dc:title><dc:publisher>DISA</dc:publisher><dc:type>DPMS Target</dc:type><dc:subject>VMware vSphere 6.7 VAMI-lighttpd</dc:subject><dc:identifier>5335</dc:identifier></reference><ident system="http://cyber.mil/cci">CCI-000197</ident><ident system="http://cyber.mil/cci">CCI-000381</ident><ident system="http://cyber.mil/cci">CCI-001453</ident><ident system="http://cyber.mil/cci">CCI-002314</ident><ident system="http://cyber.mil/cci">CCI-002418</ident><ident system="http://cyber.mil/cci">CCI-002422</ident><fixtext fixref="F-42909r679260_fix">Navigate to and open /opt/vmware/etc/lighttpd/lighttpd.conf.

Add or reconfigure the following value:

ssl.engine = "enable"</fixtext><fix id="F-42909r679260_fix" /><check system="C-42950r816782_chk"><check-content-ref href="VMware_vSphere_6.7_VAMI-lighttpd_STIG.xml" name="M" /><check-content>Note: The below command must be run from a bash shell and not from a shell generated by the "appliance shell". Use the "chsh" command to change the shell for the account to "/bin/bash".

At the command prompt, execute the following command:

# /opt/vmware/sbin/vami-lighttpd -p -f /opt/vmware/etc/lighttpd/lighttpd.conf|grep "ssl.engine"

Expected result:

ssl.engine                 = "enable"

If the output does not match the expected result, this is a finding.</check-content></check></Rule></Group><Group id="V-239718"><title>SRG-APP-000016-WSR-000005</title><description>&lt;GroupDescription&gt;&lt;/GroupDescription&gt;</description><Rule id="SV-239718r816785_rule" weight="10.0" severity="medium"><version>VCLD-67-000004</version><title>VAMI must be configured to monitor remote access.</title><description>&lt;VulnDiscussion&gt;Remote access can be exploited by an attacker to compromise the server. By recording all remote access activities, it will be possible to determine the attacker's location, intent, and degree of success.

VAMI uses the "mod_accesslog" module to log information relating to remote requests. These logs can then be piped to external monitoring systems.

Satisfies: SRG-APP-000016-WSR-000005&lt;/VulnDiscussion&gt;&lt;FalsePositives&gt;&lt;/FalsePositives&gt;&lt;FalseNegatives&gt;&lt;/FalseNegatives&gt;&lt;Documentable&gt;false&lt;/Documentable&gt;&lt;Mitigations&gt;&lt;/Mitigations&gt;&lt;SeverityOverrideGuidance&gt;&lt;/SeverityOverrideGuidance&gt;&lt;PotentialImpacts&gt;&lt;/PotentialImpacts&gt;&lt;ThirdPartyTools&gt;&lt;/ThirdPartyTools&gt;&lt;MitigationControl&gt;&lt;/MitigationControl&gt;&lt;Responsibility&gt;&lt;/Responsibility&gt;&lt;IAControls&gt;&lt;/IAControls&gt;</description><reference><dc:title>DPMS Target VMware vSphere 6.7 VAMI-lighttpd</dc:title><dc:publisher>DISA</dc:publisher><dc:type>DPMS Target</dc:type><dc:subject>VMware vSphere 6.7 VAMI-lighttpd</dc:subject><dc:identifier>5335</dc:identifier></reference><ident system="http://cyber.mil/cci">CCI-000067</ident><ident system="http://cyber.mil/cci">CCI-001462</ident><fixtext fixref="F-42910r679263_fix">Navigate to and open /opt/vmware/etc/lighttpd/lighttpd.conf.

Add the following value in the "server.modules" section:

mod_accesslog

The result should be similar to the following:

    server.modules                    = (
        "mod_access",
        "mod_accesslog",
        "mod_proxy",
        "mod_cgi",
        "mod_rewrite",
        "mod_magnet",
        "mod_setenv",
        # 7
    )</fixtext><fix id="F-42910r679263_fix" /><check system="C-42951r816784_chk"><check-content-ref href="VMware_vSphere_6.7_VAMI-lighttpd_STIG.xml" name="M" /><check-content>Note: The below command must be run from a bash shell and not from a shell generated by the "appliance shell". Use the "chsh" command to change the shell for the account to "/bin/bash".

At the command prompt, execute the following command:

# /opt/vmware/sbin/vami-lighttpd -p -f /opt/vmware/etc/lighttpd/lighttpd.conf|awk '/server\.modules/,/\)/'|grep mod_accesslog

Expected result:

        "mod_accesslog",

If the output does not match the expected result, this is a finding.</check-content></check></Rule></Group><Group id="V-239719"><title>SRG-APP-000089-WSR-000047</title><description>&lt;GroupDescription&gt;&lt;/GroupDescription&gt;</description><Rule id="SV-239719r816787_rule" weight="10.0" severity="medium"><version>VCLD-67-000005</version><title>VAMI must generate log records for system startup and shutdown.</title><description>&lt;VulnDiscussion&gt;Logging must be started as soon as possible when a service starts and when a service is stopped. Many forms of suspicious actions can be detected by analyzing logs for unexpected service starts and stops. Also, by starting to log immediately after a service starts, it becomes more difficult for suspicious activity to go unlogged.&lt;/VulnDiscussion&gt;&lt;FalsePositives&gt;&lt;/FalsePositives&gt;&lt;FalseNegatives&gt;&lt;/FalseNegatives&gt;&lt;Documentable&gt;false&lt;/Documentable&gt;&lt;Mitigations&gt;&lt;/Mitigations&gt;&lt;SeverityOverrideGuidance&gt;&lt;/SeverityOverrideGuidance&gt;&lt;PotentialImpacts&gt;&lt;/PotentialImpacts&gt;&lt;ThirdPartyTools&gt;&lt;/ThirdPartyTools&gt;&lt;MitigationControl&gt;&lt;/MitigationControl&gt;&lt;Responsibility&gt;&lt;/Responsibility&gt;&lt;IAControls&gt;&lt;/IAControls&gt;</description><reference><dc:title>DPMS Target VMware vSphere 6.7 VAMI-lighttpd</dc:title><dc:publisher>DISA</dc:publisher><dc:type>DPMS Target</dc:type><dc:subject>VMware vSphere 6.7 VAMI-lighttpd</dc:subject><dc:identifier>5335</dc:identifier></reference><ident system="http://cyber.mil/cci">CCI-000169</ident><fixtext fixref="F-42911r679266_fix">Navigate to and open /opt/vmware/etc/lighttpd/lighttpd.conf.

Add or reconfigure the following value:

server.errorlog = "/opt/vmware/var/log/lighttpd/error.log"</fixtext><fix id="F-42911r679266_fix" /><check system="C-42952r816786_chk"><check-content-ref href="VMware_vSphere_6.7_VAMI-lighttpd_STIG.xml" name="M" /><check-content>Note: The below command must be run from a bash shell and not from a shell generated by the "appliance shell". Use the "chsh" command to change the shell for the account to "/bin/bash".

At the command prompt, execute the following command:

# /opt/vmware/sbin/vami-lighttpd -p -f /opt/vmware/etc/lighttpd/lighttpd.conf|grep "server.errorlog"

Expected result:

    server.errorlog                   = "/opt/vmware/var/log/lighttpd/error.log"

If the output does not match the expected result, this is a finding.</check-content></check></Rule></Group><Group id="V-239720"><title>SRG-APP-000095-WSR-000056</title><description>&lt;GroupDescription&gt;&lt;/GroupDescription&gt;</description><Rule id="SV-239720r816789_rule" weight="10.0" severity="medium"><version>VCLD-67-000006</version><title>VAMI must produce log records containing sufficient information to establish what type of events occurred.</title><description>&lt;VulnDiscussion&gt;After a security incident has occurred, investigators will often review log files to determine what happened. Understanding what type of event occurred is critical for investigation of a suspicious event.

Satisfies: SRG-APP-000095-WSR-000056, SRG-APP-000096-WSR-000057, SRG-APP-000097-WSR-000058, SRG-APP-000098-WSR-000059, SRG-APP-000099-WSR-000061, SRG-APP-000100-WSR-000064, SRG-APP-000374-WSR-000172, SRG-APP-000375-WSR-000171&lt;/VulnDiscussion&gt;&lt;FalsePositives&gt;&lt;/FalsePositives&gt;&lt;FalseNegatives&gt;&lt;/FalseNegatives&gt;&lt;Documentable&gt;false&lt;/Documentable&gt;&lt;Mitigations&gt;&lt;/Mitigations&gt;&lt;SeverityOverrideGuidance&gt;&lt;/SeverityOverrideGuidance&gt;&lt;PotentialImpacts&gt;&lt;/PotentialImpacts&gt;&lt;ThirdPartyTools&gt;&lt;/ThirdPartyTools&gt;&lt;MitigationControl&gt;&lt;/MitigationControl&gt;&lt;Responsibility&gt;&lt;/Responsibility&gt;&lt;IAControls&gt;&lt;/IAControls&gt;</description><reference><dc:title>DPMS Target VMware vSphere 6.7 VAMI-lighttpd</dc:title><dc:publisher>DISA</dc:publisher><dc:type>DPMS Target</dc:type><dc:subject>VMware vSphere 6.7 VAMI-lighttpd</dc:subject><dc:identifier>5335</dc:identifier></reference><ident system="http://cyber.mil/cci">CCI-000130</ident><ident system="http://cyber.mil/cci">CCI-000131</ident><ident system="http://cyber.mil/cci">CCI-000132</ident><ident system="http://cyber.mil/cci">CCI-000133</ident><ident system="http://cyber.mil/cci">CCI-000134</ident><ident system="http://cyber.mil/cci">CCI-001487</ident><ident system="http://cyber.mil/cci">CCI-001889</ident><ident system="http://cyber.mil/cci">CCI-001890</ident><fixtext fixref="F-42912r679269_fix">Navigate to and open /opt/vmware/etc/lighttpd/lighttpd.conf.

Comment any existing accesslog.format lines by adding a "#" at the beginning of the line.</fixtext><fix id="F-42912r679269_fix" /><check system="C-42953r816788_chk"><check-content-ref href="VMware_vSphere_6.7_VAMI-lighttpd_STIG.xml" name="M" /><check-content>Note: The below command must be run from a bash shell and not from a shell generated by the "appliance shell". Use the "chsh" command to change the shell for the account to "/bin/bash".

At the command prompt, execute the following command:

# grep "^accesslog.format" /opt/vmware/etc/lighttpd/lighttpd.conf

The default commented, accesslog format is acceptable for this requirement. No output should be returned.

If the command returns any output, this is a finding.</check-content></check></Rule></Group><Group id="V-239721"><title>SRG-APP-000118-WSR-000068</title><description>&lt;GroupDescription&gt;&lt;/GroupDescription&gt;</description><Rule id="SV-239721r816791_rule" weight="10.0" severity="medium"><version>VCLD-67-000011</version><title>VAMI log files must only be accessible by privileged users.</title><description>&lt;VulnDiscussion&gt;Log data is essential in the investigation of events. If log data were to become compromised, competent forensic analysis and discovery of the true source of potentially malicious system activity would be difficult, if not impossible, to achieve. 

In addition, access to log records provides information an attacker could potentially use to their advantage since each event record might contain communication ports, protocols, services, trust relationships, user names, etc.

Satisfies: SRG-APP-000118-WSR-000068, SRG-APP-000119-WSR-000069, SRG-APP-000120-WSR-000070&lt;/VulnDiscussion&gt;&lt;FalsePositives&gt;&lt;/FalsePositives&gt;&lt;FalseNegatives&gt;&lt;/FalseNegatives&gt;&lt;Documentable&gt;false&lt;/Documentable&gt;&lt;Mitigations&gt;&lt;/Mitigations&gt;&lt;SeverityOverrideGuidance&gt;&lt;/SeverityOverrideGuidance&gt;&lt;PotentialImpacts&gt;&lt;/PotentialImpacts&gt;&lt;ThirdPartyTools&gt;&lt;/ThirdPartyTools&gt;&lt;MitigationControl&gt;&lt;/MitigationControl&gt;&lt;Responsibility&gt;&lt;/Responsibility&gt;&lt;IAControls&gt;&lt;/IAControls&gt;</description><reference><dc:title>DPMS Target VMware vSphere 6.7 VAMI-lighttpd</dc:title><dc:publisher>DISA</dc:publisher><dc:type>DPMS Target</dc:type><dc:subject>VMware vSphere 6.7 VAMI-lighttpd</dc:subject><dc:identifier>5335</dc:identifier></reference><ident system="http://cyber.mil/cci">CCI-000162</ident><ident system="http://cyber.mil/cci">CCI-000163</ident><ident system="http://cyber.mil/cci">CCI-000164</ident><fixtext fixref="F-42913r679272_fix">At the command prompt, enter the following command:

# chown root:root /opt/vmware/var/log/lighttpd/*.log
# chmod 640 /opt/vmware/var/log/lighttpd/*.log</fixtext><fix id="F-42913r679272_fix" /><check system="C-42954r816790_chk"><check-content-ref href="VMware_vSphere_6.7_VAMI-lighttpd_STIG.xml" name="M" /><check-content>Note: The below command must be run from a bash shell and not from a shell generated by the "appliance shell". Use the "chsh" command to change the shell for the account to "/bin/bash".

At the command prompt, execute the following command:

# stat -c "%n has %a permissions and is owned by %U:%G" /opt/vmware/var/log/lighttpd/*.log

Expected result:

/opt/vmware/var/log/lighttpd/access.log has 640 permissions and is owned by root:root
/opt/vmware/var/log/lighttpd/error.log has 640 permissions and is owned by root:root

If the output does not match the expected result, this is a finding.</check-content></check></Rule></Group><Group id="V-239722"><title>SRG-APP-000125-WSR-000071</title><description>&lt;GroupDescription&gt;&lt;/GroupDescription&gt;</description><Rule id="SV-239722r816793_rule" weight="10.0" severity="medium"><version>VCLD-67-000014</version><title>Rsyslog must be configured to monitor VAMI logs.</title><description>&lt;VulnDiscussion&gt;For performance reasons, rsyslog file monitoring is preferred over configuring VAMI to send events to a syslog facility. Without ensuring that logs are created, that rsyslog configs are created, and that those configs are loaded, the log file monitoring and shipping will not be effective.

Satisfies: SRG-APP-000125-WSR-000071, SRG-APP-000358-WSR-000063, SRG-APP-000358-WSR-000163&lt;/VulnDiscussion&gt;&lt;FalsePositives&gt;&lt;/FalsePositives&gt;&lt;FalseNegatives&gt;&lt;/FalseNegatives&gt;&lt;Documentable&gt;false&lt;/Documentable&gt;&lt;Mitigations&gt;&lt;/Mitigations&gt;&lt;SeverityOverrideGuidance&gt;&lt;/SeverityOverrideGuidance&gt;&lt;PotentialImpacts&gt;&lt;/PotentialImpacts&gt;&lt;ThirdPartyTools&gt;&lt;/ThirdPartyTools&gt;&lt;MitigationControl&gt;&lt;/MitigationControl&gt;&lt;Responsibility&gt;&lt;/Responsibility&gt;&lt;IAControls&gt;&lt;/IAControls&gt;</description><reference><dc:title>DPMS Target VMware vSphere 6.7 VAMI-lighttpd</dc:title><dc:publisher>DISA</dc:publisher><dc:type>DPMS Target</dc:type><dc:subject>VMware vSphere 6.7 VAMI-lighttpd</dc:subject><dc:identifier>5335</dc:identifier></reference><ident system="http://cyber.mil/cci">CCI-001348</ident><ident system="http://cyber.mil/cci">CCI-001851</ident><fixtext fixref="F-42914r679275_fix">Navigate to and open /etc/vmware-syslog/stig-services-vami.conf.

Create the file if it does not exist.

Set the contents of the file as follows:

input(type="imfile" File="/opt/vmware/var/log/lighttpd/access.log"
Tag="vami-access"
Severity="info"
Facility="local0")</fixtext><fix id="F-42914r679275_fix" /><check system="C-42955r816792_chk"><check-content-ref href="VMware_vSphere_6.7_VAMI-lighttpd_STIG.xml" name="M" /><check-content>Note: The below command must be run from a bash shell and not from a shell generated by the "appliance shell". Use the "chsh" command to change the shell for the account to "/bin/bash".

At the command prompt, execute the following command:

# grep -v "^#" /etc/vmware-syslog/stig-services-vami.conf

Expected result:

input(type="imfile" File="/opt/vmware/var/log/lighttpd/access.log"
Tag="vami-access"
Severity="info"
Facility="local0")

If the file does not exist, this is a finding.

If the output of the command does not match the expected result above, this is a finding.</check-content></check></Rule></Group><Group id="V-239723"><title>SRG-APP-000131-WSR-000051</title><description>&lt;GroupDescription&gt;&lt;/GroupDescription&gt;</description><Rule id="SV-239723r816795_rule" weight="10.0" severity="medium"><version>VCLD-67-000015</version><title>VAMI server binaries and libraries must be verified for their integrity.</title><description>&lt;VulnDiscussion&gt;Being able to verify that a patch, upgrade, certificate, etc., being added to the web server is unchanged from the producer of the file is essential for file validation and non-repudiation of the information. 

VMware delivers product updates and patches regularly. When VAMI is updated, the signed packages will also be updated. These packages can be used to verify that VAMI has not been inappropriately modified since it was installed.&lt;/VulnDiscussion&gt;&lt;FalsePositives&gt;&lt;/FalsePositives&gt;&lt;FalseNegatives&gt;&lt;/FalseNegatives&gt;&lt;Documentable&gt;false&lt;/Documentable&gt;&lt;Mitigations&gt;&lt;/Mitigations&gt;&lt;SeverityOverrideGuidance&gt;&lt;/SeverityOverrideGuidance&gt;&lt;PotentialImpacts&gt;&lt;/PotentialImpacts&gt;&lt;ThirdPartyTools&gt;&lt;/ThirdPartyTools&gt;&lt;MitigationControl&gt;&lt;/MitigationControl&gt;&lt;Responsibility&gt;&lt;/Responsibility&gt;&lt;IAControls&gt;&lt;/IAControls&gt;</description><reference><dc:title>DPMS Target VMware vSphere 6.7 VAMI-lighttpd</dc:title><dc:publisher>DISA</dc:publisher><dc:type>DPMS Target</dc:type><dc:subject>VMware vSphere 6.7 VAMI-lighttpd</dc:subject><dc:identifier>5335</dc:identifier></reference><ident system="http://cyber.mil/cci">CCI-001749</ident><fixtext fixref="F-42915r679278_fix">If the VAMI binaries have been modified from the default state when deployed as part of the VCSA, the system must be wiped and redeployed or restored from backup. 

VMware does not recommend or support recovering from such a state by reinstalling RPMs or similar efforts.</fixtext><fix id="F-42915r679278_fix" /><check system="C-42956r816794_chk"><check-content-ref href="VMware_vSphere_6.7_VAMI-lighttpd_STIG.xml" name="M" /><check-content>Note: The below command must be run from a bash shell and not from a shell generated by the "appliance shell". Use the "chsh" command to change the shell for the account to "/bin/bash".

At the command prompt, execute the following command:

# rpm -qa|grep lighttpd|xargs rpm -V|grep -vE "lighttpd.conf|vami-lighttp.*\.service"

If the command returns any output, this is a finding.</check-content></check></Rule></Group><Group id="V-239724"><title>SRG-APP-000141-WSR-000075</title><description>&lt;GroupDescription&gt;&lt;/GroupDescription&gt;</description><Rule id="SV-239724r816797_rule" weight="10.0" severity="medium"><version>VCLD-67-000016</version><title>VAMI must only load allowed server modules.</title><description>&lt;VulnDiscussion&gt;A web server can provide many features, services, and processes. Some of these may be deemed unnecessary or too unsecure to run on a production DoD system. 

VAMI can be configured to load any number of external modules, but only a specific few are provided and supported by VMware. Additional, unexpected modules must be removed.&lt;/VulnDiscussion&gt;&lt;FalsePositives&gt;&lt;/FalsePositives&gt;&lt;FalseNegatives&gt;&lt;/FalseNegatives&gt;&lt;Documentable&gt;false&lt;/Documentable&gt;&lt;Mitigations&gt;&lt;/Mitigations&gt;&lt;SeverityOverrideGuidance&gt;&lt;/SeverityOverrideGuidance&gt;&lt;PotentialImpacts&gt;&lt;/PotentialImpacts&gt;&lt;ThirdPartyTools&gt;&lt;/ThirdPartyTools&gt;&lt;MitigationControl&gt;&lt;/MitigationControl&gt;&lt;Responsibility&gt;&lt;/Responsibility&gt;&lt;IAControls&gt;&lt;/IAControls&gt;</description><reference><dc:title>DPMS Target VMware vSphere 6.7 VAMI-lighttpd</dc:title><dc:publisher>DISA</dc:publisher><dc:type>DPMS Target</dc:type><dc:subject>VMware vSphere 6.7 VAMI-lighttpd</dc:subject><dc:identifier>5335</dc:identifier></reference><ident system="http://cyber.mil/cci">CCI-000381</ident><fixtext fixref="F-42916r679281_fix">Navigate to and open /opt/vmware/etc/lighttpd/lighttpd.conf.

Configure the "server.modules" section to the following:

server.modules = (
  "mod_access",
  "mod_accesslog",
  "mod_proxy",
  "mod_cgi",
  "mod_rewrite",
)
server.modules += ( "mod_magnet" )</fixtext><fix id="F-42916r679281_fix" /><check system="C-42957r816796_chk"><check-content-ref href="VMware_vSphere_6.7_VAMI-lighttpd_STIG.xml" name="M" /><check-content>Note: The below command must be run from a bash shell and not from a shell generated by the "appliance shell". Use the "chsh" command to change the shell for the account to "/bin/bash".

At the command prompt, execute the following command:

# /opt/vmware/sbin/vami-lighttpd -p -f /opt/vmware/etc/lighttpd/lighttpd.conf|awk '/server\.modules/,/\)/'

Expected result:

    server.modules                    = (
        "mod_access",
        "mod_accesslog",
        "mod_proxy",
        "mod_cgi",
        "mod_rewrite",
        "mod_magnet",
        "mod_setenv",
        # 7
    )

If the output does not match the expected result, this is a finding.</check-content></check></Rule></Group><Group id="V-239725"><title>SRG-APP-000141-WSR-000081</title><description>&lt;GroupDescription&gt;&lt;/GroupDescription&gt;</description><Rule id="SV-239725r816799_rule" weight="10.0" severity="medium"><version>VCLD-67-000017</version><title>VAMI must have Multipurpose Internet Mail Extensions (MIME) that invoke OS shell programs disabled.</title><description>&lt;VulnDiscussion&gt;Controlling what a user of a hosted application can access is part of the security posture of the web server. Any time a user can access more functionality than is needed for the operation of the hosted application poses a security issue. A user with too much access can view information that is not needed for the user's job role, or the user could use the function in an unintentional manner.

A MIME tells the web server what type of program various file types and extensions are and what external utilities or programs are needed to execute the file type. There is no reason for VAMI to have MIME types configured for shell scripts.&lt;/VulnDiscussion&gt;&lt;FalsePositives&gt;&lt;/FalsePositives&gt;&lt;FalseNegatives&gt;&lt;/FalseNegatives&gt;&lt;Documentable&gt;false&lt;/Documentable&gt;&lt;Mitigations&gt;&lt;/Mitigations&gt;&lt;SeverityOverrideGuidance&gt;&lt;/SeverityOverrideGuidance&gt;&lt;PotentialImpacts&gt;&lt;/PotentialImpacts&gt;&lt;ThirdPartyTools&gt;&lt;/ThirdPartyTools&gt;&lt;MitigationControl&gt;&lt;/MitigationControl&gt;&lt;Responsibility&gt;&lt;/Responsibility&gt;&lt;IAControls&gt;&lt;/IAControls&gt;</description><reference><dc:title>DPMS Target VMware vSphere 6.7 VAMI-lighttpd</dc:title><dc:publisher>DISA</dc:publisher><dc:type>DPMS Target</dc:type><dc:subject>VMware vSphere 6.7 VAMI-lighttpd</dc:subject><dc:identifier>5335</dc:identifier></reference><ident system="http://cyber.mil/cci">CCI-000381</ident><fixtext fixref="F-42917r679284_fix">Navigate to and open /opt/vmware/etc/lighttpd/lighttpd.conf.

Remove any lines that reference ".sh" or ".csh" from the "mimetype.assign" section.</fixtext><fix id="F-42917r679284_fix" /><check system="C-42958r816798_chk"><check-content-ref href="VMware_vSphere_6.7_VAMI-lighttpd_STIG.xml" name="M" /><check-content>Note: The below command must be run from a bash shell and not from a shell generated by the "appliance shell". Use the "chsh" command to change the shell for the account to "/bin/bash".

At the command prompt, execute the following command:

# /opt/vmware/sbin/vami-lighttpd -p -f /opt/vmware/etc/lighttpd/lighttpd.conf|awk '/mimetype\.assign/,/\)/'|grep -E "\.sh|\.csh"

If the command returns any value, this is a finding.</check-content></check></Rule></Group><Group id="V-239726"><title>SRG-APP-000141-WSR-000081</title><description>&lt;GroupDescription&gt;&lt;/GroupDescription&gt;</description><Rule id="SV-239726r816801_rule" weight="10.0" severity="medium"><version>VCLD-67-000018</version><title>VAMI must explicitly disable Multipurpose Internet Mail Extensions (MIME) mappings based on "Content-Type".</title><description>&lt;VulnDiscussion&gt;Controlling what a user of a hosted application can access is part of the security posture of the web server. Any time a user can access more functionality than is needed for the operation of the hosted application poses a security issue. A user with too much access can view information that is not needed for the user's job role, or the user could use the function in an unintentional manner.

A MIME tells the web server what type of program various file types and extensions are and what external utilities or programs are needed to execute the file type. A limited number of MIME types must be configured manually and automatic mapping must be disabled.&lt;/VulnDiscussion&gt;&lt;FalsePositives&gt;&lt;/FalsePositives&gt;&lt;FalseNegatives&gt;&lt;/FalseNegatives&gt;&lt;Documentable&gt;false&lt;/Documentable&gt;&lt;Mitigations&gt;&lt;/Mitigations&gt;&lt;SeverityOverrideGuidance&gt;&lt;/SeverityOverrideGuidance&gt;&lt;PotentialImpacts&gt;&lt;/PotentialImpacts&gt;&lt;ThirdPartyTools&gt;&lt;/ThirdPartyTools&gt;&lt;MitigationControl&gt;&lt;/MitigationControl&gt;&lt;Responsibility&gt;&lt;/Responsibility&gt;&lt;IAControls&gt;&lt;/IAControls&gt;</description><reference><dc:title>DPMS Target VMware vSphere 6.7 VAMI-lighttpd</dc:title><dc:publisher>DISA</dc:publisher><dc:type>DPMS Target</dc:type><dc:subject>VMware vSphere 6.7 VAMI-lighttpd</dc:subject><dc:identifier>5335</dc:identifier></reference><ident system="http://cyber.mil/cci">CCI-000381</ident><fixtext fixref="F-42918r679287_fix">Navigate to and open /opt/vmware/etc/lighttpd/lighttpd.conf.

Add or reconfigure the following value:

mimetype.use-xattr        = "disable"</fixtext><fix id="F-42918r679287_fix" /><check system="C-42959r816800_chk"><check-content-ref href="VMware_vSphere_6.7_VAMI-lighttpd_STIG.xml" name="M" /><check-content>Note: The below command must be run from a bash shell and not from a shell generated by the "appliance shell". Use the "chsh" command to change the shell for the account to "/bin/bash".

At the command prompt, execute the following command:

# /opt/vmware/sbin/vami-lighttpd -p -f /opt/vmware/etc/lighttpd/lighttpd.conf|grep "mimetype.use-xattr"

Expected result:

    mimetype.use-xattr                = "disable"

If the output does not match the expected result, this is a finding.</check-content></check></Rule></Group><Group id="V-239727"><title>SRG-APP-000141-WSR-000082</title><description>&lt;GroupDescription&gt;&lt;/GroupDescription&gt;</description><Rule id="SV-239727r816803_rule" weight="10.0" severity="medium"><version>VCLD-67-000019</version><title>VAMI must remove all mappings to unused scripts.</title><description>&lt;VulnDiscussion&gt;Scripts allow server-side processing on behalf of the hosted application user or as processes needed in the implementation of hosted applications. Removing scripts not needed for application operation or deemed vulnerable helps to secure the web server. To ensure scripts are not added to the web server and run maliciously, script mappings that are not needed or used by the web server for hosted application operation must be removed.&lt;/VulnDiscussion&gt;&lt;FalsePositives&gt;&lt;/FalsePositives&gt;&lt;FalseNegatives&gt;&lt;/FalseNegatives&gt;&lt;Documentable&gt;false&lt;/Documentable&gt;&lt;Mitigations&gt;&lt;/Mitigations&gt;&lt;SeverityOverrideGuidance&gt;&lt;/SeverityOverrideGuidance&gt;&lt;PotentialImpacts&gt;&lt;/PotentialImpacts&gt;&lt;ThirdPartyTools&gt;&lt;/ThirdPartyTools&gt;&lt;MitigationControl&gt;&lt;/MitigationControl&gt;&lt;Responsibility&gt;&lt;/Responsibility&gt;&lt;IAControls&gt;&lt;/IAControls&gt;</description><reference><dc:title>DPMS Target VMware vSphere 6.7 VAMI-lighttpd</dc:title><dc:publisher>DISA</dc:publisher><dc:type>DPMS Target</dc:type><dc:subject>VMware vSphere 6.7 VAMI-lighttpd</dc:subject><dc:identifier>5335</dc:identifier></reference><ident system="http://cyber.mil/cci">CCI-000381</ident><fixtext fixref="F-42919r679290_fix">Navigate to and open /opt/vmware/etc/lighttpd/lighttpd.conf.

Configure the "cgi.assign" section to the following:

    cgi.assign                        = (
        ".pl"  =&gt; "/usr/bin/perl",
        ".cgi" =&gt; "/usr/bin/perl",
        ".rb"  =&gt; "/usr/bin/ruby",
        ".erb" =&gt; "/usr/bin/eruby",
        ".py"  =&gt; "/usr/bin/python",
        # 5
    )</fixtext><fix id="F-42919r679290_fix" /><check system="C-42960r816802_chk"><check-content-ref href="VMware_vSphere_6.7_VAMI-lighttpd_STIG.xml" name="M" /><check-content>Note: The below command must be run from a bash shell and not from a shell generated by the "appliance shell". Use the "chsh" command to change the shell for the account to "/bin/bash".

At the command prompt, execute the following command:

# /opt/vmware/sbin/vami-lighttpd -p -f /opt/vmware/etc/lighttpd/lighttpd.conf|awk '/cgi\.assign/,/\)/'

Expected result:

    cgi.assign                        = (
        ".pl"  =&gt; "/usr/bin/perl",
        ".cgi" =&gt; "/usr/bin/perl",
        ".rb"  =&gt; "/usr/bin/ruby",
        ".erb" =&gt; "/usr/bin/eruby",
        ".py"  =&gt; "/usr/bin/python",
        # 5
    )

If the output does not match the expected result, this is a finding.</check-content></check></Rule></Group><Group id="V-239728"><title>SRG-APP-000141-WSR-000083</title><description>&lt;GroupDescription&gt;&lt;/GroupDescription&gt;</description><Rule id="SV-239728r816805_rule" weight="10.0" severity="medium"><version>VCLD-67-000020</version><title>VAMI must have resource mappings set to disable the serving of certain file types.</title><description>&lt;VulnDiscussion&gt;Resource mapping is the process of tying a particular file type to a process in the web server that can serve that type of file to a requesting client and identify which file types are not to be delivered to a client.

By not specifying which files can and cannot be served to a user, VAMI could potentially deliver sensitive files.&lt;/VulnDiscussion&gt;&lt;FalsePositives&gt;&lt;/FalsePositives&gt;&lt;FalseNegatives&gt;&lt;/FalseNegatives&gt;&lt;Documentable&gt;false&lt;/Documentable&gt;&lt;Mitigations&gt;&lt;/Mitigations&gt;&lt;SeverityOverrideGuidance&gt;&lt;/SeverityOverrideGuidance&gt;&lt;PotentialImpacts&gt;&lt;/PotentialImpacts&gt;&lt;ThirdPartyTools&gt;&lt;/ThirdPartyTools&gt;&lt;MitigationControl&gt;&lt;/MitigationControl&gt;&lt;Responsibility&gt;&lt;/Responsibility&gt;&lt;IAControls&gt;&lt;/IAControls&gt;</description><reference><dc:title>DPMS Target VMware vSphere 6.7 VAMI-lighttpd</dc:title><dc:publisher>DISA</dc:publisher><dc:type>DPMS Target</dc:type><dc:subject>VMware vSphere 6.7 VAMI-lighttpd</dc:subject><dc:identifier>5335</dc:identifier></reference><ident system="http://cyber.mil/cci">CCI-000381</ident><fixtext fixref="F-42920r679293_fix">Navigate to and open /opt/vmware/etc/lighttpd/lighttpd.conf.

Add or reconfigure the following value:

url.access-deny             = ( "~", ".inc" )</fixtext><fix id="F-42920r679293_fix" /><check system="C-42961r816804_chk"><check-content-ref href="VMware_vSphere_6.7_VAMI-lighttpd_STIG.xml" name="M" /><check-content>Note: The below command must be run from a bash shell and not from a shell generated by the "appliance shell". Use the "chsh" command to change the shell for the account to "/bin/bash".

At the command prompt, execute the following command:

# /opt/vmware/sbin/vami-lighttpd -p -f /opt/vmware/etc/lighttpd/lighttpd.conf|grep "url.access-deny"

Expected result:

    url.access-deny                   = ("~", ".inc")

If the output does not match the expected result, this is a finding.</check-content></check></Rule></Group><Group id="V-239729"><title>SRG-APP-000141-WSR-000085</title><description>&lt;GroupDescription&gt;&lt;/GroupDescription&gt;</description><Rule id="SV-239729r816807_rule" weight="10.0" severity="medium"><version>VCLD-67-000021</version><title>VAMI must not have the Web Distributed Authoring (WebDAV) servlet installed.</title><description>&lt;VulnDiscussion&gt;A web server can be installed with functionality that, by its nature, is not secure. WebDAV is an extension to the HTTP protocol that, when developed, was meant to allow users to create, change, and move documents on a server, typically a web server or web share. Allowing this functionality, development, and deployment is much easier for web authors.

WebDAV is not widely used and has serious security concerns because it may allow clients to modify unauthorized files on the web server.&lt;/VulnDiscussion&gt;&lt;FalsePositives&gt;&lt;/FalsePositives&gt;&lt;FalseNegatives&gt;&lt;/FalseNegatives&gt;&lt;Documentable&gt;false&lt;/Documentable&gt;&lt;Mitigations&gt;&lt;/Mitigations&gt;&lt;SeverityOverrideGuidance&gt;&lt;/SeverityOverrideGuidance&gt;&lt;PotentialImpacts&gt;&lt;/PotentialImpacts&gt;&lt;ThirdPartyTools&gt;&lt;/ThirdPartyTools&gt;&lt;MitigationControl&gt;&lt;/MitigationControl&gt;&lt;Responsibility&gt;&lt;/Responsibility&gt;&lt;IAControls&gt;&lt;/IAControls&gt;</description><reference><dc:title>DPMS Target VMware vSphere 6.7 VAMI-lighttpd</dc:title><dc:publisher>DISA</dc:publisher><dc:type>DPMS Target</dc:type><dc:subject>VMware vSphere 6.7 VAMI-lighttpd</dc:subject><dc:identifier>5335</dc:identifier></reference><ident system="http://cyber.mil/cci">CCI-000381</ident><fixtext fixref="F-42921r679296_fix">Navigate to and open /opt/vmware/etc/lighttpd/lighttpd.conf.

Delete or comment out the "mod_webdav" line. 

The line may be in an included config and not in the parent config.</fixtext><fix id="F-42921r679296_fix" /><check system="C-42962r816806_chk"><check-content-ref href="VMware_vSphere_6.7_VAMI-lighttpd_STIG.xml" name="M" /><check-content>Note: The below command must be run from a bash shell and not from a shell generated by the "appliance shell". Use the "chsh" command to change the shell for the account to "/bin/bash".

At the command prompt, execute the following command:

# /opt/vmware/sbin/vami-lighttpd -p -f /opt/vmware/etc/lighttpd/lighttpd.conf|awk '/server\.modules/,/\)/'|grep mod_webdav

If any value is returned, this is a finding.</check-content></check></Rule></Group><Group id="V-239730"><title>SRG-APP-000141-WSR-000086</title><description>&lt;GroupDescription&gt;&lt;/GroupDescription&gt;</description><Rule id="SV-239730r816809_rule" weight="10.0" severity="medium"><version>VCLD-67-000022</version><title>VAMI must prevent hosted applications from exhausting system resources.</title><description>&lt;VulnDiscussion&gt;Most of the attention to denial-of-service (DoS) attacks focuses on ensuring that systems and applications are not victims of these attacks. However, these systems and applications must also be secured against use to launch such an attack against others. 

A variety of technologies exist to limit or, in some cases, eliminate the effects of DoS attacks. Limiting system resources that are allocated to any user to a bare minimum may also reduce the ability of users to launch some DoS attacks. 

One DoS mitigation is to prevent VAMI from keeping idle connections open for too long.&lt;/VulnDiscussion&gt;&lt;FalsePositives&gt;&lt;/FalsePositives&gt;&lt;FalseNegatives&gt;&lt;/FalseNegatives&gt;&lt;Documentable&gt;false&lt;/Documentable&gt;&lt;Mitigations&gt;&lt;/Mitigations&gt;&lt;SeverityOverrideGuidance&gt;&lt;/SeverityOverrideGuidance&gt;&lt;PotentialImpacts&gt;&lt;/PotentialImpacts&gt;&lt;ThirdPartyTools&gt;&lt;/ThirdPartyTools&gt;&lt;MitigationControl&gt;&lt;/MitigationControl&gt;&lt;Responsibility&gt;&lt;/Responsibility&gt;&lt;IAControls&gt;&lt;/IAControls&gt;</description><reference><dc:title>DPMS Target VMware vSphere 6.7 VAMI-lighttpd</dc:title><dc:publisher>DISA</dc:publisher><dc:type>DPMS Target</dc:type><dc:subject>VMware vSphere 6.7 VAMI-lighttpd</dc:subject><dc:identifier>5335</dc:identifier></reference><ident system="http://cyber.mil/cci">CCI-000381</ident><fixtext fixref="F-42922r679299_fix">Navigate to and open /opt/vmware/etc/lighttpd/lighttpd.conf file.

Add or reconfigure the following value:

server.max-keep-alive-idle = 30</fixtext><fix id="F-42922r679299_fix" /><check system="C-42963r816808_chk"><check-content-ref href="VMware_vSphere_6.7_VAMI-lighttpd_STIG.xml" name="M" /><check-content>Note: The below command must be run from a bash shell and not from a shell generated by the "appliance shell". Use the "chsh" command to change the shell for the account to "/bin/bash".

At the command prompt, execute the following command:

# /opt/vmware/sbin/vami-lighttpd -p -f /opt/vmware/etc/lighttpd/lighttpd.conf|grep "server.max-keep-alive-idle"

Expected result:

    server.max-keep-alive-idle        = 30

If the output does not match the expected result, this is a finding.</check-content></check></Rule></Group><Group id="V-239731"><title>SRG-APP-000141-WSR-000087</title><description>&lt;GroupDescription&gt;&lt;/GroupDescription&gt;</description><Rule id="SV-239731r816811_rule" weight="10.0" severity="medium"><version>VCLD-67-000023</version><title>VAMI must not have any symbolic links in the web content directory tree.</title><description>&lt;VulnDiscussion&gt;A web server is designed to deliver content and execute scripts or applications on the request of a client or user. Containing user requests to files in the directory tree of the hosted web application and limiting the execution of scripts and applications guarantees that the user is not accessing information protected outside the application's realm. 

By checking that no symbolic links exist in the document root, the web server is protected from users jumping outside the hosted application directory tree and gaining access to the other directories, including the system root.&lt;/VulnDiscussion&gt;&lt;FalsePositives&gt;&lt;/FalsePositives&gt;&lt;FalseNegatives&gt;&lt;/FalseNegatives&gt;&lt;Documentable&gt;false&lt;/Documentable&gt;&lt;Mitigations&gt;&lt;/Mitigations&gt;&lt;SeverityOverrideGuidance&gt;&lt;/SeverityOverrideGuidance&gt;&lt;PotentialImpacts&gt;&lt;/PotentialImpacts&gt;&lt;ThirdPartyTools&gt;&lt;/ThirdPartyTools&gt;&lt;MitigationControl&gt;&lt;/MitigationControl&gt;&lt;Responsibility&gt;&lt;/Responsibility&gt;&lt;IAControls&gt;&lt;/IAControls&gt;</description><reference><dc:title>DPMS Target VMware vSphere 6.7 VAMI-lighttpd</dc:title><dc:publisher>DISA</dc:publisher><dc:type>DPMS Target</dc:type><dc:subject>VMware vSphere 6.7 VAMI-lighttpd</dc:subject><dc:identifier>5335</dc:identifier></reference><ident system="http://cyber.mil/cci">CCI-000381</ident><fixtext fixref="F-42923r679302_fix">At the command prompt, enter the following command:

# unlink &lt;file_name&gt;

Note: Replace &lt;file_name&gt; for the name of any files that were returned.

Repeat the command for each file that was listed.</fixtext><fix id="F-42923r679302_fix" /><check system="C-42964r816810_chk"><check-content-ref href="VMware_vSphere_6.7_VAMI-lighttpd_STIG.xml" name="M" /><check-content>Note: The below command must be run from a bash shell and not from a shell generated by the "appliance shell". Use the "chsh" command to change the shell for the account to "/bin/bash".

At the command prompt, execute the following command:

# find /opt/vmware/share/htdocs -type l

If any files are listed, this is a finding.</check-content></check></Rule></Group><Group id="V-239732"><title>SRG-APP-000176-WSR-000096</title><description>&lt;GroupDescription&gt;&lt;/GroupDescription&gt;</description><Rule id="SV-239732r816813_rule" weight="10.0" severity="medium"><version>VCLD-67-000025</version><title>VAMI must protect the keystore from unauthorized access.</title><description>&lt;VulnDiscussion&gt;The web server's private key is used to prove the identity of the server to clients and securely exchange the shared secret key used to encrypt communications between the web server and clients. By gaining access to the private key, an attacker can pretend to be an authorized server and decrypt the SSL traffic between a client and the web server.&lt;/VulnDiscussion&gt;&lt;FalsePositives&gt;&lt;/FalsePositives&gt;&lt;FalseNegatives&gt;&lt;/FalseNegatives&gt;&lt;Documentable&gt;false&lt;/Documentable&gt;&lt;Mitigations&gt;&lt;/Mitigations&gt;&lt;SeverityOverrideGuidance&gt;&lt;/SeverityOverrideGuidance&gt;&lt;PotentialImpacts&gt;&lt;/PotentialImpacts&gt;&lt;ThirdPartyTools&gt;&lt;/ThirdPartyTools&gt;&lt;MitigationControl&gt;&lt;/MitigationControl&gt;&lt;Responsibility&gt;&lt;/Responsibility&gt;&lt;IAControls&gt;&lt;/IAControls&gt;</description><reference><dc:title>DPMS Target VMware vSphere 6.7 VAMI-lighttpd</dc:title><dc:publisher>DISA</dc:publisher><dc:type>DPMS Target</dc:type><dc:subject>VMware vSphere 6.7 VAMI-lighttpd</dc:subject><dc:identifier>5335</dc:identifier></reference><ident system="http://cyber.mil/cci">CCI-000186</ident><fixtext fixref="F-42924r679305_fix">At the command prompt, execute the following commands:

# chown root:root /etc/applmgmt/appliance/server.pem
# chmod 600 /etc/applmgmt/appliance/server.pem</fixtext><fix id="F-42924r679305_fix" /><check system="C-42965r816812_chk"><check-content-ref href="VMware_vSphere_6.7_VAMI-lighttpd_STIG.xml" name="M" /><check-content>Note: The below command must be run from a bash shell and not from a shell generated by the "appliance shell". Use the "chsh" command to change the shell for the account to "/bin/bash".

At the command prompt, execute the following command:

# stat -c "%n has %a permissions and is owned by %U:%G" /etc/applmgmt/appliance/server.pem

Expected result:

/etc/applmgmt/appliance/server.pem has 600 permissions and is owned by root:root

If the output does not match the expected result, this is a finding.</check-content></check></Rule></Group><Group id="V-239733"><title>SRG-APP-000211-WSR-000030</title><description>&lt;GroupDescription&gt;&lt;/GroupDescription&gt;</description><Rule id="SV-239733r816815_rule" weight="10.0" severity="medium"><version>VCLD-67-000026</version><title>VAMI must restrict access to the web root.</title><description>&lt;VulnDiscussion&gt;As a rule, accounts on a web server are to be kept to a minimum, and those accounts are then restricted as to what they are allowed to access. The web root of the VAMI Lighttpd installation contains the content that is served up to the end user. This content must have the minimum necessary permissions and proper ownership to help protect against unprivileged modification of the content.&lt;/VulnDiscussion&gt;&lt;FalsePositives&gt;&lt;/FalsePositives&gt;&lt;FalseNegatives&gt;&lt;/FalseNegatives&gt;&lt;Documentable&gt;false&lt;/Documentable&gt;&lt;Mitigations&gt;&lt;/Mitigations&gt;&lt;SeverityOverrideGuidance&gt;&lt;/SeverityOverrideGuidance&gt;&lt;PotentialImpacts&gt;&lt;/PotentialImpacts&gt;&lt;ThirdPartyTools&gt;&lt;/ThirdPartyTools&gt;&lt;MitigationControl&gt;&lt;/MitigationControl&gt;&lt;Responsibility&gt;&lt;/Responsibility&gt;&lt;IAControls&gt;&lt;/IAControls&gt;</description><reference><dc:title>DPMS Target VMware vSphere 6.7 VAMI-lighttpd</dc:title><dc:publisher>DISA</dc:publisher><dc:type>DPMS Target</dc:type><dc:subject>VMware vSphere 6.7 VAMI-lighttpd</dc:subject><dc:identifier>5335</dc:identifier></reference><ident system="http://cyber.mil/cci">CCI-001082</ident><fixtext fixref="F-42925r679308_fix">At the command prompt, execute the following commands:

# chmod 0755 &lt;directory&gt;
# chown root:root &lt;directory&gt;

Note: Substitute &lt;directory&gt; with each directory returned from the check.</fixtext><fix id="F-42925r679308_fix" /><check system="C-42966r816814_chk"><check-content-ref href="VMware_vSphere_6.7_VAMI-lighttpd_STIG.xml" name="M" /><check-content>Note: The below command must be run from a bash shell and not from a shell generated by the "appliance shell". Use the "chsh" command to change the shell for the account to "/bin/bash".

At the command prompt, execute the following command:

# find /opt/vmware/share/htdocs/ -xdev -type d -a '(' -not -perm 0755 -o -not -user root -o -not -group root ')' -exec ls -ld {} \;

If any files are returned, this is a finding.</check-content></check></Rule></Group><Group id="V-239734"><title>SRG-APP-000246-WSR-000149</title><description>&lt;GroupDescription&gt;&lt;/GroupDescription&gt;</description><Rule id="SV-239734r816817_rule" weight="10.0" severity="medium"><version>VCLD-67-000027</version><title>VAMI must protect against or limit the effects of HTTP types of denial-of-service (DoS) attacks.</title><description>&lt;VulnDiscussion&gt;In UNIX and related computer operating systems, a file descriptor is an indicator used to access a file or other input/output resource, such as a pipe or network connection. File descriptors index into a per-process file descriptor table maintained by the kernel, which in turn indexes into a system-wide table of files opened by all processes, called the file table.

As a single-threaded server, Lighttpd must be limited in the number of file descriptors that can be allocated. This will prevent Lighttpd from being used in a form of DoS attack against the operating system.&lt;/VulnDiscussion&gt;&lt;FalsePositives&gt;&lt;/FalsePositives&gt;&lt;FalseNegatives&gt;&lt;/FalseNegatives&gt;&lt;Documentable&gt;false&lt;/Documentable&gt;&lt;Mitigations&gt;&lt;/Mitigations&gt;&lt;SeverityOverrideGuidance&gt;&lt;/SeverityOverrideGuidance&gt;&lt;PotentialImpacts&gt;&lt;/PotentialImpacts&gt;&lt;ThirdPartyTools&gt;&lt;/ThirdPartyTools&gt;&lt;MitigationControl&gt;&lt;/MitigationControl&gt;&lt;Responsibility&gt;&lt;/Responsibility&gt;&lt;IAControls&gt;&lt;/IAControls&gt;</description><reference><dc:title>DPMS Target VMware vSphere 6.7 VAMI-lighttpd</dc:title><dc:publisher>DISA</dc:publisher><dc:type>DPMS Target</dc:type><dc:subject>VMware vSphere 6.7 VAMI-lighttpd</dc:subject><dc:identifier>5335</dc:identifier></reference><ident system="http://cyber.mil/cci">CCI-001094</ident><fixtext fixref="F-42926r679311_fix">Navigate to and open /opt/vmware/etc/lighttpd/lighttpd.conf.

Add or reconfigure the following value:

server.max-fds = 2048</fixtext><fix id="F-42926r679311_fix" /><check system="C-42967r816816_chk"><check-content-ref href="VMware_vSphere_6.7_VAMI-lighttpd_STIG.xml" name="M" /><check-content>Note: The below command must be run from a bash shell and not from a shell generated by the "appliance shell". Use the "chsh" command to change the shell for the account to "/bin/bash".

At the command prompt, execute the following command:

# /opt/vmware/sbin/vami-lighttpd -p -f /opt/vmware/etc/lighttpd/lighttpd.conf|grep "server.max-fds"

Expected result:

    server.max-fds                    = 2048

If the output does not match the expected result, this is a finding.</check-content></check></Rule></Group><Group id="V-239735"><title>SRG-APP-000251-WSR-000157</title><description>&lt;GroupDescription&gt;&lt;/GroupDescription&gt;</description><Rule id="SV-239735r816819_rule" weight="10.0" severity="medium"><version>VCLD-67-000028</version><title>VAMI must set the encoding for all text mime types to UTF-8.</title><description>&lt;VulnDiscussion&gt;Invalid user input occurs when a user inserts data or characters into a hosted application's data entry field and the hosted application is unprepared to process that data. This results in unanticipated application behavior, potentially leading to an application compromise. Invalid user input is one of the primary methods employed when attempting to compromise an application. 

An attacker can also enter Unicode into hosted applications in an effort to break out of the document home or root home directory or to bypass security checks.&lt;/VulnDiscussion&gt;&lt;FalsePositives&gt;&lt;/FalsePositives&gt;&lt;FalseNegatives&gt;&lt;/FalseNegatives&gt;&lt;Documentable&gt;false&lt;/Documentable&gt;&lt;Mitigations&gt;&lt;/Mitigations&gt;&lt;SeverityOverrideGuidance&gt;&lt;/SeverityOverrideGuidance&gt;&lt;PotentialImpacts&gt;&lt;/PotentialImpacts&gt;&lt;ThirdPartyTools&gt;&lt;/ThirdPartyTools&gt;&lt;MitigationControl&gt;&lt;/MitigationControl&gt;&lt;Responsibility&gt;&lt;/Responsibility&gt;&lt;IAControls&gt;&lt;/IAControls&gt;</description><reference><dc:title>DPMS Target VMware vSphere 6.7 VAMI-lighttpd</dc:title><dc:publisher>DISA</dc:publisher><dc:type>DPMS Target</dc:type><dc:subject>VMware vSphere 6.7 VAMI-lighttpd</dc:subject><dc:identifier>5335</dc:identifier></reference><ident system="http://cyber.mil/cci">CCI-001310</ident><fixtext fixref="F-42927r679314_fix">Navigate to and open /opt/vmware/etc/lighttpd/lighttpd.conf.

Navigate to the "mimetype.assign" block. 

Replace all the mappings whose assigned type is "text/*" with mappings for UTF-8 encoding, as follows:

  ".css"          =&gt;      "text/css; charset=utf-8",
  ".html"         =&gt;      "text/html; charset=utf-8",
  ".htm"          =&gt;      "text/html; charset=utf-8",
  ".js"           =&gt;      "text/javascript; charset=utf-8",
  ".asc"          =&gt;      "text/plain; charset=utf-8",
  ".c"            =&gt;      "text/plain; charset=utf-8",
  ".cpp"          =&gt;      "text/plain; charset=utf-8",
  ".log"          =&gt;      "text/plain; charset=utf-8",
  ".conf"         =&gt;      "text/plain; charset=utf-8",
  ".text"         =&gt;      "text/plain; charset=utf-8",
  ".txt"          =&gt;      "text/plain; charset=utf-8",
  ".spec"         =&gt;      "text/plain; charset=utf-8",
  ".dtd"          =&gt;      "text/xml; charset=utf-8",
  ".xml"          =&gt;      "text/xml; charset=utf-8",</fixtext><fix id="F-42927r679314_fix" /><check system="C-42968r816818_chk"><check-content-ref href="VMware_vSphere_6.7_VAMI-lighttpd_STIG.xml" name="M" /><check-content>Note: The below command must be run from a bash shell and not from a shell generated by the "appliance shell". Use the "chsh" command to change the shell for the account to "/bin/bash".

At the command prompt, execute the following command:

# /opt/vmware/sbin/vami-lighttpd -p -f /opt/vmware/etc/lighttpd/lighttpd.conf|awk '/mimetype\.assign/,/\)/'|grep "text/"|grep -v "charset=utf-8"

If the command returns any value, this is a finding.</check-content></check></Rule></Group><Group id="V-239736"><title>SRG-APP-000266-WSR-000142</title><description>&lt;GroupDescription&gt;&lt;/GroupDescription&gt;</description><Rule id="SV-239736r816821_rule" weight="10.0" severity="medium"><version>VCLD-67-000029</version><title>VAMI must disable directory browsing.</title><description>&lt;VulnDiscussion&gt;The goal is to completely control the web user's experience in navigating any portion of the web document root directories. Ensuring all web content directories have at least the equivalent of an "index.html" file is a significant factor to accomplish this end.

Enumeration techniques, such as URL parameter manipulation, rely on being able to obtain information about the web server's directory structure by locating directories without default pages. In this scenario, the web server will display to the user a listing of the files in the directory being accessed. By having a default hosted application web page, the anonymous web user will not obtain directory browsing information or an error message that reveals the server type and version.&lt;/VulnDiscussion&gt;&lt;FalsePositives&gt;&lt;/FalsePositives&gt;&lt;FalseNegatives&gt;&lt;/FalseNegatives&gt;&lt;Documentable&gt;false&lt;/Documentable&gt;&lt;Mitigations&gt;&lt;/Mitigations&gt;&lt;SeverityOverrideGuidance&gt;&lt;/SeverityOverrideGuidance&gt;&lt;PotentialImpacts&gt;&lt;/PotentialImpacts&gt;&lt;ThirdPartyTools&gt;&lt;/ThirdPartyTools&gt;&lt;MitigationControl&gt;&lt;/MitigationControl&gt;&lt;Responsibility&gt;&lt;/Responsibility&gt;&lt;IAControls&gt;&lt;/IAControls&gt;</description><reference><dc:title>DPMS Target VMware vSphere 6.7 VAMI-lighttpd</dc:title><dc:publisher>DISA</dc:publisher><dc:type>DPMS Target</dc:type><dc:subject>VMware vSphere 6.7 VAMI-lighttpd</dc:subject><dc:identifier>5335</dc:identifier></reference><ident system="http://cyber.mil/cci">CCI-001312</ident><fixtext fixref="F-42928r679317_fix">Navigate to and open /opt/vmware/etc/lighttpd/lighttpd.conf.

Add or reconfigure the following value:

 dir-listing.activate  = "disable"</fixtext><fix id="F-42928r679317_fix" /><check system="C-42969r816820_chk"><check-content-ref href="VMware_vSphere_6.7_VAMI-lighttpd_STIG.xml" name="M" /><check-content>Note: The below command must be run from a bash shell and not from a shell generated by the "appliance shell". Use the "chsh" command to change the shell for the account to "/bin/bash".

At the command prompt, execute the following command:

# /opt/vmware/sbin/vami-lighttpd -p -f /opt/vmware/etc/lighttpd/lighttpd.conf|grep "dir-listing.activate"

Expected result:

    dir-listing.activate              = "disable"

If the output does not match the expected result, this is a finding.</check-content></check></Rule></Group><Group id="V-239737"><title>SRG-APP-000266-WSR-000159</title><description>&lt;GroupDescription&gt;&lt;/GroupDescription&gt;</description><Rule id="SV-239737r816823_rule" weight="10.0" severity="medium"><version>VCLD-67-000030</version><title>VAMI must not be configured to use "mod_status".</title><description>&lt;VulnDiscussion&gt;Any application providing too much information in error logs and in administrative messages to the screen risks compromising the data and security of the application and system.

VAMI must only generate error messages that provide information necessary for corrective actions without revealing sensitive or potentially harmful information in error logs and administrative messages. The "mod_status" module generates the status overview of the webserver. 

The information covers:

- uptime
- average throughput
- current throughput
- active connections and their state

While this information is useful on a development system, production systems must not have "mod_status" enabled.&lt;/VulnDiscussion&gt;&lt;FalsePositives&gt;&lt;/FalsePositives&gt;&lt;FalseNegatives&gt;&lt;/FalseNegatives&gt;&lt;Documentable&gt;false&lt;/Documentable&gt;&lt;Mitigations&gt;&lt;/Mitigations&gt;&lt;SeverityOverrideGuidance&gt;&lt;/SeverityOverrideGuidance&gt;&lt;PotentialImpacts&gt;&lt;/PotentialImpacts&gt;&lt;ThirdPartyTools&gt;&lt;/ThirdPartyTools&gt;&lt;MitigationControl&gt;&lt;/MitigationControl&gt;&lt;Responsibility&gt;&lt;/Responsibility&gt;&lt;IAControls&gt;&lt;/IAControls&gt;</description><reference><dc:title>DPMS Target VMware vSphere 6.7 VAMI-lighttpd</dc:title><dc:publisher>DISA</dc:publisher><dc:type>DPMS Target</dc:type><dc:subject>VMware vSphere 6.7 VAMI-lighttpd</dc:subject><dc:identifier>5335</dc:identifier></reference><ident system="http://cyber.mil/cci">CCI-001312</ident><fixtext fixref="F-42929r679320_fix">Navigate to and open /opt/vmware/etc/lighttpd/lighttpd.conf.

Remove the line containing "mod_status". 

The line may be in an included config and not in the parent config itself.</fixtext><fix id="F-42929r679320_fix" /><check system="C-42970r816822_chk"><check-content-ref href="VMware_vSphere_6.7_VAMI-lighttpd_STIG.xml" name="M" /><check-content>Note: The below command must be run from a bash shell and not from a shell generated by the "appliance shell". Use the "chsh" command to change the shell for the account to "/bin/bash".

At the command prompt, execute the following command: 

# /opt/vmware/sbin/vami-lighttpd -p -f /opt/vmware/etc/lighttpd/lighttpd.conf|awk '/server\.modules/,/\)/'|grep mod_status

If any value is returned, this is a finding.</check-content></check></Rule></Group><Group id="V-239738"><title>SRG-APP-000266-WSR-000160</title><description>&lt;GroupDescription&gt;&lt;/GroupDescription&gt;</description><Rule id="SV-239738r816825_rule" weight="10.0" severity="medium"><version>VCLD-67-000031</version><title>VAMI must have debug logging disabled.</title><description>&lt;VulnDiscussion&gt;Information needed by an attacker to begin looking for possible vulnerabilities in a web server includes any information about the web server and plug-ins or modules being used. When debugging or trace information is enabled in a production web server, information about the web server, such as web server type, version, patches installed, plug-ins and modules installed, type of code being used by the hosted application, and any backends being used for data storage, may be displayed. 

Since this information may be placed in logs and general messages during normal operation of the web server, an attacker does not need to cause an error condition to gain this information.&lt;/VulnDiscussion&gt;&lt;FalsePositives&gt;&lt;/FalsePositives&gt;&lt;FalseNegatives&gt;&lt;/FalseNegatives&gt;&lt;Documentable&gt;false&lt;/Documentable&gt;&lt;Mitigations&gt;&lt;/Mitigations&gt;&lt;SeverityOverrideGuidance&gt;&lt;/SeverityOverrideGuidance&gt;&lt;PotentialImpacts&gt;&lt;/PotentialImpacts&gt;&lt;ThirdPartyTools&gt;&lt;/ThirdPartyTools&gt;&lt;MitigationControl&gt;&lt;/MitigationControl&gt;&lt;Responsibility&gt;&lt;/Responsibility&gt;&lt;IAControls&gt;&lt;/IAControls&gt;</description><reference><dc:title>DPMS Target VMware vSphere 6.7 VAMI-lighttpd</dc:title><dc:publisher>DISA</dc:publisher><dc:type>DPMS Target</dc:type><dc:subject>VMware vSphere 6.7 VAMI-lighttpd</dc:subject><dc:identifier>5335</dc:identifier></reference><ident system="http://cyber.mil/cci">CCI-001312</ident><fixtext fixref="F-42930r679323_fix">Navigate to and open /opt/vmware/etc/lighttpd/lighttpd.conf.

Add or reconfigure the following value:

debug.log-request-handling = "disable"</fixtext><fix id="F-42930r679323_fix" /><check system="C-42971r816824_chk"><check-content-ref href="VMware_vSphere_6.7_VAMI-lighttpd_STIG.xml" name="M" /><check-content>Note: The below command must be run from a bash shell and not from a shell generated by the "appliance shell". Use the "chsh" command to change the shell for the account to "/bin/bash".

At the command prompt, execute the following command: 

# /opt/vmware/sbin/vami-lighttpd -p -f /opt/vmware/etc/lighttpd/lighttpd.conf|grep "debug.log-request-handling"

Expected result:

    debug.log-request-handling        = "disable"

If the output does not match the expected result, this is a finding.</check-content></check></Rule></Group><Group id="V-239739"><title>SRG-APP-000380-WSR-000072</title><description>&lt;GroupDescription&gt;&lt;/GroupDescription&gt;</description><Rule id="SV-239739r816827_rule" weight="10.0" severity="medium"><version>VCLD-67-000032</version><title>VAMI configuration files must be protected from unauthorized access.</title><description>&lt;VulnDiscussion&gt;Accounts on the VAMI server are to be kept to a minimum. Only administrators, web managers, developers, auditors, and web authors require accounts on the machine hosting the Lighttpd server. The resources to which these accounts have access must also be closely monitored and controlled. Only the system administrator needs access to all of the system's capabilities, while the web administrator and associated staff require access and control of the web content and the Lighttpd server configuration files.&lt;/VulnDiscussion&gt;&lt;FalsePositives&gt;&lt;/FalsePositives&gt;&lt;FalseNegatives&gt;&lt;/FalseNegatives&gt;&lt;Documentable&gt;false&lt;/Documentable&gt;&lt;Mitigations&gt;&lt;/Mitigations&gt;&lt;SeverityOverrideGuidance&gt;&lt;/SeverityOverrideGuidance&gt;&lt;PotentialImpacts&gt;&lt;/PotentialImpacts&gt;&lt;ThirdPartyTools&gt;&lt;/ThirdPartyTools&gt;&lt;MitigationControl&gt;&lt;/MitigationControl&gt;&lt;Responsibility&gt;&lt;/Responsibility&gt;&lt;IAControls&gt;&lt;/IAControls&gt;</description><reference><dc:title>DPMS Target VMware vSphere 6.7 VAMI-lighttpd</dc:title><dc:publisher>DISA</dc:publisher><dc:type>DPMS Target</dc:type><dc:subject>VMware vSphere 6.7 VAMI-lighttpd</dc:subject><dc:identifier>5335</dc:identifier></reference><ident system="http://cyber.mil/cci">CCI-001813</ident><fixtext fixref="F-42931r679326_fix">At the command prompt, enter the following command:

# chmod 644 &lt;file&gt;
# chown root:root &lt;file&gt;

Note: Replace &lt;file&gt; with every file returned from the command in the check.</fixtext><fix id="F-42931r679326_fix" /><check system="C-42972r816826_chk"><check-content-ref href="VMware_vSphere_6.7_VAMI-lighttpd_STIG.xml" name="M" /><check-content>Note: The below command must be run from a bash shell and not from a shell generated by the "appliance shell". Use the "chsh" command to change the shell for the account to "/bin/bash".

At the command prompt, execute the following command:

# stat -c "%n permissions are %a and ownership is %U:%G" /opt/vmware/etc/lighttpd/lighttpd.conf /etc/applmgmt/appliance/lighttpd.conf

Expected result:

/opt/vmware/etc/lighttpd/lighttpd.conf permissions are 644 and ownership is root:root
/etc/applmgmt/appliance/lighttpd.conf permissions are 644 and ownership is root:root

If the output does not match the expected result, this is a finding.</check-content></check></Rule></Group><Group id="V-239740"><title>SRG-APP-000435-WSR-000147</title><description>&lt;GroupDescription&gt;&lt;/GroupDescription&gt;</description><Rule id="SV-239740r816829_rule" weight="10.0" severity="medium"><version>VCLD-67-000033</version><title>VAMI must be protected from being stopped by a non-privileged user.</title><description>&lt;VulnDiscussion&gt;An attacker has at least two reasons to stop a web server. The first is to cause a denial of service, and the second is to put in place changes the attacker made to the web server configuration. Therefore, only administrators should ever be able to stop VAMI.

The VAMI is configured out of the box to be owned by root. This configuration must be verified and maintained.&lt;/VulnDiscussion&gt;&lt;FalsePositives&gt;&lt;/FalsePositives&gt;&lt;FalseNegatives&gt;&lt;/FalseNegatives&gt;&lt;Documentable&gt;false&lt;/Documentable&gt;&lt;Mitigations&gt;&lt;/Mitigations&gt;&lt;SeverityOverrideGuidance&gt;&lt;/SeverityOverrideGuidance&gt;&lt;PotentialImpacts&gt;&lt;/PotentialImpacts&gt;&lt;ThirdPartyTools&gt;&lt;/ThirdPartyTools&gt;&lt;MitigationControl&gt;&lt;/MitigationControl&gt;&lt;Responsibility&gt;&lt;/Responsibility&gt;&lt;IAControls&gt;&lt;/IAControls&gt;</description><reference><dc:title>DPMS Target VMware vSphere 6.7 VAMI-lighttpd</dc:title><dc:publisher>DISA</dc:publisher><dc:type>DPMS Target</dc:type><dc:subject>VMware vSphere 6.7 VAMI-lighttpd</dc:subject><dc:identifier>5335</dc:identifier></reference><ident system="http://cyber.mil/cci">CCI-002385</ident><fixtext fixref="F-42932r679329_fix">Navigate to and open /usr/lib/systemd/system/vami-lighttp.service in a text editor.

Under the "[Service]" section, remove the line that beings with "User=".

At the command prompt, execute the following command:

# service vami-lighttp restart</fixtext><fix id="F-42932r679329_fix" /><check system="C-42973r816828_chk"><check-content-ref href="VMware_vSphere_6.7_VAMI-lighttpd_STIG.xml" name="M" /><check-content>Note: The below command must be run from a bash shell and not from a shell generated by the "appliance shell". Use the "chsh" command to change the shell for the account to "/bin/bash".

At the command prompt, execute the following command:

# ps -f -U root | awk '$0 ~ /vami-lighttpd/ &amp;&amp; $0 !~ /awk/ {print $1}'

Expected result:

root

If the output does not match the expected result, this is a finding.</check-content></check></Rule></Group><Group id="V-239741"><title>SRG-APP-000439-WSR-000156</title><description>&lt;GroupDescription&gt;&lt;/GroupDescription&gt;</description><Rule id="SV-239741r816831_rule" weight="10.0" severity="high"><version>VCLD-67-000034</version><title>VAMI must implement TLS1.2 exclusively.</title><description>&lt;VulnDiscussion&gt;Transport Layer Security (TLS) is a required transmission protocol for a web server hosting controlled information. The use of TLS provides confidentiality of data in transit between the web server and client. FIPS 140-2 approved TLS versions must be enabled, and non-FIPS-approved SSL versions must be disabled.

VAMI comes configured to use only TLS 1.2. This configuration must be verified and maintained.&lt;/VulnDiscussion&gt;&lt;FalsePositives&gt;&lt;/FalsePositives&gt;&lt;FalseNegatives&gt;&lt;/FalseNegatives&gt;&lt;Documentable&gt;false&lt;/Documentable&gt;&lt;Mitigations&gt;&lt;/Mitigations&gt;&lt;SeverityOverrideGuidance&gt;&lt;/SeverityOverrideGuidance&gt;&lt;PotentialImpacts&gt;&lt;/PotentialImpacts&gt;&lt;ThirdPartyTools&gt;&lt;/ThirdPartyTools&gt;&lt;MitigationControl&gt;&lt;/MitigationControl&gt;&lt;Responsibility&gt;&lt;/Responsibility&gt;&lt;IAControls&gt;&lt;/IAControls&gt;</description><reference><dc:title>DPMS Target VMware vSphere 6.7 VAMI-lighttpd</dc:title><dc:publisher>DISA</dc:publisher><dc:type>DPMS Target</dc:type><dc:subject>VMware vSphere 6.7 VAMI-lighttpd</dc:subject><dc:identifier>5335</dc:identifier></reference><ident system="http://cyber.mil/cci">CCI-002418</ident><fixtext fixref="F-42933r679332_fix">Navigate to and open /opt/vmware/etc/lighttpd/lighttpd.conf.

Replace any and all "ssl.use-*" lines with following:

ssl.use-tlsv12 = "enable"
ssl.use-sslv2 = "disable"
ssl.use-sslv3 = "disable"
ssl.use-tlsv10 = "disable"
ssl.use-tlsv11 = "disable"</fixtext><fix id="F-42933r679332_fix" /><check system="C-42974r816830_chk"><check-content-ref href="VMware_vSphere_6.7_VAMI-lighttpd_STIG.xml" name="M" /><check-content>Note: The below command must be run from a bash shell and not from a shell generated by the "appliance shell". Use the "chsh" command to change the shell for the account to "/bin/bash".

At the command prompt, execute the following command: 

# /opt/vmware/sbin/vami-lighttpd -p -f /opt/vmware/etc/lighttpd/lighttpd.conf|grep "ssl.use"

Expected result:

    ssl.use-tlsv12                    = "enable"
    ssl.use-sslv2                     = "disable"
    ssl.use-sslv3                     = "disable"
    ssl.use-tlsv10                    = "disable"
    ssl.use-tlsv11                    = "disable"

If the output does not match the expected result, this is a finding.</check-content></check></Rule></Group></Benchmark>