<?xml version="1.0" encoding="utf-8"?><?xml-stylesheet type='text/xsl' href='STIG_unclass.xsl'?><Benchmark xmlns:dc="http://purl.org/dc/elements/1.1/" xmlns:xsi="http://www.w3.org/2001/XMLSchema-instance" xmlns:cpe="http://cpe.mitre.org/language/2.0" xmlns:xhtml="http://www.w3.org/1999/xhtml" xmlns:dsig="http://www.w3.org/2000/09/xmldsig#" xsi:schemaLocation="http://checklists.nist.gov/xccdf/1.1 http://nvd.nist.gov/schema/xccdf-1.1.4.xsd http://cpe.mitre.org/dictionary/2.0 http://cpe.mitre.org/files/cpe-dictionary_2.1.xsd" id="VMW_vSphere_6-7_STS_Tomcat_STIG" xml:lang="en" xmlns="http://checklists.nist.gov/xccdf/1.1"><status date="2022-01-03">accepted</status><title>VMware vSphere 6.7 STS Tomcat Security Technical Implementation Guide</title><description>This Security Technical Implementation Guide is published as a tool to 
improve the security of Department of Defense (DoD) information systems. The requirements are derived from the National Institute of Standards and Technology (NIST) 800-53 and related documents. Comments or proposed revisions to this document should be sent via email to the following address: disa.stig_spt@mail.mil.</description><notice id="terms-of-use" xml:lang="en"></notice><front-matter xml:lang="en"></front-matter><rear-matter xml:lang="en"></rear-matter><reference href="https://cyber.mil"><dc:publisher>DISA</dc:publisher><dc:source>STIG.DOD.MIL</dc:source></reference><plain-text id="release-info">Release: 2 Benchmark Date: 08 Feb 2022</plain-text><plain-text id="generator">3.2.2.36079</plain-text><plain-text id="conventionsVersion">1.10.0</plain-text><version>1</version><Profile id="MAC-1_Classified"><title>I - Mission Critical Classified</title><description>&lt;ProfileDescription&gt;&lt;/ProfileDescription&gt;</description><select idref="V-239652" selected="true" /><select idref="V-239653" selected="true" /><select idref="V-239654" selected="true" /><select idref="V-239655" selected="true" /><select idref="V-239656" selected="true" /><select idref="V-239657" selected="true" /><select idref="V-239658" selected="true" /><select idref="V-239659" selected="true" /><select idref="V-239660" selected="true" /><select idref="V-239661" selected="true" /><select idref="V-239662" selected="true" /><select idref="V-239663" selected="true" /><select idref="V-239664" selected="true" /><select idref="V-239665" selected="true" /><select idref="V-239666" selected="true" /><select idref="V-239667" selected="true" /><select idref="V-239668" selected="true" /><select idref="V-239669" selected="true" /><select idref="V-239670" selected="true" /><select idref="V-239671" selected="true" /><select idref="V-239672" selected="true" /><select idref="V-239673" selected="true" /><select idref="V-239674" selected="true" /><select idref="V-239675" selected="true" /><select idref="V-239676" selected="true" /><select idref="V-239677" selected="true" /><select idref="V-239678" selected="true" /><select idref="V-239679" selected="true" /><select idref="V-239680" selected="true" /><select idref="V-239681" selected="true" /></Profile><Profile id="MAC-1_Public"><title>I - Mission Critical Public</title><description>&lt;ProfileDescription&gt;&lt;/ProfileDescription&gt;</description><select idref="V-239652" selected="true" /><select idref="V-239653" selected="true" /><select idref="V-239654" selected="true" /><select idref="V-239655" selected="true" /><select idref="V-239656" selected="true" /><select idref="V-239657" selected="true" /><select idref="V-239658" selected="true" /><select idref="V-239659" selected="true" /><select idref="V-239660" selected="true" /><select idref="V-239661" selected="true" /><select idref="V-239662" selected="true" /><select idref="V-239663" selected="true" /><select idref="V-239664" selected="true" /><select idref="V-239665" selected="true" /><select idref="V-239666" selected="true" /><select idref="V-239667" selected="true" /><select idref="V-239668" selected="true" /><select idref="V-239669" selected="true" /><select idref="V-239670" selected="true" /><select idref="V-239671" selected="true" /><select idref="V-239672" selected="true" /><select idref="V-239673" selected="true" /><select idref="V-239674" selected="true" /><select idref="V-239675" selected="true" /><select idref="V-239676" selected="true" /><select idref="V-239677" selected="true" /><select idref="V-239678" selected="true" /><select idref="V-239679" selected="true" /><select idref="V-239680" selected="true" /><select idref="V-239681" selected="true" /></Profile><Profile id="MAC-1_Sensitive"><title>I - Mission Critical Sensitive</title><description>&lt;ProfileDescription&gt;&lt;/ProfileDescription&gt;</description><select idref="V-239652" selected="true" /><select idref="V-239653" selected="true" /><select idref="V-239654" selected="true" /><select idref="V-239655" selected="true" /><select idref="V-239656" selected="true" /><select idref="V-239657" selected="true" /><select idref="V-239658" selected="true" /><select idref="V-239659" selected="true" /><select idref="V-239660" selected="true" /><select idref="V-239661" selected="true" /><select idref="V-239662" selected="true" /><select idref="V-239663" selected="true" /><select idref="V-239664" selected="true" /><select idref="V-239665" selected="true" /><select idref="V-239666" selected="true" /><select idref="V-239667" selected="true" /><select idref="V-239668" selected="true" /><select idref="V-239669" selected="true" /><select idref="V-239670" selected="true" /><select idref="V-239671" selected="true" /><select idref="V-239672" selected="true" /><select idref="V-239673" selected="true" /><select idref="V-239674" selected="true" /><select idref="V-239675" selected="true" /><select idref="V-239676" selected="true" /><select idref="V-239677" selected="true" /><select idref="V-239678" selected="true" /><select idref="V-239679" selected="true" /><select idref="V-239680" selected="true" /><select idref="V-239681" selected="true" /></Profile><Profile id="MAC-2_Classified"><title>II - Mission Support Classified</title><description>&lt;ProfileDescription&gt;&lt;/ProfileDescription&gt;</description><select idref="V-239652" selected="true" /><select idref="V-239653" selected="true" /><select idref="V-239654" selected="true" /><select idref="V-239655" selected="true" /><select idref="V-239656" selected="true" /><select idref="V-239657" selected="true" /><select idref="V-239658" selected="true" /><select idref="V-239659" selected="true" /><select idref="V-239660" selected="true" /><select idref="V-239661" selected="true" /><select idref="V-239662" selected="true" /><select idref="V-239663" selected="true" /><select idref="V-239664" selected="true" /><select idref="V-239665" selected="true" /><select idref="V-239666" selected="true" /><select idref="V-239667" selected="true" /><select idref="V-239668" selected="true" /><select idref="V-239669" selected="true" /><select idref="V-239670" selected="true" /><select idref="V-239671" selected="true" /><select idref="V-239672" selected="true" /><select idref="V-239673" selected="true" /><select idref="V-239674" selected="true" /><select idref="V-239675" selected="true" /><select idref="V-239676" selected="true" /><select idref="V-239677" selected="true" /><select idref="V-239678" selected="true" /><select idref="V-239679" selected="true" /><select idref="V-239680" selected="true" /><select idref="V-239681" selected="true" /></Profile><Profile id="MAC-2_Public"><title>II - Mission Support Public</title><description>&lt;ProfileDescription&gt;&lt;/ProfileDescription&gt;</description><select idref="V-239652" selected="true" /><select idref="V-239653" selected="true" /><select idref="V-239654" selected="true" /><select idref="V-239655" selected="true" /><select idref="V-239656" selected="true" /><select idref="V-239657" selected="true" /><select idref="V-239658" selected="true" /><select idref="V-239659" selected="true" /><select idref="V-239660" selected="true" /><select idref="V-239661" selected="true" /><select idref="V-239662" selected="true" /><select idref="V-239663" selected="true" /><select idref="V-239664" selected="true" /><select idref="V-239665" selected="true" /><select idref="V-239666" selected="true" /><select idref="V-239667" selected="true" /><select idref="V-239668" selected="true" /><select idref="V-239669" selected="true" /><select idref="V-239670" selected="true" /><select idref="V-239671" selected="true" /><select idref="V-239672" selected="true" /><select idref="V-239673" selected="true" /><select idref="V-239674" selected="true" /><select idref="V-239675" selected="true" /><select idref="V-239676" selected="true" /><select idref="V-239677" selected="true" /><select idref="V-239678" selected="true" /><select idref="V-239679" selected="true" /><select idref="V-239680" selected="true" /><select idref="V-239681" selected="true" /></Profile><Profile id="MAC-2_Sensitive"><title>II - Mission Support Sensitive</title><description>&lt;ProfileDescription&gt;&lt;/ProfileDescription&gt;</description><select idref="V-239652" selected="true" /><select idref="V-239653" selected="true" /><select idref="V-239654" selected="true" /><select idref="V-239655" selected="true" /><select idref="V-239656" selected="true" /><select idref="V-239657" selected="true" /><select idref="V-239658" selected="true" /><select idref="V-239659" selected="true" /><select idref="V-239660" selected="true" /><select idref="V-239661" selected="true" /><select idref="V-239662" selected="true" /><select idref="V-239663" selected="true" /><select idref="V-239664" selected="true" /><select idref="V-239665" selected="true" /><select idref="V-239666" selected="true" /><select idref="V-239667" selected="true" /><select idref="V-239668" selected="true" /><select idref="V-239669" selected="true" /><select idref="V-239670" selected="true" /><select idref="V-239671" selected="true" /><select idref="V-239672" selected="true" /><select idref="V-239673" selected="true" /><select idref="V-239674" selected="true" /><select idref="V-239675" selected="true" /><select idref="V-239676" selected="true" /><select idref="V-239677" selected="true" /><select idref="V-239678" selected="true" /><select idref="V-239679" selected="true" /><select idref="V-239680" selected="true" /><select idref="V-239681" selected="true" /></Profile><Profile id="MAC-3_Classified"><title>III - Administrative Classified</title><description>&lt;ProfileDescription&gt;&lt;/ProfileDescription&gt;</description><select idref="V-239652" selected="true" /><select idref="V-239653" selected="true" /><select idref="V-239654" selected="true" /><select idref="V-239655" selected="true" /><select idref="V-239656" selected="true" /><select idref="V-239657" selected="true" /><select idref="V-239658" selected="true" /><select idref="V-239659" selected="true" /><select idref="V-239660" selected="true" /><select idref="V-239661" selected="true" /><select idref="V-239662" selected="true" /><select idref="V-239663" selected="true" /><select idref="V-239664" selected="true" /><select idref="V-239665" selected="true" /><select idref="V-239666" selected="true" /><select idref="V-239667" selected="true" /><select idref="V-239668" selected="true" /><select idref="V-239669" selected="true" /><select idref="V-239670" selected="true" /><select idref="V-239671" selected="true" /><select idref="V-239672" selected="true" /><select idref="V-239673" selected="true" /><select idref="V-239674" selected="true" /><select idref="V-239675" selected="true" /><select idref="V-239676" selected="true" /><select idref="V-239677" selected="true" /><select idref="V-239678" selected="true" /><select idref="V-239679" selected="true" /><select idref="V-239680" selected="true" /><select idref="V-239681" selected="true" /></Profile><Profile id="MAC-3_Public"><title>III - Administrative Public</title><description>&lt;ProfileDescription&gt;&lt;/ProfileDescription&gt;</description><select idref="V-239652" selected="true" /><select idref="V-239653" selected="true" /><select idref="V-239654" selected="true" /><select idref="V-239655" selected="true" /><select idref="V-239656" selected="true" /><select idref="V-239657" selected="true" /><select idref="V-239658" selected="true" /><select idref="V-239659" selected="true" /><select idref="V-239660" selected="true" /><select idref="V-239661" selected="true" /><select idref="V-239662" selected="true" /><select idref="V-239663" selected="true" /><select idref="V-239664" selected="true" /><select idref="V-239665" selected="true" /><select idref="V-239666" selected="true" /><select idref="V-239667" selected="true" /><select idref="V-239668" selected="true" /><select idref="V-239669" selected="true" /><select idref="V-239670" selected="true" /><select idref="V-239671" selected="true" /><select idref="V-239672" selected="true" /><select idref="V-239673" selected="true" /><select idref="V-239674" selected="true" /><select idref="V-239675" selected="true" /><select idref="V-239676" selected="true" /><select idref="V-239677" selected="true" /><select idref="V-239678" selected="true" /><select idref="V-239679" selected="true" /><select idref="V-239680" selected="true" /><select idref="V-239681" selected="true" /></Profile><Profile id="MAC-3_Sensitive"><title>III - Administrative Sensitive</title><description>&lt;ProfileDescription&gt;&lt;/ProfileDescription&gt;</description><select idref="V-239652" selected="true" /><select idref="V-239653" selected="true" /><select idref="V-239654" selected="true" /><select idref="V-239655" selected="true" /><select idref="V-239656" selected="true" /><select idref="V-239657" selected="true" /><select idref="V-239658" selected="true" /><select idref="V-239659" selected="true" /><select idref="V-239660" selected="true" /><select idref="V-239661" selected="true" /><select idref="V-239662" selected="true" /><select idref="V-239663" selected="true" /><select idref="V-239664" selected="true" /><select idref="V-239665" selected="true" /><select idref="V-239666" selected="true" /><select idref="V-239667" selected="true" /><select idref="V-239668" selected="true" /><select idref="V-239669" selected="true" /><select idref="V-239670" selected="true" /><select idref="V-239671" selected="true" /><select idref="V-239672" selected="true" /><select idref="V-239673" selected="true" /><select idref="V-239674" selected="true" /><select idref="V-239675" selected="true" /><select idref="V-239676" selected="true" /><select idref="V-239677" selected="true" /><select idref="V-239678" selected="true" /><select idref="V-239679" selected="true" /><select idref="V-239680" selected="true" /><select idref="V-239681" selected="true" /></Profile><Group id="V-239652"><title>SRG-APP-000001-WSR-000001</title><description>&lt;GroupDescription&gt;&lt;/GroupDescription&gt;</description><Rule id="SV-239652r816681_rule" weight="10.0" severity="medium"><version>VCST-67-000001</version><title>The Security Token Service must limit the amount of time that each TCP connection is kept alive.</title><description>&lt;VulnDiscussion&gt;Denial of service (DoS) is one threat against web servers. Many DoS attacks attempt to consume web server resources in such a way that no more resources are available to satisfy legitimate requests. 

In Tomcat, the "connectionTimeout" attribute sets the number of milliseconds the server will wait after accepting a connection for the request URI line to be presented. This timeout will also be used when reading the request body (if any). This prevents idle sockets that are not sending HTTP requests from consuming system resources and potentially denying new connections.&lt;/VulnDiscussion&gt;&lt;FalsePositives&gt;&lt;/FalsePositives&gt;&lt;FalseNegatives&gt;&lt;/FalseNegatives&gt;&lt;Documentable&gt;false&lt;/Documentable&gt;&lt;Mitigations&gt;&lt;/Mitigations&gt;&lt;SeverityOverrideGuidance&gt;&lt;/SeverityOverrideGuidance&gt;&lt;PotentialImpacts&gt;&lt;/PotentialImpacts&gt;&lt;ThirdPartyTools&gt;&lt;/ThirdPartyTools&gt;&lt;MitigationControl&gt;&lt;/MitigationControl&gt;&lt;Responsibility&gt;&lt;/Responsibility&gt;&lt;IAControls&gt;&lt;/IAControls&gt;</description><reference><dc:title>DPMS Target VMware vSphere 6.7 STS Tomcat</dc:title><dc:publisher>DISA</dc:publisher><dc:type>DPMS Target</dc:type><dc:subject>VMware vSphere 6.7 STS Tomcat</dc:subject><dc:identifier>5333</dc:identifier></reference><ident system="http://cyber.mil/cci">CCI-000054</ident><fixtext fixref="F-42844r816680_fix">Connect to the PSC, whether external or embedded.

Navigate to and open /usr/lib/vmware-sso/vmware-sts/conf/server.xml.

Navigate to each of the &lt;Connector&gt; nodes.

Configure each &lt;Connector&gt; node with the value:

connectionTimeout="60000"</fixtext><fix id="F-42844r816680_fix" /><check system="C-42885r816679_chk"><check-content-ref href="VMware_vSphere_6.7_STS_Tomcat_STIG.xml" name="M" /><check-content>Connect to the PSC, whether external or embedded.

At the command prompt, execute the following command:

# xmllint --format /usr/lib/vmware-sso/vmware-sts/conf/server.xml | sed '2 s/xmlns=".*"//g' | xmllint --xpath '/Server/Service/Connector[@port="${bio-custom.http.port}"]/@connectionTimeout' -

Expected result:

connectionTimeout="60000"

If the output does not match the expected result, this is a finding.</check-content></check></Rule></Group><Group id="V-239653"><title>SRG-APP-000001-WSR-000001</title><description>&lt;GroupDescription&gt;&lt;/GroupDescription&gt;</description><Rule id="SV-239653r816684_rule" weight="10.0" severity="medium"><version>VCST-67-000002</version><title>The Security Token Service must limit the number of concurrent connections permitted.</title><description>&lt;VulnDiscussion&gt;Resource exhaustion can occur when an unlimited number of concurrent requests are allowed on a website, facilitating a denial-of-service attack. Unless the number of requests is controlled, the web server can consume enough system resources to cause a system crash.

Mitigating this kind of attack will include limiting the number of concurrent HTTP/HTTPS requests. In Tomcat, each incoming request requires a thread for the duration of that request. If more simultaneous requests are received than can be handled by the currently available request processing threads, additional threads will be created up to the value of the "maxThreads" attribute.&lt;/VulnDiscussion&gt;&lt;FalsePositives&gt;&lt;/FalsePositives&gt;&lt;FalseNegatives&gt;&lt;/FalseNegatives&gt;&lt;Documentable&gt;false&lt;/Documentable&gt;&lt;Mitigations&gt;&lt;/Mitigations&gt;&lt;SeverityOverrideGuidance&gt;&lt;/SeverityOverrideGuidance&gt;&lt;PotentialImpacts&gt;&lt;/PotentialImpacts&gt;&lt;ThirdPartyTools&gt;&lt;/ThirdPartyTools&gt;&lt;MitigationControl&gt;&lt;/MitigationControl&gt;&lt;Responsibility&gt;&lt;/Responsibility&gt;&lt;IAControls&gt;&lt;/IAControls&gt;</description><reference><dc:title>DPMS Target VMware vSphere 6.7 STS Tomcat</dc:title><dc:publisher>DISA</dc:publisher><dc:type>DPMS Target</dc:type><dc:subject>VMware vSphere 6.7 STS Tomcat</dc:subject><dc:identifier>5333</dc:identifier></reference><ident system="http://cyber.mil/cci">CCI-000054</ident><fixtext fixref="F-42845r816683_fix">Connect to the PSC, whether external or embedded.

Navigate to and open /usr/lib/vmware-sso/vmware-sts/conf/server.xml.

Navigate to the &lt;Executor&gt; mode with the name of "tomcatThreadPool" and configure with the value:

'maxThreads="300"'

Note: The &lt;Executor&gt; node should be configured as follows:

&lt;Executor maxThreads="300" minSpareThreads="50" name="tomcatThreadPool" namePrefix="tomcat-http--" /&gt;</fixtext><fix id="F-42845r816683_fix" /><check system="C-42886r816682_chk"><check-content-ref href="VMware_vSphere_6.7_STS_Tomcat_STIG.xml" name="M" /><check-content>Connect to the PSC, whether external or embedded.

At the command prompt, execute the following command:

# xmllint --format /usr/lib/vmware-sso/vmware-sts/conf/server.xml | sed '2 s/xmlns=".*"//g' | xmllint --xpath '/Server/Service/Executor[@name="tomcatThreadPool"]/@maxThreads' -

Expected result:

maxThreads="300"

If the output does not match the expected result, this is a finding.</check-content></check></Rule></Group><Group id="V-239654"><title>SRG-APP-000001-WSR-000001</title><description>&lt;GroupDescription&gt;&lt;/GroupDescription&gt;</description><Rule id="SV-239654r816687_rule" weight="10.0" severity="medium"><version>VCST-67-000003</version><title>The Security Token Service must limit the maximum size of a POST request.</title><description>&lt;VulnDiscussion&gt;The "maxPostSize" value is the maximum size in bytes of the POST that will be handled by the container FORM URL parameter parsing. Limit its size to reduce exposure to a denial-of-service attack. 

If "maxPostSize" is not set, the default value of 2097152 (2MB) is used. Security Token Service is configured in its shipping state to not set a value for "maxPostSize".&lt;/VulnDiscussion&gt;&lt;FalsePositives&gt;&lt;/FalsePositives&gt;&lt;FalseNegatives&gt;&lt;/FalseNegatives&gt;&lt;Documentable&gt;false&lt;/Documentable&gt;&lt;Mitigations&gt;&lt;/Mitigations&gt;&lt;SeverityOverrideGuidance&gt;&lt;/SeverityOverrideGuidance&gt;&lt;PotentialImpacts&gt;&lt;/PotentialImpacts&gt;&lt;ThirdPartyTools&gt;&lt;/ThirdPartyTools&gt;&lt;MitigationControl&gt;&lt;/MitigationControl&gt;&lt;Responsibility&gt;&lt;/Responsibility&gt;&lt;IAControls&gt;&lt;/IAControls&gt;</description><reference><dc:title>DPMS Target VMware vSphere 6.7 STS Tomcat</dc:title><dc:publisher>DISA</dc:publisher><dc:type>DPMS Target</dc:type><dc:subject>VMware vSphere 6.7 STS Tomcat</dc:subject><dc:identifier>5333</dc:identifier></reference><ident system="http://cyber.mil/cci">CCI-000054</ident><fixtext fixref="F-42846r816686_fix">Connect to the PSC, whether external or embedded.

Navigate to and open /usr/lib/vmware-sso/vmware-sts/conf/server.xml.

Navigate to each of the &lt;Connector&gt; nodes.

Remove any configuration for "maxPostSize".</fixtext><fix id="F-42846r816686_fix" /><check system="C-42887r816685_chk"><check-content-ref href="VMware_vSphere_6.7_STS_Tomcat_STIG.xml" name="M" /><check-content>Connect to the PSC, whether external or embedded.

At the command prompt, execute the following command:

# xmllint --format /usr/lib/vmware-sso/vmware-sts/conf/server.xml | sed '2 s/xmlns=".*"//g' | xmllint --xpath '/Server/Service/Connector[@port="${bio-custom.http.port}"]/@maxPostSize' -

Expected result:

XPath set is empty

If the output does not match the expected result, this is a finding.</check-content></check></Rule></Group><Group id="V-239655"><title>SRG-APP-000001-WSR-000002</title><description>&lt;GroupDescription&gt;&lt;/GroupDescription&gt;</description><Rule id="SV-239655r816690_rule" weight="10.0" severity="medium"><version>VCST-67-000004</version><title>The Security Token Service must protect cookies from XSS.</title><description>&lt;VulnDiscussion&gt;Cookies are a common way to save session state over the HTTP(S) protocol. If an attacker can compromise session data stored in a cookie, they are better able to launch an attack against the server and its applications. When a cookie is tagged with the "HttpOnly" flag, it tells the browser that this particular cookie should only be accessed by the originating server. Any attempt to access the cookie from client script is strictly forbidden.

Satisfies: SRG-APP-000001-WSR-000002, SRG-APP-000223-WSR-000011, SRG-APP-000439-WSR-000154&lt;/VulnDiscussion&gt;&lt;FalsePositives&gt;&lt;/FalsePositives&gt;&lt;FalseNegatives&gt;&lt;/FalseNegatives&gt;&lt;Documentable&gt;false&lt;/Documentable&gt;&lt;Mitigations&gt;&lt;/Mitigations&gt;&lt;SeverityOverrideGuidance&gt;&lt;/SeverityOverrideGuidance&gt;&lt;PotentialImpacts&gt;&lt;/PotentialImpacts&gt;&lt;ThirdPartyTools&gt;&lt;/ThirdPartyTools&gt;&lt;MitigationControl&gt;&lt;/MitigationControl&gt;&lt;Responsibility&gt;&lt;/Responsibility&gt;&lt;IAControls&gt;&lt;/IAControls&gt;</description><reference><dc:title>DPMS Target VMware vSphere 6.7 STS Tomcat</dc:title><dc:publisher>DISA</dc:publisher><dc:type>DPMS Target</dc:type><dc:subject>VMware vSphere 6.7 STS Tomcat</dc:subject><dc:identifier>5333</dc:identifier></reference><ident system="http://cyber.mil/cci">CCI-000054</ident><ident system="http://cyber.mil/cci">CCI-001664</ident><ident system="http://cyber.mil/cci">CCI-002418</ident><fixtext fixref="F-42847r816689_fix">Connect to the PSC, whether external or embedded.

Navigate to and open /usr/lib/vmware-sso/vmware-sts/conf/web.xml.

Navigate to the &lt;session-config&gt; node and configure it as follows:

&lt;session-config&gt;
        &lt;session-timeout&gt;30&lt;/session-timeout&gt;
        &lt;cookie-config&gt;
            &lt;http-only&gt;true&lt;/http-only&gt;
            &lt;secure&gt;true&lt;/secure&gt;
        &lt;/cookie-config&gt;
    &lt;/session-config&gt;</fixtext><fix id="F-42847r816689_fix" /><check system="C-42888r816688_chk"><check-content-ref href="VMware_vSphere_6.7_STS_Tomcat_STIG.xml" name="M" /><check-content>Connect to the PSC, whether external or embedded.

At the command prompt, execute the following command:

# xmllint --format /usr/lib/vmware-sso/vmware-sts/conf/web.xml | sed '2 s/xmlns=".*"//g' | xmllint --xpath '/web-app/session-config/cookie-config/http-only' -

Expected result:

&lt;http-only&gt;true&lt;/http-only&gt;

If the output does not match the expected result, this is a finding.</check-content></check></Rule></Group><Group id="V-239656"><title>SRG-APP-000016-WSR-000005</title><description>&lt;GroupDescription&gt;&lt;/GroupDescription&gt;</description><Rule id="SV-239656r816693_rule" weight="10.0" severity="medium"><version>VCST-67-000005</version><title>The Security Token Service must record user access in a format that enables monitoring of remote access.</title><description>&lt;VulnDiscussion&gt;Remote access can be exploited by an attacker to compromise the server. By recording all remote access activities, it will be possible to determine the attacker's location, intent, and degree of success.

Tomcat can be configured with an "AccessLogValve", a component that can be inserted into the request processing pipeline to provide robust access logging. The AccessLogValve creates log files in the same format as those created by standard web servers. When AccessLogValve is properly configured, log files will contain all the forensic information necessary in the case of a security incident.

Satisfies: SRG-APP-000016-WSR-000005, SRG-APP-000089-WSR-000047, SRG-APP-000095-WSR-000056, SRG-APP-000096-WSR-000057, SRG-APP-000097-WSR-000058, SRG-APP-000098-WSR-000059, SRG-APP-000098-WSR-000060, SRG-APP-000099-WSR-000061, SRG-APP-000100-WSR-000064, SRG-APP-000092-WSR-000055, SRG-APP-000374-WSR-000172, SRG-APP-000375-WSR-000171&lt;/VulnDiscussion&gt;&lt;FalsePositives&gt;&lt;/FalsePositives&gt;&lt;FalseNegatives&gt;&lt;/FalseNegatives&gt;&lt;Documentable&gt;false&lt;/Documentable&gt;&lt;Mitigations&gt;&lt;/Mitigations&gt;&lt;SeverityOverrideGuidance&gt;&lt;/SeverityOverrideGuidance&gt;&lt;PotentialImpacts&gt;&lt;/PotentialImpacts&gt;&lt;ThirdPartyTools&gt;&lt;/ThirdPartyTools&gt;&lt;MitigationControl&gt;&lt;/MitigationControl&gt;&lt;Responsibility&gt;&lt;/Responsibility&gt;&lt;IAControls&gt;&lt;/IAControls&gt;</description><reference><dc:title>DPMS Target VMware vSphere 6.7 STS Tomcat</dc:title><dc:publisher>DISA</dc:publisher><dc:type>DPMS Target</dc:type><dc:subject>VMware vSphere 6.7 STS Tomcat</dc:subject><dc:identifier>5333</dc:identifier></reference><ident system="http://cyber.mil/cci">CCI-000067</ident><ident system="http://cyber.mil/cci">CCI-000130</ident><ident system="http://cyber.mil/cci">CCI-000131</ident><ident system="http://cyber.mil/cci">CCI-000132</ident><ident system="http://cyber.mil/cci">CCI-000133</ident><ident system="http://cyber.mil/cci">CCI-000134</ident><ident system="http://cyber.mil/cci">CCI-000169</ident><ident system="http://cyber.mil/cci">CCI-001462</ident><ident system="http://cyber.mil/cci">CCI-001464</ident><ident system="http://cyber.mil/cci">CCI-001487</ident><ident system="http://cyber.mil/cci">CCI-001889</ident><ident system="http://cyber.mil/cci">CCI-001890</ident><fixtext fixref="F-42848r816692_fix">Connect to the PSC, whether external or embedded.

Navigate to and open /usr/lib/vmware-sso/vmware-sts/conf/server.xml.

Inside the &lt;Host&gt; node, add the "AccessLogValve" &lt;Valve&gt; node entirely if it does not exist or update the existing pattern to match the following line: 

&lt;Valve className="org.apache.catalina.valves.AccessLogValve" directory="logs" pattern="%h %{X-Forwarded-For}i %l %u %t &amp;quot;%r&amp;quot; %s %b &amp;quot;%{User-Agent}i&amp;quot;" resolveHosts="false" prefix="localhost_access_log" suffix=".txt" /&gt;</fixtext><fix id="F-42848r816692_fix" /><check system="C-42889r816691_chk"><check-content-ref href="VMware_vSphere_6.7_STS_Tomcat_STIG.xml" name="M" /><check-content>Connect to the PSC, whether external or embedded.

At the command prompt, execute the following command:

# xmllint --format /usr/lib/vmware-sso/vmware-sts/conf/server.xml | sed '2 s/xmlns=".*"//g' | xmllint --xpath '/Server/Service/Engine/Host/Valve[@className="org.apache.catalina.valves.AccessLogValve"]'/@pattern -

Expected result:

pattern="%h %{X-Forwarded-For}i %l %u %t &amp;quot;%r&amp;quot; %s %b &amp;quot;%{User-Agent}i&amp;quot;"

If the output does not match the expected result, this is a finding.</check-content></check></Rule></Group><Group id="V-239657"><title>SRG-APP-000089-WSR-000047</title><description>&lt;GroupDescription&gt;&lt;/GroupDescription&gt;</description><Rule id="SV-239657r816696_rule" weight="10.0" severity="medium"><version>VCST-67-000006</version><title>The Security Token Service must generate log records during Java startup and shutdown.</title><description>&lt;VulnDiscussion&gt;Logging must be started as soon as possible when a service starts and as late as possible when a service is stopped. Many forms of suspicious actions can be detected by analyzing logs for unexpected service starts and stops. Also, by starting to log immediately after a service starts, it becomes more difficult for suspicious activity to go unlogged.&lt;/VulnDiscussion&gt;&lt;FalsePositives&gt;&lt;/FalsePositives&gt;&lt;FalseNegatives&gt;&lt;/FalseNegatives&gt;&lt;Documentable&gt;false&lt;/Documentable&gt;&lt;Mitigations&gt;&lt;/Mitigations&gt;&lt;SeverityOverrideGuidance&gt;&lt;/SeverityOverrideGuidance&gt;&lt;PotentialImpacts&gt;&lt;/PotentialImpacts&gt;&lt;ThirdPartyTools&gt;&lt;/ThirdPartyTools&gt;&lt;MitigationControl&gt;&lt;/MitigationControl&gt;&lt;Responsibility&gt;&lt;/Responsibility&gt;&lt;IAControls&gt;&lt;/IAControls&gt;</description><reference><dc:title>DPMS Target VMware vSphere 6.7 STS Tomcat</dc:title><dc:publisher>DISA</dc:publisher><dc:type>DPMS Target</dc:type><dc:subject>VMware vSphere 6.7 STS Tomcat</dc:subject><dc:identifier>5333</dc:identifier></reference><ident system="http://cyber.mil/cci">CCI-000169</ident><fixtext fixref="F-42849r816695_fix">Connect to the PSC, whether external or embedded.

Navigate to and open /usr/lib/vmware-sso/vmware-sts/conf/logging.properties.

Ensure that the "handlers" and ".handlers" lines are configured as follows:

handlers = 1catalina.org.apache.juli.FileHandler, 2localhost.org.apache.juli.FileHandler, 3manager.org.apache.juli.FileHandler, 4host-manager.org.apache.juli.FileHandler, java.util.logging.ConsoleHandler

.handlers = 1catalina.org.apache.juli.FileHandler

Ensure that the following lines are present:

1catalina.org.apache.juli.FileHandler.level = FINE
1catalina.org.apache.juli.FileHandler.directory = ${catalina.base}/logs
1catalina.org.apache.juli.FileHandler.prefix = catalina.
1catalina.org.apache.juli.FileHandler.bufferSize = -1</fixtext><fix id="F-42849r816695_fix" /><check system="C-42890r816694_chk"><check-content-ref href="VMware_vSphere_6.7_STS_Tomcat_STIG.xml" name="M" /><check-content>Connect to the PSC, whether external or embedded.

At the command prompt, execute the following command:

# grep "1catalina.org.apache.juli.FileHandler" /usr/lib/vmware-sso/vmware-sts/conf/logging.properties

Expected result:

handlers = 1catalina.org.apache.juli.FileHandler, 2localhost.org.apache.juli.FileHandler, 3manager.org.apache.juli.FileHandler, 4host-manager.org.apache.juli.FileHandler, java.util.logging.ConsoleHandler
.handlers = 1catalina.org.apache.juli.FileHandler
1catalina.org.apache.juli.FileHandler.level = FINE
1catalina.org.apache.juli.FileHandler.directory = ${catalina.base}/logs
1catalina.org.apache.juli.FileHandler.prefix = catalina.
1catalina.org.apache.juli.FileHandler.bufferSize = -1

If the output does not match the expected result, this is a finding.</check-content></check></Rule></Group><Group id="V-239658"><title>SRG-APP-000119-WSR-000069</title><description>&lt;GroupDescription&gt;&lt;/GroupDescription&gt;</description><Rule id="SV-239658r816699_rule" weight="10.0" severity="medium"><version>VCST-67-000007</version><title>Security Token Service log files must only be modifiable by privileged users.</title><description>&lt;VulnDiscussion&gt;Log data is essential in the investigation of events. The accuracy of the information is always pertinent. One of the first steps an attacker will undertake is the modification or deletion of log records to cover tracks and prolong discovery. The web server must protect the log data from unauthorized modification. Security Token Service restricts all modification of log files by default, but this configuration must be verified.

Satisfies: SRG-APP-000119-WSR-000069, SRG-APP-000120-WSR-000070&lt;/VulnDiscussion&gt;&lt;FalsePositives&gt;&lt;/FalsePositives&gt;&lt;FalseNegatives&gt;&lt;/FalseNegatives&gt;&lt;Documentable&gt;false&lt;/Documentable&gt;&lt;Mitigations&gt;&lt;/Mitigations&gt;&lt;SeverityOverrideGuidance&gt;&lt;/SeverityOverrideGuidance&gt;&lt;PotentialImpacts&gt;&lt;/PotentialImpacts&gt;&lt;ThirdPartyTools&gt;&lt;/ThirdPartyTools&gt;&lt;MitigationControl&gt;&lt;/MitigationControl&gt;&lt;Responsibility&gt;&lt;/Responsibility&gt;&lt;IAControls&gt;&lt;/IAControls&gt;</description><reference><dc:title>DPMS Target VMware vSphere 6.7 STS Tomcat</dc:title><dc:publisher>DISA</dc:publisher><dc:type>DPMS Target</dc:type><dc:subject>VMware vSphere 6.7 STS Tomcat</dc:subject><dc:identifier>5333</dc:identifier></reference><ident system="http://cyber.mil/cci">CCI-000163</ident><ident system="http://cyber.mil/cci">CCI-000164</ident><fixtext fixref="F-42850r816698_fix">Connect to the PSC, whether external or embedded.

At the command prompt, execute the following commands:

# chmod o-w &lt;file&gt;
# chown root:root &lt;file&gt;

Note: Substitute &lt;file&gt; with the listed file.</fixtext><fix id="F-42850r816698_fix" /><check system="C-42891r816697_chk"><check-content-ref href="VMware_vSphere_6.7_STS_Tomcat_STIG.xml" name="M" /><check-content>Connect to the PSC, whether external or embedded.

At the command prompt, execute the following command:

# find /storage/log/vmware/sso/ -xdev -type f -a '(' -perm -o+w -o -not -user root -o -not -group root ')' -exec ls -ld {} \;

If any files are returned, this is a finding.</check-content></check></Rule></Group><Group id="V-239659"><title>SRG-APP-000131-WSR-000051</title><description>&lt;GroupDescription&gt;&lt;/GroupDescription&gt;</description><Rule id="SV-239659r816702_rule" weight="10.0" severity="medium"><version>VCST-67-000008</version><title>The Security Token Service application files must be verified for their integrity.</title><description>&lt;VulnDiscussion&gt;Verifying that the Security Token Service application code is unchanged from its shipping state is essential for file validation and non-repudiation of the Security Token Service. There is no reason the MD5 hash of the rpm original files should be changed after installation, excluding configuration files.

Satisfies: SRG-APP-000131-WSR-000051, SRG-APP-000357-WSR-000150&lt;/VulnDiscussion&gt;&lt;FalsePositives&gt;&lt;/FalsePositives&gt;&lt;FalseNegatives&gt;&lt;/FalseNegatives&gt;&lt;Documentable&gt;false&lt;/Documentable&gt;&lt;Mitigations&gt;&lt;/Mitigations&gt;&lt;SeverityOverrideGuidance&gt;&lt;/SeverityOverrideGuidance&gt;&lt;PotentialImpacts&gt;&lt;/PotentialImpacts&gt;&lt;ThirdPartyTools&gt;&lt;/ThirdPartyTools&gt;&lt;MitigationControl&gt;&lt;/MitigationControl&gt;&lt;Responsibility&gt;&lt;/Responsibility&gt;&lt;IAControls&gt;&lt;/IAControls&gt;</description><reference><dc:title>DPMS Target VMware vSphere 6.7 STS Tomcat</dc:title><dc:publisher>DISA</dc:publisher><dc:type>DPMS Target</dc:type><dc:subject>VMware vSphere 6.7 STS Tomcat</dc:subject><dc:identifier>5333</dc:identifier></reference><ident system="http://cyber.mil/cci">CCI-001749</ident><ident system="http://cyber.mil/cci">CCI-001849</ident><fixtext fixref="F-42851r816701_fix">Connect to the PSC, whether external or embedded.

Reinstall the VCSA or roll back to a snapshot. 

Modifying the Security Token Service installation files manually is not supported by VMware.</fixtext><fix id="F-42851r816701_fix" /><check system="C-42892r816700_chk"><check-content-ref href="VMware_vSphere_6.7_STS_Tomcat_STIG.xml" name="M" /><check-content>Connect to the PSC, whether external or embedded.

At the command prompt, execute the following command:

# rpm -V vmware-identity-sts|grep "^..5......"|grep -E "\.war|\.jar|\.sh|\.py"

If there is any output, this is a finding.</check-content></check></Rule></Group><Group id="V-239660"><title>SRG-APP-000131-WSR-000073</title><description>&lt;GroupDescription&gt;&lt;/GroupDescription&gt;</description><Rule id="SV-239660r816705_rule" weight="10.0" severity="medium"><version>VCST-67-000009</version><title>The Security Token Service must only run one web app.</title><description>&lt;VulnDiscussion&gt;VMware ships the Security Token Service on the VCSA with one web app, in ROOT.war. Any other .war file is potentially malicious and must be removed.&lt;/VulnDiscussion&gt;&lt;FalsePositives&gt;&lt;/FalsePositives&gt;&lt;FalseNegatives&gt;&lt;/FalseNegatives&gt;&lt;Documentable&gt;false&lt;/Documentable&gt;&lt;Mitigations&gt;&lt;/Mitigations&gt;&lt;SeverityOverrideGuidance&gt;&lt;/SeverityOverrideGuidance&gt;&lt;PotentialImpacts&gt;&lt;/PotentialImpacts&gt;&lt;ThirdPartyTools&gt;&lt;/ThirdPartyTools&gt;&lt;MitigationControl&gt;&lt;/MitigationControl&gt;&lt;Responsibility&gt;&lt;/Responsibility&gt;&lt;IAControls&gt;&lt;/IAControls&gt;</description><reference><dc:title>DPMS Target VMware vSphere 6.7 STS Tomcat</dc:title><dc:publisher>DISA</dc:publisher><dc:type>DPMS Target</dc:type><dc:subject>VMware vSphere 6.7 STS Tomcat</dc:subject><dc:identifier>5333</dc:identifier></reference><ident system="http://cyber.mil/cci">CCI-001749</ident><fixtext fixref="F-42852r816704_fix">Connect to the PSC, whether external or embedded.

For each unexpected file returned in the check, run the following command:

# rm /usr/lib/vmware-sso/vmware-sts/webapps/&lt;NAME&gt;.war

Restart the service with the following command:

# service-control --restart vmware-stsd</fixtext><fix id="F-42852r816704_fix" /><check system="C-42893r816703_chk"><check-content-ref href="VMware_vSphere_6.7_STS_Tomcat_STIG.xml" name="M" /><check-content>Connect to the PSC, whether external or embedded.

At the command prompt, execute the following command:

# ls /usr/lib/vmware-sso/vmware-sts/webapps/*.war

Expected result:

/usr/lib/vmware-sso/vmware-sts/webapps/ROOT.war

If the result of this command does not match the expected result, this is a finding.</check-content></check></Rule></Group><Group id="V-239661"><title>SRG-APP-000141-WSR-000015</title><description>&lt;GroupDescription&gt;&lt;/GroupDescription&gt;</description><Rule id="SV-239661r816708_rule" weight="10.0" severity="medium"><version>VCST-67-000010</version><title>The Security Token Service must not be configured with unused realms.</title><description>&lt;VulnDiscussion&gt;The Security Token Service performs user authentication at the application level and not through Tomcat. To eliminate unnecessary features and ensure that the Security Token Service remains in its shipping state, the lack of a "UserDatabaseRealm" configuration must be confirmed.&lt;/VulnDiscussion&gt;&lt;FalsePositives&gt;&lt;/FalsePositives&gt;&lt;FalseNegatives&gt;&lt;/FalseNegatives&gt;&lt;Documentable&gt;false&lt;/Documentable&gt;&lt;Mitigations&gt;&lt;/Mitigations&gt;&lt;SeverityOverrideGuidance&gt;&lt;/SeverityOverrideGuidance&gt;&lt;PotentialImpacts&gt;&lt;/PotentialImpacts&gt;&lt;ThirdPartyTools&gt;&lt;/ThirdPartyTools&gt;&lt;MitigationControl&gt;&lt;/MitigationControl&gt;&lt;Responsibility&gt;&lt;/Responsibility&gt;&lt;IAControls&gt;&lt;/IAControls&gt;</description><reference><dc:title>DPMS Target VMware vSphere 6.7 STS Tomcat</dc:title><dc:publisher>DISA</dc:publisher><dc:type>DPMS Target</dc:type><dc:subject>VMware vSphere 6.7 STS Tomcat</dc:subject><dc:identifier>5333</dc:identifier></reference><ident system="http://cyber.mil/cci">CCI-000381</ident><fixtext fixref="F-42853r816707_fix">Connect to the PSC, whether external or embedded.

Navigate to and open /usr/lib/vmware-sso/vmware-sts/conf/server.xml. 

Remove the &lt;Realm&gt; nodes returned in the check.</fixtext><fix id="F-42853r816707_fix" /><check system="C-42894r816706_chk"><check-content-ref href="VMware_vSphere_6.7_STS_Tomcat_STIG.xml" name="M" /><check-content>Connect to the PSC, whether external or embedded.

At the command prompt, execute the following command:

# grep UserDatabase /usr/lib/vmware-sso/vmware-sts/conf/server.xml

If the command produces any output, this is a finding.</check-content></check></Rule></Group><Group id="V-239662"><title>SRG-APP-000141-WSR-000075</title><description>&lt;GroupDescription&gt;&lt;/GroupDescription&gt;</description><Rule id="SV-239662r816711_rule" weight="10.0" severity="medium"><version>VCST-67-000011</version><title>The Security Token Service must be configured to limit access to internal packages.</title><description>&lt;VulnDiscussion&gt;The "package.access" entry in the "catalina.properties" file implements access control at the package level. When properly configured, a Security Exception will be reported if an errant or malicious web app attempts to access the listed internal classes directly or if a new class is defined under the protected packages. 

The Security Token Service comes preconfigured with the appropriate packages defined in "package.access", and this configuration must be maintained.&lt;/VulnDiscussion&gt;&lt;FalsePositives&gt;&lt;/FalsePositives&gt;&lt;FalseNegatives&gt;&lt;/FalseNegatives&gt;&lt;Documentable&gt;false&lt;/Documentable&gt;&lt;Mitigations&gt;&lt;/Mitigations&gt;&lt;SeverityOverrideGuidance&gt;&lt;/SeverityOverrideGuidance&gt;&lt;PotentialImpacts&gt;&lt;/PotentialImpacts&gt;&lt;ThirdPartyTools&gt;&lt;/ThirdPartyTools&gt;&lt;MitigationControl&gt;&lt;/MitigationControl&gt;&lt;Responsibility&gt;&lt;/Responsibility&gt;&lt;IAControls&gt;&lt;/IAControls&gt;</description><reference><dc:title>DPMS Target VMware vSphere 6.7 STS Tomcat</dc:title><dc:publisher>DISA</dc:publisher><dc:type>DPMS Target</dc:type><dc:subject>VMware vSphere 6.7 STS Tomcat</dc:subject><dc:identifier>5333</dc:identifier></reference><ident system="http://cyber.mil/cci">CCI-000381</ident><fixtext fixref="F-42854r816710_fix">Connect to the PSC, whether external or embedded.

Navigate to and open /usr/lib/vmware-sso/vmware-sts/conf/catalina.properties.

Ensure that the "package.access" line is configured as follows:

package.access=sun.,org.apache.catalina.,org.apache.coyote.,org.apache.tomcat.,org.apache.jasper.</fixtext><fix id="F-42854r816710_fix" /><check system="C-42895r816709_chk"><check-content-ref href="VMware_vSphere_6.7_STS_Tomcat_STIG.xml" name="M" /><check-content>Connect to the PSC, whether external or embedded.

At the command prompt, execute the following command:

# grep "package.access" /usr/lib/vmware-sso/vmware-sts/conf/catalina.properties

Expected result:

package.access=sun.,org.apache.catalina.,org.apache.coyote.,org.apache.tomcat.,org.apache.jasper.

If the output of the command does not match the expected result, this is a finding.</check-content></check></Rule></Group><Group id="V-239663"><title>SRG-APP-000141-WSR-000081</title><description>&lt;GroupDescription&gt;&lt;/GroupDescription&gt;</description><Rule id="SV-239663r816714_rule" weight="10.0" severity="medium"><version>VCST-67-000012</version><title>The Security Token Service must have Multipurpose Internet Mail Extensions (MIME) that invoke OS shell programs disabled.</title><description>&lt;VulnDiscussion&gt;MIME mappings tell the Security Token Service what type of program various file types and extensions are and what external utilities or programs are needed to execute the file type. By ensuring that various shell script MIME types are not included in "web.xml", the server is protected against malicious users tricking the server into executing shell command files.&lt;/VulnDiscussion&gt;&lt;FalsePositives&gt;&lt;/FalsePositives&gt;&lt;FalseNegatives&gt;&lt;/FalseNegatives&gt;&lt;Documentable&gt;false&lt;/Documentable&gt;&lt;Mitigations&gt;&lt;/Mitigations&gt;&lt;SeverityOverrideGuidance&gt;&lt;/SeverityOverrideGuidance&gt;&lt;PotentialImpacts&gt;&lt;/PotentialImpacts&gt;&lt;ThirdPartyTools&gt;&lt;/ThirdPartyTools&gt;&lt;MitigationControl&gt;&lt;/MitigationControl&gt;&lt;Responsibility&gt;&lt;/Responsibility&gt;&lt;IAControls&gt;&lt;/IAControls&gt;</description><reference><dc:title>DPMS Target VMware vSphere 6.7 STS Tomcat</dc:title><dc:publisher>DISA</dc:publisher><dc:type>DPMS Target</dc:type><dc:subject>VMware vSphere 6.7 STS Tomcat</dc:subject><dc:identifier>5333</dc:identifier></reference><ident system="http://cyber.mil/cci">CCI-000381</ident><fixtext fixref="F-42855r816713_fix">Connect to the PSC, whether external or embedded.

Open /usr/lib/vmware-sso/vmware-sts/conf/web.xml in a text editor.

Remove the parent &lt;mime-mapping&gt; node of any line returned from the check.

Example:

&lt;mime-mapping&gt;
    &lt;extension&gt;csh&lt;/extension&gt;
    &lt;mime-type&gt;application/x-csh&lt;/mime-type&gt;
&lt;/mime-mapping&gt;</fixtext><fix id="F-42855r816713_fix" /><check system="C-42896r816712_chk"><check-content-ref href="VMware_vSphere_6.7_STS_Tomcat_STIG.xml" name="M" /><check-content>Connect to the PSC, whether external or embedded.

At the command prompt, execute the following command:

# grep -En '(x-csh&lt;)|(x-sh&lt;)|(x-shar&lt;)|(x-ksh&lt;)' /usr/lib/vmware-sso/vmware-sts/conf/web.xml

If the command produces any output, this is a finding.</check-content></check></Rule></Group><Group id="V-239664"><title>SRG-APP-000141-WSR-000083</title><description>&lt;GroupDescription&gt;&lt;/GroupDescription&gt;</description><Rule id="SV-239664r816717_rule" weight="10.0" severity="medium"><version>VCST-67-000013</version><title>The Security Token Service must have mappings set for Java servlet pages.</title><description>&lt;VulnDiscussion&gt;Resource mapping is the process of tying a particular file type to a process in the web server that can serve that type of file to a requesting client and identify which file types are not to be delivered to a client.

By not specifying which files can and cannot be served to a user, the web server could deliver to a user web server configuration files, log files, password files, etc. 

As Tomcat is a Java-based web server, the main file extension used is *.jsp. This check ensures that the *.jsp and *.jspx file types have been properly mapped to servlets.&lt;/VulnDiscussion&gt;&lt;FalsePositives&gt;&lt;/FalsePositives&gt;&lt;FalseNegatives&gt;&lt;/FalseNegatives&gt;&lt;Documentable&gt;false&lt;/Documentable&gt;&lt;Mitigations&gt;&lt;/Mitigations&gt;&lt;SeverityOverrideGuidance&gt;&lt;/SeverityOverrideGuidance&gt;&lt;PotentialImpacts&gt;&lt;/PotentialImpacts&gt;&lt;ThirdPartyTools&gt;&lt;/ThirdPartyTools&gt;&lt;MitigationControl&gt;&lt;/MitigationControl&gt;&lt;Responsibility&gt;&lt;/Responsibility&gt;&lt;IAControls&gt;&lt;/IAControls&gt;</description><reference><dc:title>DPMS Target VMware vSphere 6.7 STS Tomcat</dc:title><dc:publisher>DISA</dc:publisher><dc:type>DPMS Target</dc:type><dc:subject>VMware vSphere 6.7 STS Tomcat</dc:subject><dc:identifier>5333</dc:identifier></reference><ident system="http://cyber.mil/cci">CCI-000381</ident><fixtext fixref="F-42856r816716_fix">Connect to the PSC, whether external or embedded.

Navigate to and open /usr/lib/vmware-sso/vmware-sts/conf/web.xml.

Inside the &lt;web-app&gt; parent node, add the following:

&lt;servlet-mapping&gt;
    &lt;servlet-name&gt;jsp&lt;/servlet-name&gt;
    &lt;url-pattern&gt;*.jsp&lt;/url-pattern&gt;
    &lt;url-pattern&gt;*.jspx&lt;/url-pattern&gt;
&lt;/servlet-mapping&gt;</fixtext><fix id="F-42856r816716_fix" /><check system="C-42897r816715_chk"><check-content-ref href="VMware_vSphere_6.7_STS_Tomcat_STIG.xml" name="M" /><check-content>Connect to the PSC, whether external or embedded.

At the command prompt, execute the following command: 

# xmllint --format /usr/lib/vmware-sso/vmware-sts/conf/web.xml | sed '2 s/xmlns=".*"//g' | xmllint --xpath '/web-app/servlet-mapping/servlet-name[text()="jsp"]/parent::servlet-mapping' -

Expected result:

&lt;servlet-mapping&gt;
    &lt;servlet-name&gt;jsp&lt;/servlet-name&gt;
    &lt;url-pattern&gt;*.jsp&lt;/url-pattern&gt;
    &lt;url-pattern&gt;*.jspx&lt;/url-pattern&gt;
&lt;/servlet-mapping&gt;

If the output of the command does not match the expected result, this is a finding.</check-content></check></Rule></Group><Group id="V-239665"><title>SRG-APP-000141-WSR-000085</title><description>&lt;GroupDescription&gt;&lt;/GroupDescription&gt;</description><Rule id="SV-239665r816720_rule" weight="10.0" severity="medium"><version>VCST-67-000014</version><title>The Security Token Service must not have the Web Distributed Authoring (WebDAV) servlet installed.</title><description>&lt;VulnDiscussion&gt;WebDAV is an extension to the HTTP protocol that, when developed, was meant to allow users to create, change, and move documents on a server, typically a web server or web share. WebDAV is not widely used and has serious security concerns because it may allow clients to modify unauthorized files on the web server and must therefore be disabled.

Tomcat uses the "org.apache.catalina.servlets.WebdavServlet" servlet to provide WebDAV services. Because the WebDAV service has been found to have an excessive number of vulnerabilities, this servlet must not be installed. The Security Token Service does not configure WebDAV by default.&lt;/VulnDiscussion&gt;&lt;FalsePositives&gt;&lt;/FalsePositives&gt;&lt;FalseNegatives&gt;&lt;/FalseNegatives&gt;&lt;Documentable&gt;false&lt;/Documentable&gt;&lt;Mitigations&gt;&lt;/Mitigations&gt;&lt;SeverityOverrideGuidance&gt;&lt;/SeverityOverrideGuidance&gt;&lt;PotentialImpacts&gt;&lt;/PotentialImpacts&gt;&lt;ThirdPartyTools&gt;&lt;/ThirdPartyTools&gt;&lt;MitigationControl&gt;&lt;/MitigationControl&gt;&lt;Responsibility&gt;&lt;/Responsibility&gt;&lt;IAControls&gt;&lt;/IAControls&gt;</description><reference><dc:title>DPMS Target VMware vSphere 6.7 STS Tomcat</dc:title><dc:publisher>DISA</dc:publisher><dc:type>DPMS Target</dc:type><dc:subject>VMware vSphere 6.7 STS Tomcat</dc:subject><dc:identifier>5333</dc:identifier></reference><ident system="http://cyber.mil/cci">CCI-000381</ident><fixtext fixref="F-42857r816719_fix">Connect to the PSC, whether external or embedded.

Navigate to and open /usr/lib/vmware-sso/vmware-sts/conf/web.xml.

Find the &lt;servlet-name&gt;webdav&lt;/servlet-name&gt; node and remove the entire parent &lt;servlet&gt; block.

Find the &lt;servlet-name&gt;webdav&lt;/servlet-name&gt; node and remove the entire parent &lt;servlet-mapping&gt; block.</fixtext><fix id="F-42857r816719_fix" /><check system="C-42898r816718_chk"><check-content-ref href="VMware_vSphere_6.7_STS_Tomcat_STIG.xml" name="M" /><check-content>Connect to the PSC, whether external or embedded.

At the command prompt, execute the following command: 

# grep -n 'webdav' /usr/lib/vmware-sso/vmware-sts/conf/web.xml

If the command produces any output, this is a finding.</check-content></check></Rule></Group><Group id="V-239666"><title>SRG-APP-000141-WSR-000086</title><description>&lt;GroupDescription&gt;&lt;/GroupDescription&gt;</description><Rule id="SV-239666r816723_rule" weight="10.0" severity="medium"><version>VCST-67-000015</version><title>The Security Token Service must be configured with memory leak protection.</title><description>&lt;VulnDiscussion&gt;The Java Runtime environment can cause a memory leak or lock files under certain conditions. Without memory leak protection, the Security Token Service can continue to consume system resources, which will lead to "OutOfMemoryErrors" when reloading web applications.

Memory leaks occur when JRE code uses the context class loader to load a singleton. This will cause a memory leak if a web application class loader happens to be the context class loader at the time. The "JreMemoryLeakPreventionListener" class is designed to initialize these singletons when Tomcat's common class loader is the context class loader. Proper use of JRE memory leak protection will ensure that the hosted application does not consume system resources and cause an unstable environment.&lt;/VulnDiscussion&gt;&lt;FalsePositives&gt;&lt;/FalsePositives&gt;&lt;FalseNegatives&gt;&lt;/FalseNegatives&gt;&lt;Documentable&gt;false&lt;/Documentable&gt;&lt;Mitigations&gt;&lt;/Mitigations&gt;&lt;SeverityOverrideGuidance&gt;&lt;/SeverityOverrideGuidance&gt;&lt;PotentialImpacts&gt;&lt;/PotentialImpacts&gt;&lt;ThirdPartyTools&gt;&lt;/ThirdPartyTools&gt;&lt;MitigationControl&gt;&lt;/MitigationControl&gt;&lt;Responsibility&gt;&lt;/Responsibility&gt;&lt;IAControls&gt;&lt;/IAControls&gt;</description><reference><dc:title>DPMS Target VMware vSphere 6.7 STS Tomcat</dc:title><dc:publisher>DISA</dc:publisher><dc:type>DPMS Target</dc:type><dc:subject>VMware vSphere 6.7 STS Tomcat</dc:subject><dc:identifier>5333</dc:identifier></reference><ident system="http://cyber.mil/cci">CCI-000381</ident><fixtext fixref="F-42858r816722_fix">Connect to the PSC, whether external or embedded.

Navigate to and open /usr/lib/vmware-sso/vmware-sts/conf/server.xml.

Navigate to the &lt;Server&gt; node.

Add '&lt;Listener className="org.apache.catalina.core.JreMemoryLeakPreventionListener"/&gt;' to the &lt;Server&gt; node.</fixtext><fix id="F-42858r816722_fix" /><check system="C-42899r816721_chk"><check-content-ref href="VMware_vSphere_6.7_STS_Tomcat_STIG.xml" name="M" /><check-content>Connect to the PSC, whether external or embedded.

At the command prompt, execute the following command: 

# grep JreMemoryLeakPreventionListener /usr/lib/vmware-sso/vmware-sts/conf/server.xml

Expected result:

&lt;Listener className="org.apache.catalina.core.JreMemoryLeakPreventionListener"/&gt;

If the output of the command does not match the expected result, this is a finding.</check-content></check></Rule></Group><Group id="V-239667"><title>SRG-APP-000141-WSR-000087</title><description>&lt;GroupDescription&gt;&lt;/GroupDescription&gt;</description><Rule id="SV-239667r816726_rule" weight="10.0" severity="medium"><version>VCST-67-000016</version><title>The Security Token Service must not have any symbolic links in the web content directory tree.</title><description>&lt;VulnDiscussion&gt;A web server is designed to deliver content and execute scripts or applications on the request of a client or user. Containing user requests to files in the directory tree of the hosted web application and limiting the execution of scripts and applications guarantees that the user is not accessing information protected outside the application's realm. 

By checking that no symbolic links exist in the document root, the web server is protected from users jumping outside the hosted application directory tree and gaining access to the other directories, including the system root.&lt;/VulnDiscussion&gt;&lt;FalsePositives&gt;&lt;/FalsePositives&gt;&lt;FalseNegatives&gt;&lt;/FalseNegatives&gt;&lt;Documentable&gt;false&lt;/Documentable&gt;&lt;Mitigations&gt;&lt;/Mitigations&gt;&lt;SeverityOverrideGuidance&gt;&lt;/SeverityOverrideGuidance&gt;&lt;PotentialImpacts&gt;&lt;/PotentialImpacts&gt;&lt;ThirdPartyTools&gt;&lt;/ThirdPartyTools&gt;&lt;MitigationControl&gt;&lt;/MitigationControl&gt;&lt;Responsibility&gt;&lt;/Responsibility&gt;&lt;IAControls&gt;&lt;/IAControls&gt;</description><reference><dc:title>DPMS Target VMware vSphere 6.7 STS Tomcat</dc:title><dc:publisher>DISA</dc:publisher><dc:type>DPMS Target</dc:type><dc:subject>VMware vSphere 6.7 STS Tomcat</dc:subject><dc:identifier>5333</dc:identifier></reference><ident system="http://cyber.mil/cci">CCI-000381</ident><fixtext fixref="F-42859r816725_fix">Connect to the PSC, whether external or embedded.

At the command prompt, execute the following commands:

Note: Replace &lt;file_name&gt; for the name of any files that were returned.

# unlink &lt;file_name&gt;

Repeat the commands for each file that was returned.</fixtext><fix id="F-42859r816725_fix" /><check system="C-42900r816724_chk"><check-content-ref href="VMware_vSphere_6.7_STS_Tomcat_STIG.xml" name="M" /><check-content>Connect to the PSC, whether external or embedded.

At the command prompt, execute the following command:

# find /usr/lib/vmware-sso/vmware-sts/webapps/ -type l -ls

If the command produces any output, this is a finding.</check-content></check></Rule></Group><Group id="V-239668"><title>SRG-APP-000211-WSR-000030</title><description>&lt;GroupDescription&gt;&lt;/GroupDescription&gt;</description><Rule id="SV-239668r816729_rule" weight="10.0" severity="medium"><version>VCST-67-000017</version><title>The Security Token Service directory tree must have permissions in an "out-of-the-box" state.</title><description>&lt;VulnDiscussion&gt;As a rule, accounts on a web server are to be kept to a minimum. Only administrators, web managers, developers, auditors, and web authors require accounts on the machine hosting the web server. The resources to which these accounts have access must also be closely monitored and controlled. The Security Token Service files must be adequately protected with correct permissions as applied out of the box.

Satisfies: SRG-APP-000211-WSR-000030, SRG-APP-000380-WSR-000072&lt;/VulnDiscussion&gt;&lt;FalsePositives&gt;&lt;/FalsePositives&gt;&lt;FalseNegatives&gt;&lt;/FalseNegatives&gt;&lt;Documentable&gt;false&lt;/Documentable&gt;&lt;Mitigations&gt;&lt;/Mitigations&gt;&lt;SeverityOverrideGuidance&gt;&lt;/SeverityOverrideGuidance&gt;&lt;PotentialImpacts&gt;&lt;/PotentialImpacts&gt;&lt;ThirdPartyTools&gt;&lt;/ThirdPartyTools&gt;&lt;MitigationControl&gt;&lt;/MitigationControl&gt;&lt;Responsibility&gt;&lt;/Responsibility&gt;&lt;IAControls&gt;&lt;/IAControls&gt;</description><reference><dc:title>DPMS Target VMware vSphere 6.7 STS Tomcat</dc:title><dc:publisher>DISA</dc:publisher><dc:type>DPMS Target</dc:type><dc:subject>VMware vSphere 6.7 STS Tomcat</dc:subject><dc:identifier>5333</dc:identifier></reference><ident system="http://cyber.mil/cci">CCI-001082</ident><ident system="http://cyber.mil/cci">CCI-001813</ident><fixtext fixref="F-42860r816728_fix">Connect to the PSC, whether external or embedded.

At the command prompt, execute the following command:

# chown root:root &lt;file_name&gt;

Repeat the command for each file that was returned.

Note: Replace &lt;file_name&gt; for the name of the file that was returned.</fixtext><fix id="F-42860r816728_fix" /><check system="C-42901r816727_chk"><check-content-ref href="VMware_vSphere_6.7_STS_Tomcat_STIG.xml" name="M" /><check-content>Connect to the PSC, whether external or embedded.

At the command prompt, execute the following command:

# find /usr/lib/vmware-sso/vmware-sts/ -xdev -type f -a '(' -not -user root -o -not -group root ')' -exec ls -ld {} \;

If the command produces any output, this is a finding.</check-content></check></Rule></Group><Group id="V-239669"><title>SRG-APP-000225-WSR-000140</title><description>&lt;GroupDescription&gt;&lt;/GroupDescription&gt;</description><Rule id="SV-239669r816732_rule" weight="10.0" severity="medium"><version>VCST-67-000018</version><title>The Security Token Service must fail to a known safe state if system initialization fails, shutdown fails, or aborts fail.</title><description>&lt;VulnDiscussion&gt;Determining a safe state for failure and weighing that against a potential denial of service for users depends on what type of application the web server is hosting. For the Security Token Service, it is preferable that the service abort startup on any initialization failure rather than continuing in a degraded and potentially insecure state.&lt;/VulnDiscussion&gt;&lt;FalsePositives&gt;&lt;/FalsePositives&gt;&lt;FalseNegatives&gt;&lt;/FalseNegatives&gt;&lt;Documentable&gt;false&lt;/Documentable&gt;&lt;Mitigations&gt;&lt;/Mitigations&gt;&lt;SeverityOverrideGuidance&gt;&lt;/SeverityOverrideGuidance&gt;&lt;PotentialImpacts&gt;&lt;/PotentialImpacts&gt;&lt;ThirdPartyTools&gt;&lt;/ThirdPartyTools&gt;&lt;MitigationControl&gt;&lt;/MitigationControl&gt;&lt;Responsibility&gt;&lt;/Responsibility&gt;&lt;IAControls&gt;&lt;/IAControls&gt;</description><reference><dc:title>DPMS Target VMware vSphere 6.7 STS Tomcat</dc:title><dc:publisher>DISA</dc:publisher><dc:type>DPMS Target</dc:type><dc:subject>VMware vSphere 6.7 STS Tomcat</dc:subject><dc:identifier>5333</dc:identifier></reference><ident system="http://cyber.mil/cci">CCI-001190</ident><fixtext fixref="F-42861r816731_fix">Connect to the PSC, whether external or embedded.

Navigate to and open /usr/lib/vmware-sso/vmware-sts/conf/catalina.properties.

Add or change the following line:

org.apache.catalina.startup.EXIT_ON_INIT_FAILURE=true</fixtext><fix id="F-42861r816731_fix" /><check system="C-42902r816730_chk"><check-content-ref href="VMware_vSphere_6.7_STS_Tomcat_STIG.xml" name="M" /><check-content>Connect to the PSC, whether external or embedded.

At the command line, execute the following command:

# grep EXIT_ON_INIT_FAILURE /usr/lib/vmware-sso/vmware-sts/conf/catalina.properties

Expected result:

org.apache.catalina.startup.EXIT_ON_INIT_FAILURE=true

If the output of the command does not match the expected result, this is a finding.</check-content></check></Rule></Group><Group id="V-239670"><title>SRG-APP-000246-WSR-000149</title><description>&lt;GroupDescription&gt;&lt;/GroupDescription&gt;</description><Rule id="SV-239670r816735_rule" weight="10.0" severity="medium"><version>VCST-67-000019</version><title>The Security Token Service must limit the number of allowed connections.</title><description>&lt;VulnDiscussion&gt;Limiting the number of established connections to the Security Token Service is a basic denial of service protection. Servers where the limit is too high or unlimited can potentially run out of system resources and negatively affect system availability.&lt;/VulnDiscussion&gt;&lt;FalsePositives&gt;&lt;/FalsePositives&gt;&lt;FalseNegatives&gt;&lt;/FalseNegatives&gt;&lt;Documentable&gt;false&lt;/Documentable&gt;&lt;Mitigations&gt;&lt;/Mitigations&gt;&lt;SeverityOverrideGuidance&gt;&lt;/SeverityOverrideGuidance&gt;&lt;PotentialImpacts&gt;&lt;/PotentialImpacts&gt;&lt;ThirdPartyTools&gt;&lt;/ThirdPartyTools&gt;&lt;MitigationControl&gt;&lt;/MitigationControl&gt;&lt;Responsibility&gt;&lt;/Responsibility&gt;&lt;IAControls&gt;&lt;/IAControls&gt;</description><reference><dc:title>DPMS Target VMware vSphere 6.7 STS Tomcat</dc:title><dc:publisher>DISA</dc:publisher><dc:type>DPMS Target</dc:type><dc:subject>VMware vSphere 6.7 STS Tomcat</dc:subject><dc:identifier>5333</dc:identifier></reference><ident system="http://cyber.mil/cci">CCI-001094</ident><fixtext fixref="F-42862r816734_fix">Connect to the PSC, whether external or embedded.

Navigate to and open /usr/lib/vmware-sso/vmware-sts/conf/server.xml.

Navigate to the &lt;Connector&gt; configured with port="${bio-custom.http.port}". 

Add or change the following value:

acceptCount="100"</fixtext><fix id="F-42862r816734_fix" /><check system="C-42903r816733_chk"><check-content-ref href="VMware_vSphere_6.7_STS_Tomcat_STIG.xml" name="M" /><check-content>Connect to the PSC, whether external or embedded.

At the command prompt, execute the following command:

# xmllint --format /usr/lib/vmware-sso/vmware-sts/conf/server.xml | sed '2 s/xmlns=".*"//g' | xmllint --xpath '/Server/Service/Connector[@port="${bio-custom.http.port}"]/@acceptCount' -

Expected result:

acceptCount="100"

If the output does not match the expected result, this is a finding.</check-content></check></Rule></Group><Group id="V-239671"><title>SRG-APP-000251-WSR-000157</title><description>&lt;GroupDescription&gt;&lt;/GroupDescription&gt;</description><Rule id="SV-239671r816738_rule" weight="10.0" severity="medium"><version>VCST-67-000020</version><title>The Security Token Service must set "URIEncoding" to UTF-8.</title><description>&lt;VulnDiscussion&gt;Invalid user input occurs when a user inserts data or characters into a hosted application's data entry field and the hosted application is unprepared to process that data. This results in unanticipated application behavior, potentially leading to an application compromise. Invalid user input is one of the primary methods employed when attempting to compromise an application. 

An attacker can also enter Unicode characters into hosted applications in an effort to break out of the document home or root home directory or bypass security checks. The Security Token Service must be configured to use a consistent character set via the "URIEncoding" attribute on the Connector nodes.&lt;/VulnDiscussion&gt;&lt;FalsePositives&gt;&lt;/FalsePositives&gt;&lt;FalseNegatives&gt;&lt;/FalseNegatives&gt;&lt;Documentable&gt;false&lt;/Documentable&gt;&lt;Mitigations&gt;&lt;/Mitigations&gt;&lt;SeverityOverrideGuidance&gt;&lt;/SeverityOverrideGuidance&gt;&lt;PotentialImpacts&gt;&lt;/PotentialImpacts&gt;&lt;ThirdPartyTools&gt;&lt;/ThirdPartyTools&gt;&lt;MitigationControl&gt;&lt;/MitigationControl&gt;&lt;Responsibility&gt;&lt;/Responsibility&gt;&lt;IAControls&gt;&lt;/IAControls&gt;</description><reference><dc:title>DPMS Target VMware vSphere 6.7 STS Tomcat</dc:title><dc:publisher>DISA</dc:publisher><dc:type>DPMS Target</dc:type><dc:subject>VMware vSphere 6.7 STS Tomcat</dc:subject><dc:identifier>5333</dc:identifier></reference><ident system="http://cyber.mil/cci">CCI-001310</ident><fixtext fixref="F-42863r816737_fix">Connect to the PSC, whether external or embedded.

Navigate to and open /usr/lib/vmware-sso/vmware-sts/conf/server.xml.

Navigate to each of the &lt;Connector&gt; nodes.

Configure each &lt;Connector&gt; node with the value 'URIEncoding="UTF-8"'.</fixtext><fix id="F-42863r816737_fix" /><check system="C-42904r816736_chk"><check-content-ref href="VMware_vSphere_6.7_STS_Tomcat_STIG.xml" name="M" /><check-content>Connect to the PSC, whether external or embedded.

At the command prompt, execute the following command:

# xmllint --format /usr/lib/vmware-sso/vmware-sts/conf/server.xml | sed '2 s/xmlns=".*"//g' | xmllint --xpath '/Server/Service/Connector[@port="${bio-custom.http.port}"]/@URIEncoding' -

Expected result:

URIEncoding="UTF-8"

If the output does not match the expected result, this is a finding.</check-content></check></Rule></Group><Group id="V-239672"><title>SRG-APP-000251-WSR-000157</title><description>&lt;GroupDescription&gt;&lt;/GroupDescription&gt;</description><Rule id="SV-239672r816741_rule" weight="10.0" severity="medium"><version>VCST-67-000021</version><title>The Security Token Service must use the "setCharacterEncodingFilter" filter.</title><description>&lt;VulnDiscussion&gt;Invalid user input occurs when a user inserts data or characters into a hosted application's data entry field and the hosted application is unprepared to process that data. This results in unanticipated application behavior, potentially leading to an application compromise. Invalid user input is one of the primary methods employed when attempting to compromise an application. 

An attacker can also enter Unicode characters into hosted applications in an effort to break out of the document home or root home directory or to bypass security checks. VMware uses the standard Tomcat "SetCharacterEncodingFilter" to provide a layer of defense against character encoding attacks. Filters are Java objects that perform filtering tasks on the request to a resource (a servlet or static content), the response from a resource, or both.&lt;/VulnDiscussion&gt;&lt;FalsePositives&gt;&lt;/FalsePositives&gt;&lt;FalseNegatives&gt;&lt;/FalseNegatives&gt;&lt;Documentable&gt;false&lt;/Documentable&gt;&lt;Mitigations&gt;&lt;/Mitigations&gt;&lt;SeverityOverrideGuidance&gt;&lt;/SeverityOverrideGuidance&gt;&lt;PotentialImpacts&gt;&lt;/PotentialImpacts&gt;&lt;ThirdPartyTools&gt;&lt;/ThirdPartyTools&gt;&lt;MitigationControl&gt;&lt;/MitigationControl&gt;&lt;Responsibility&gt;&lt;/Responsibility&gt;&lt;IAControls&gt;&lt;/IAControls&gt;</description><reference><dc:title>DPMS Target VMware vSphere 6.7 STS Tomcat</dc:title><dc:publisher>DISA</dc:publisher><dc:type>DPMS Target</dc:type><dc:subject>VMware vSphere 6.7 STS Tomcat</dc:subject><dc:identifier>5333</dc:identifier></reference><ident system="http://cyber.mil/cci">CCI-001310</ident><fixtext fixref="F-42864r816740_fix">Connect to the PSC, whether external or embedded.

Navigate to and open /usr/lib/vmware-sso/vmware-sts/conf/web.xml.

Configure the &lt;web-app&gt; node with the child nodes listed below:

&lt;filter-mapping&gt;
    &lt;filter-name&gt;setCharacterEncodingFilter&lt;/filter-name&gt;
    &lt;url-pattern&gt;/*&lt;/url-pattern&gt;
&lt;/filter-mapping&gt;

&lt;filter&gt;
    &lt;filter-name&gt;setCharacterEncodingFilter&lt;/filter-name&gt;
    &lt;filter-class&gt;org.apache.catalina.filters.SetCharacterEncodingFilter&lt;/filter-class&gt;
    &lt;init-param&gt;
      &lt;param-name&gt;encoding&lt;/param-name&gt;
      &lt;param-value&gt;UTF-8&lt;/param-value&gt;
    &lt;/init-param&gt;
    &lt;init-param&gt;
      &lt;param-name&gt;ignore&lt;/param-name&gt;
      &lt;param-value&gt;true&lt;/param-value&gt;
    &lt;/init-param&gt;
    &lt;async-supported&gt;true&lt;/async-supported&gt;
&lt;/filter&gt;</fixtext><fix id="F-42864r816740_fix" /><check system="C-42905r816739_chk"><check-content-ref href="VMware_vSphere_6.7_STS_Tomcat_STIG.xml" name="M" /><check-content>Connect to the PSC, whether external or embedded.

At the command prompt, execute the following command:

# xmllint --format /usr/lib/vmware-sso/vmware-sts/conf/web.xml | sed '2 s/xmlns=".*"//g' | xmllint --xpath '/web-app/filter-mapping/filter-name[text()="setCharacterEncodingFilter"]/parent::filter-mapping' -

Expected result:

&lt;filter-mapping&gt;
    &lt;filter-name&gt;setCharacterEncodingFilter&lt;/filter-name&gt;
    &lt;url-pattern&gt;/*&lt;/url-pattern&gt;
&lt;/filter-mapping&gt;

If the output is does not match the expected result, this is a finding.

At the command prompt, execute the following command:

# xmllint --format /usr/lib/vmware-sso/vmware-sts/conf/web.xml | sed '2 s/xmlns=".*"//g' | xmllint --xpath '/web-app/filter/filter-name[text()="setCharacterEncodingFilter"]/parent::filter' -

Expected result:

&lt;filter&gt;
    &lt;filter-name&gt;setCharacterEncodingFilter&lt;/filter-name&gt;
    &lt;filter-class&gt;org.apache.catalina.filters.SetCharacterEncodingFilter&lt;/filter-class&gt;
    &lt;init-param&gt;
      &lt;param-name&gt;encoding&lt;/param-name&gt;
      &lt;param-value&gt;UTF-8&lt;/param-value&gt;
    &lt;/init-param&gt;
    &lt;init-param&gt;
      &lt;param-name&gt;ignore&lt;/param-name&gt;
      &lt;param-value&gt;true&lt;/param-value&gt;
    &lt;/init-param&gt;
    &lt;async-supported&gt;true&lt;/async-supported&gt;
&lt;/filter&gt;

If the output is does not match the expected result, this is a finding.</check-content></check></Rule></Group><Group id="V-239673"><title>SRG-APP-000266-WSR-000142</title><description>&lt;GroupDescription&gt;&lt;/GroupDescription&gt;</description><Rule id="SV-239673r816744_rule" weight="10.0" severity="medium"><version>VCST-67-000022</version><title>The Security Token Service must set the welcome-file node to a default web page.</title><description>&lt;VulnDiscussion&gt;Enumeration techniques, such as URL parameter manipulation, rely on being able to obtain information about the web server's directory structure by locating directories without default pages. In this scenario, the web server will display to the user a listing of the files in the directory being accessed. By having a default hosted application web page, the anonymous web user will not obtain directory browsing information or an error message that reveals the server type and version. Ensuring that every document directory has an "index.jsp" (or equivalent) file is one approach to mitigating the vulnerability.&lt;/VulnDiscussion&gt;&lt;FalsePositives&gt;&lt;/FalsePositives&gt;&lt;FalseNegatives&gt;&lt;/FalseNegatives&gt;&lt;Documentable&gt;false&lt;/Documentable&gt;&lt;Mitigations&gt;&lt;/Mitigations&gt;&lt;SeverityOverrideGuidance&gt;&lt;/SeverityOverrideGuidance&gt;&lt;PotentialImpacts&gt;&lt;/PotentialImpacts&gt;&lt;ThirdPartyTools&gt;&lt;/ThirdPartyTools&gt;&lt;MitigationControl&gt;&lt;/MitigationControl&gt;&lt;Responsibility&gt;&lt;/Responsibility&gt;&lt;IAControls&gt;&lt;/IAControls&gt;</description><reference><dc:title>DPMS Target VMware vSphere 6.7 STS Tomcat</dc:title><dc:publisher>DISA</dc:publisher><dc:type>DPMS Target</dc:type><dc:subject>VMware vSphere 6.7 STS Tomcat</dc:subject><dc:identifier>5333</dc:identifier></reference><ident system="http://cyber.mil/cci">CCI-001312</ident><fixtext fixref="F-42865r816743_fix">Connect to the PSC, whether external or embedded.

Navigate to and open /usr/lib/vmware-sso/vmware-sts/conf/web.xml.

Add the following section under the &lt;web-apps&gt; node:

&lt;welcome-file-list&gt;
&lt;welcome-file&gt;index.html&lt;/welcome-file&gt;
    &lt;welcome-file&gt;index.htm&lt;/welcome-file&gt;
    &lt;welcome-file&gt;index.jsp&lt;/welcome-file&gt;
&lt;/welcome-file-list&gt;</fixtext><fix id="F-42865r816743_fix" /><check system="C-42906r816742_chk"><check-content-ref href="VMware_vSphere_6.7_STS_Tomcat_STIG.xml" name="M" /><check-content>Connect to the PSC, whether external or embedded.

At the command prompt, execute the following command:
 
# xmllint --format /usr/lib/vmware-sso/vmware-sts/conf/web.xml | sed '2 s/xmlns=".*"//g' | xmllint --xpath '/web-app/welcome-file-list' -

Expected result:

&lt;welcome-file-list&gt;
&lt;welcome-file&gt;index.html&lt;/welcome-file&gt;
    &lt;welcome-file&gt;index.htm&lt;/welcome-file&gt;
    &lt;welcome-file&gt;index.jsp&lt;/welcome-file&gt;
&lt;/welcome-file-list&gt;

If the output of the command does not match the expected result, this is a finding.</check-content></check></Rule></Group><Group id="V-239674"><title>SRG-APP-000266-WSR-000142</title><description>&lt;GroupDescription&gt;&lt;/GroupDescription&gt;</description><Rule id="SV-239674r816747_rule" weight="10.0" severity="medium"><version>VCST-67-000023</version><title>The Security Token Service must not show directory listings.</title><description>&lt;VulnDiscussion&gt;Enumeration techniques, such as URL parameter manipulation, rely on being able to obtain information about the web server's directory structure by locating directories without default pages. In this scenario, the web server will display to the user a listing of the files in the directory being accessed. Ensuring that directory listing is disabled is one approach to mitigating the vulnerability.&lt;/VulnDiscussion&gt;&lt;FalsePositives&gt;&lt;/FalsePositives&gt;&lt;FalseNegatives&gt;&lt;/FalseNegatives&gt;&lt;Documentable&gt;false&lt;/Documentable&gt;&lt;Mitigations&gt;&lt;/Mitigations&gt;&lt;SeverityOverrideGuidance&gt;&lt;/SeverityOverrideGuidance&gt;&lt;PotentialImpacts&gt;&lt;/PotentialImpacts&gt;&lt;ThirdPartyTools&gt;&lt;/ThirdPartyTools&gt;&lt;MitigationControl&gt;&lt;/MitigationControl&gt;&lt;Responsibility&gt;&lt;/Responsibility&gt;&lt;IAControls&gt;&lt;/IAControls&gt;</description><reference><dc:title>DPMS Target VMware vSphere 6.7 STS Tomcat</dc:title><dc:publisher>DISA</dc:publisher><dc:type>DPMS Target</dc:type><dc:subject>VMware vSphere 6.7 STS Tomcat</dc:subject><dc:identifier>5333</dc:identifier></reference><ident system="http://cyber.mil/cci">CCI-001312</ident><fixtext fixref="F-42866r816746_fix">Connect to the PSC, whether external or embedded.

Navigate to and open /usr/lib/vmware-sso/vmware-sts/conf/web.xml.

Set the &lt;param-value&gt; to "false" in all &lt;param-name&gt;listing&lt;/param-name&gt; nodes.

Note: The setting should look like the following:

&lt;init-param&gt;
      &lt;param-name&gt;listings&lt;/param-name&gt;
      &lt;param-value&gt;false&lt;/param-value&gt;
&lt;/init-param&gt;</fixtext><fix id="F-42866r816746_fix" /><check system="C-42907r816745_chk"><check-content-ref href="VMware_vSphere_6.7_STS_Tomcat_STIG.xml" name="M" /><check-content>Connect to the PSC, whether external or embedded.

At the command prompt, execute the following command:

# xmllint --format /usr/lib/vmware-sso/vmware-sts/conf/web.xml | sed '2 s/xmlns=".*"//g' | xmllint --xpath '//param-name[text()="listings"]/parent::init-param' -

Expected result:

&lt;init-param&gt;
      &lt;param-name&gt;listings&lt;/param-name&gt;
      &lt;param-value&gt;false&lt;/param-value&gt;
&lt;/init-param&gt;

If the output of the command does not match the expected result, this is a finding.</check-content></check></Rule></Group><Group id="V-239675"><title>SRG-APP-000266-WSR-000159</title><description>&lt;GroupDescription&gt;&lt;/GroupDescription&gt;</description><Rule id="SV-239675r816750_rule" weight="10.0" severity="medium"><version>VCST-67-000024</version><title>The Security Token Service must be configured to show error pages with minimal information.</title><description>&lt;VulnDiscussion&gt;Web servers will often display error messages to client users, displaying enough information to aid in the debugging of the error. The information given back in error messages may display the web server type, version, patches installed, plug-ins and modules installed, type of code being used by the hosted application, and any backends being used for data storage. This information could be used by an attacker to blueprint what type of attacks might be successful. As such, the Security Token Service must be configured to not show server version information in error messages.&lt;/VulnDiscussion&gt;&lt;FalsePositives&gt;&lt;/FalsePositives&gt;&lt;FalseNegatives&gt;&lt;/FalseNegatives&gt;&lt;Documentable&gt;false&lt;/Documentable&gt;&lt;Mitigations&gt;&lt;/Mitigations&gt;&lt;SeverityOverrideGuidance&gt;&lt;/SeverityOverrideGuidance&gt;&lt;PotentialImpacts&gt;&lt;/PotentialImpacts&gt;&lt;ThirdPartyTools&gt;&lt;/ThirdPartyTools&gt;&lt;MitigationControl&gt;&lt;/MitigationControl&gt;&lt;Responsibility&gt;&lt;/Responsibility&gt;&lt;IAControls&gt;&lt;/IAControls&gt;</description><reference><dc:title>DPMS Target VMware vSphere 6.7 STS Tomcat</dc:title><dc:publisher>DISA</dc:publisher><dc:type>DPMS Target</dc:type><dc:subject>VMware vSphere 6.7 STS Tomcat</dc:subject><dc:identifier>5333</dc:identifier></reference><ident system="http://cyber.mil/cci">CCI-001312</ident><fixtext fixref="F-42867r816749_fix">Connect to the PSC, whether external or embedded.

Navigate to and open /usr/lib/vmware-sso/vmware-sts/conf/server.xml. 

Locate the following Host block:

&lt;Host appBase="webapps" ...&gt;
...
&lt;/Host&gt;

Inside this block, add the following on a new line:

&lt;Valve className="org.apache.catalina.valves.ErrorReportValve" showReport="false" showServerInfo="false" /&gt;</fixtext><fix id="F-42867r816749_fix" /><check system="C-42908r816748_chk"><check-content-ref href="VMware_vSphere_6.7_STS_Tomcat_STIG.xml" name="M" /><check-content>Connect to the PSC, whether external or embedded.

At the command prompt, execute the following command:

# xmllint --format /usr/lib/vmware-sso/vmware-sts/conf/server.xml | sed '2 s/xmlns=".*"//g' | xmllint --xpath '/Server/Service/Engine/Host/Valve[@className="org.apache.catalina.valves.ErrorReportValve"]' -

Expected result:

&lt;Valve className="org.apache.catalina.valves.ErrorReportValve" showReport="false" showServerInfo="false"/&gt;

If the output does not match the expected result, this is a finding.</check-content></check></Rule></Group><Group id="V-239676"><title>SRG-APP-000266-WSR-000160</title><description>&lt;GroupDescription&gt;&lt;/GroupDescription&gt;</description><Rule id="SV-239676r816753_rule" weight="10.0" severity="medium"><version>VCST-67-000025</version><title>The Security Token Service must not enable support for TRACE requests.</title><description>&lt;VulnDiscussion&gt;"Trace" is a technique for a user to request internal information about Tomcat. This is useful during product development but should not be enabled in production. Allowing an attacker to conduct a Trace operation against the Security Token Service will expose information that would be useful to perform a more targeted attack. The Security Token Service provides the "allowTrace" parameter as a means to disable responding to Trace requests.&lt;/VulnDiscussion&gt;&lt;FalsePositives&gt;&lt;/FalsePositives&gt;&lt;FalseNegatives&gt;&lt;/FalseNegatives&gt;&lt;Documentable&gt;false&lt;/Documentable&gt;&lt;Mitigations&gt;&lt;/Mitigations&gt;&lt;SeverityOverrideGuidance&gt;&lt;/SeverityOverrideGuidance&gt;&lt;PotentialImpacts&gt;&lt;/PotentialImpacts&gt;&lt;ThirdPartyTools&gt;&lt;/ThirdPartyTools&gt;&lt;MitigationControl&gt;&lt;/MitigationControl&gt;&lt;Responsibility&gt;&lt;/Responsibility&gt;&lt;IAControls&gt;&lt;/IAControls&gt;</description><reference><dc:title>DPMS Target VMware vSphere 6.7 STS Tomcat</dc:title><dc:publisher>DISA</dc:publisher><dc:type>DPMS Target</dc:type><dc:subject>VMware vSphere 6.7 STS Tomcat</dc:subject><dc:identifier>5333</dc:identifier></reference><ident system="http://cyber.mil/cci">CCI-001312</ident><fixtext fixref="F-42868r816752_fix">Connect to the PSC, whether external or embedded.

Navigate to and open /usr/lib/vmware-sso/vmware-sts/conf/server.xml.

Navigate to and locate:
'allowTrace="true"'

Remove the 'allowTrace="true"' setting.</fixtext><fix id="F-42868r816752_fix" /><check system="C-42909r816751_chk"><check-content-ref href="VMware_vSphere_6.7_STS_Tomcat_STIG.xml" name="M" /><check-content>Connect to the PSC, whether external or embedded.

At the command prompt, execute the following command:

# grep allowTrace /usr/lib/vmware-sso/vmware-sts/conf/server.xml

If "allowTrace" is set to "true", this is a finding. 

If no line is returned, this is NOT a finding.</check-content></check></Rule></Group><Group id="V-239677"><title>SRG-APP-000266-WSR-000160</title><description>&lt;GroupDescription&gt;&lt;/GroupDescription&gt;</description><Rule id="SV-239677r816756_rule" weight="10.0" severity="medium"><version>VCST-67-000026</version><title>The Security Token Service must have the debug option disabled.</title><description>&lt;VulnDiscussion&gt;Information needed by an attacker to begin looking for possible vulnerabilities in a web server includes any information about the web server and plug-ins or modules being used. When debugging or trace information is enabled in a production web server, information about the web server, such as web server type, version, patches installed, plug-ins and modules installed, type of code being used by the hosted application, and any backends being used for data storage may be displayed. Since this information may be placed in logs and general messages during normal operation of the web server, an attacker does not need to cause an error condition to gain this information.

The Security Token Service can be configured to set the debugging level. By setting the debugging level to zero, no debugging information will be provided to a malicious user.&lt;/VulnDiscussion&gt;&lt;FalsePositives&gt;&lt;/FalsePositives&gt;&lt;FalseNegatives&gt;&lt;/FalseNegatives&gt;&lt;Documentable&gt;false&lt;/Documentable&gt;&lt;Mitigations&gt;&lt;/Mitigations&gt;&lt;SeverityOverrideGuidance&gt;&lt;/SeverityOverrideGuidance&gt;&lt;PotentialImpacts&gt;&lt;/PotentialImpacts&gt;&lt;ThirdPartyTools&gt;&lt;/ThirdPartyTools&gt;&lt;MitigationControl&gt;&lt;/MitigationControl&gt;&lt;Responsibility&gt;&lt;/Responsibility&gt;&lt;IAControls&gt;&lt;/IAControls&gt;</description><reference><dc:title>DPMS Target VMware vSphere 6.7 STS Tomcat</dc:title><dc:publisher>DISA</dc:publisher><dc:type>DPMS Target</dc:type><dc:subject>VMware vSphere 6.7 STS Tomcat</dc:subject><dc:identifier>5333</dc:identifier></reference><ident system="http://cyber.mil/cci">CCI-001312</ident><fixtext fixref="F-42869r816755_fix">Connect to the PSC, whether external or embedded.

Navigate to and open /usr/lib/vmware-sso/vmware-sts/conf/web.xml.

Navigate to all &lt;debug&gt; nodes that are not set to "0".

Set the &lt;param-value&gt; to "0" in all &lt;param-name&gt;debug&lt;/param-name&gt; nodes.

Note: The debug setting should look like the following:

               &lt;init-param&gt;
                  &lt;param-name&gt;debug&lt;/param-name&gt;
                  &lt;param-value&gt;0&lt;/param-value&gt;
               &lt;/init-param&gt;</fixtext><fix id="F-42869r816755_fix" /><check system="C-42910r816754_chk"><check-content-ref href="VMware_vSphere_6.7_STS_Tomcat_STIG.xml" name="M" /><check-content>Connect to the PSC, whether external or embedded.

At the command prompt, execute the following command:

# xmllint --format /usr/lib/vmware-sso/vmware-sts/conf/web.xml | sed '2 s/xmlns=".*"//g' | xmllint --xpath '//param-name[text()="debug"]/parent::init-param' -

Expected result:

&lt;init-param&gt;
&lt;param-name&gt;debug&lt;/param-name&gt;
&lt;param-value&gt;0&lt;/param-value&gt;
&lt;/init-param&gt;

If the output of the command does not match the expected result, this is a finding. 

If no lines are returned, this is not a finding.</check-content></check></Rule></Group><Group id="V-239678"><title>SRG-APP-000358-WSR-000163</title><description>&lt;GroupDescription&gt;&lt;/GroupDescription&gt;</description><Rule id="SV-239678r816759_rule" weight="10.0" severity="medium"><version>VCST-67-000027</version><title>Rsyslog must be configured to monitor and ship Security Token Service log files.</title><description>&lt;VulnDiscussion&gt;The Security Token Service produces a number of logs that must be offloaded from the originating system. This information can then be used for diagnostic, forensics, or other purposes relevant to ensuring the availability and integrity of the hosted application.

Satisfies: SRG-APP-000358-WSR-000163, SRG-APP-000125-WSR-000071&lt;/VulnDiscussion&gt;&lt;FalsePositives&gt;&lt;/FalsePositives&gt;&lt;FalseNegatives&gt;&lt;/FalseNegatives&gt;&lt;Documentable&gt;false&lt;/Documentable&gt;&lt;Mitigations&gt;&lt;/Mitigations&gt;&lt;SeverityOverrideGuidance&gt;&lt;/SeverityOverrideGuidance&gt;&lt;PotentialImpacts&gt;&lt;/PotentialImpacts&gt;&lt;ThirdPartyTools&gt;&lt;/ThirdPartyTools&gt;&lt;MitigationControl&gt;&lt;/MitigationControl&gt;&lt;Responsibility&gt;&lt;/Responsibility&gt;&lt;IAControls&gt;&lt;/IAControls&gt;</description><reference><dc:title>DPMS Target VMware vSphere 6.7 STS Tomcat</dc:title><dc:publisher>DISA</dc:publisher><dc:type>DPMS Target</dc:type><dc:subject>VMware vSphere 6.7 STS Tomcat</dc:subject><dc:identifier>5333</dc:identifier></reference><ident system="http://cyber.mil/cci">CCI-001348</ident><ident system="http://cyber.mil/cci">CCI-001851</ident><fixtext fixref="F-42870r816758_fix">Connect to the PSC, whether external or embedded.

Navigate to and open /etc/vmware-syslog/stig-services-sso.conf.

Create the file if it does not exist.

Set the contents of the file as follows:

input(type="imfile"
      File="/var/log/vmware/sso/*.log"
      Tag="vmidentity"
      PersistStateInterval="200"
      Severity="info"
      Facility="local0")
input(type="imfile"
      File="/var/log/vmware/sso/sts-runtime.log.*"
      Tag="sts-runtime"
      PersistStateInterval="200"
      Severity="info"
      Facility="local0")</fixtext><fix id="F-42870r816758_fix" /><check system="C-42911r816757_chk"><check-content-ref href="VMware_vSphere_6.7_STS_Tomcat_STIG.xml" name="M" /><check-content>Connect to the PSC, whether external or embedded.

At the command prompt, execute the following command:

# grep -v "^#" /etc/vmware-syslog/stig-services-sso.conf

Expected result:

input(type="imfile"
      File="/var/log/vmware/sso/*.log"
      Tag="vmidentity"
      PersistStateInterval="200"
      Severity="info"
      Facility="local0")
input(type="imfile"
      File="/var/log/vmware/sso/sts-runtime.log.*"
      Tag="sts-runtime"
      PersistStateInterval="200"
      Severity="info"
      Facility="local0")

If the file does not exist, this is a finding.

If the output of the command does not match the expected result, this is a finding.</check-content></check></Rule></Group><Group id="V-239679"><title>SRG-APP-000383-WSR-000175</title><description>&lt;GroupDescription&gt;&lt;/GroupDescription&gt;</description><Rule id="SV-239679r816762_rule" weight="10.0" severity="medium"><version>VCST-67-000028</version><title>The Security Token Service must be configured with the appropriate ports.</title><description>&lt;VulnDiscussion&gt;Web servers provide numerous processes, features, and functionalities that use TCP/IP ports. Some of these processes may be deemed unnecessary or too unsecure to run on a production system. The ports that the Security Token Service listens on are configured in the "catalina.properties" file and must be verified as accurate to their shipping state.&lt;/VulnDiscussion&gt;&lt;FalsePositives&gt;&lt;/FalsePositives&gt;&lt;FalseNegatives&gt;&lt;/FalseNegatives&gt;&lt;Documentable&gt;false&lt;/Documentable&gt;&lt;Mitigations&gt;&lt;/Mitigations&gt;&lt;SeverityOverrideGuidance&gt;&lt;/SeverityOverrideGuidance&gt;&lt;PotentialImpacts&gt;&lt;/PotentialImpacts&gt;&lt;ThirdPartyTools&gt;&lt;/ThirdPartyTools&gt;&lt;MitigationControl&gt;&lt;/MitigationControl&gt;&lt;Responsibility&gt;&lt;/Responsibility&gt;&lt;IAControls&gt;&lt;/IAControls&gt;</description><reference><dc:title>DPMS Target VMware vSphere 6.7 STS Tomcat</dc:title><dc:publisher>DISA</dc:publisher><dc:type>DPMS Target</dc:type><dc:subject>VMware vSphere 6.7 STS Tomcat</dc:subject><dc:identifier>5333</dc:identifier></reference><ident system="http://cyber.mil/cci">CCI-001762</ident><fixtext fixref="F-42871r816761_fix">Connect to the PSC, whether external or embedded.

Navigate to and open /usr/lib/vmware-sso/vmware-sts/conf/catalina.properties.

Navigate to the ports specification section.

Set the Security Token Service port specifications according to the following list:

bio-custom.http.port=7080
bio-custom.https.port=8443
bio-ssl-localhost.https.port=7444</fixtext><fix id="F-42871r816761_fix" /><check system="C-42912r816760_chk"><check-content-ref href="VMware_vSphere_6.7_STS_Tomcat_STIG.xml" name="M" /><check-content>Connect to the PSC, whether external or embedded.

At the command prompt, execute the following command:

# grep 'bio' /usr/lib/vmware-sso/vmware-sts/conf/catalina.properties

Expected result:

bio-custom.http.port=7080
bio-custom.https.port=8443
bio-ssl-localhost.https.port=7444

If the output of the command does not match the expected result, this is a finding.</check-content></check></Rule></Group><Group id="V-239680"><title>SRG-APP-000435-WSR-000147</title><description>&lt;GroupDescription&gt;&lt;/GroupDescription&gt;</description><Rule id="SV-239680r816765_rule" weight="10.0" severity="medium"><version>VCST-67-000029</version><title>The Security Token Service must disable the shutdown port.</title><description>&lt;VulnDiscussion&gt;An attacker has at least two reasons to stop a web server. The first is to cause a denial of service, and the second is to put in place changes the attacker made to the web server configuration. If the Tomcat shutdown port feature is enabled, a shutdown signal can be sent to the Security Token Service through this port. To ensure availability, the shutdown port must be disabled.&lt;/VulnDiscussion&gt;&lt;FalsePositives&gt;&lt;/FalsePositives&gt;&lt;FalseNegatives&gt;&lt;/FalseNegatives&gt;&lt;Documentable&gt;false&lt;/Documentable&gt;&lt;Mitigations&gt;&lt;/Mitigations&gt;&lt;SeverityOverrideGuidance&gt;&lt;/SeverityOverrideGuidance&gt;&lt;PotentialImpacts&gt;&lt;/PotentialImpacts&gt;&lt;ThirdPartyTools&gt;&lt;/ThirdPartyTools&gt;&lt;MitigationControl&gt;&lt;/MitigationControl&gt;&lt;Responsibility&gt;&lt;/Responsibility&gt;&lt;IAControls&gt;&lt;/IAControls&gt;</description><reference><dc:title>DPMS Target VMware vSphere 6.7 STS Tomcat</dc:title><dc:publisher>DISA</dc:publisher><dc:type>DPMS Target</dc:type><dc:subject>VMware vSphere 6.7 STS Tomcat</dc:subject><dc:identifier>5333</dc:identifier></reference><ident system="http://cyber.mil/cci">CCI-002385</ident><fixtext fixref="F-42872r816764_fix">Connect to the PSC, whether external or embedded.

Open /usr/lib/vmware-sso/vmware-sts/conf/catalina.properties in a text editor.

Add or modify the following setting:

base.shutdown.port=-1</fixtext><fix id="F-42872r816764_fix" /><check system="C-42913r816763_chk"><check-content-ref href="VMware_vSphere_6.7_STS_Tomcat_STIG.xml" name="M" /><check-content>Connect to the PSC, whether external or embedded.

At the command prompt, execute the following command:

# grep 'base.shutdown.port' /usr/lib/vmware-sso/vmware-sts/conf/catalina.properties

Expected result:

base.shutdown.port=-1

If the output of the command does not match the expected result, this is a finding.</check-content></check></Rule></Group><Group id="V-239681"><title>SRG-APP-000439-WSR-000155</title><description>&lt;GroupDescription&gt;&lt;/GroupDescription&gt;</description><Rule id="SV-239681r816768_rule" weight="10.0" severity="medium"><version>VCST-67-000030</version><title>The Security Token Service must set the secure flag for cookies.</title><description>&lt;VulnDiscussion&gt;The secure flag is an option that can be set by the application server when sending a new cookie to the user within an HTTP Response. The purpose of the secure flag is to prevent cookies from being observed by unauthorized parties due to the transmission of the cookie in clear text. By setting the secure flag, the browser will prevent the transmission of a cookie over an unencrypted channel. The Security Token Service is configured to only be accessible over a TLS tunnel, but this cookie flag is still a recommended best practice.&lt;/VulnDiscussion&gt;&lt;FalsePositives&gt;&lt;/FalsePositives&gt;&lt;FalseNegatives&gt;&lt;/FalseNegatives&gt;&lt;Documentable&gt;false&lt;/Documentable&gt;&lt;Mitigations&gt;&lt;/Mitigations&gt;&lt;SeverityOverrideGuidance&gt;&lt;/SeverityOverrideGuidance&gt;&lt;PotentialImpacts&gt;&lt;/PotentialImpacts&gt;&lt;ThirdPartyTools&gt;&lt;/ThirdPartyTools&gt;&lt;MitigationControl&gt;&lt;/MitigationControl&gt;&lt;Responsibility&gt;&lt;/Responsibility&gt;&lt;IAControls&gt;&lt;/IAControls&gt;</description><reference><dc:title>DPMS Target VMware vSphere 6.7 STS Tomcat</dc:title><dc:publisher>DISA</dc:publisher><dc:type>DPMS Target</dc:type><dc:subject>VMware vSphere 6.7 STS Tomcat</dc:subject><dc:identifier>5333</dc:identifier></reference><ident system="http://cyber.mil/cci">CCI-002418</ident><fixtext fixref="F-42873r816767_fix">Connect to the PSC, whether external or embedded.

Navigate to and open /usr/lib/vmware-sso/vmware-sts/conf/web.xml.

Navigate to the /&lt;web-apps&gt;/&lt;session-config&gt;/&lt;cookie-config&gt; node and configure it as follows:

    &lt;cookie-config&gt;
      &lt;http-only&gt;true&lt;/http-only&gt;
      &lt;secure&gt;true&lt;/secure&gt;
    &lt;/cookie-config&gt;</fixtext><fix id="F-42873r816767_fix" /><check system="C-42914r816766_chk"><check-content-ref href="VMware_vSphere_6.7_STS_Tomcat_STIG.xml" name="M" /><check-content>Connect to the PSC, whether external or embedded.

At the command prompt, execute the following command:

# xmllint --format /usr/lib/vmware-sso/vmware-sts/conf/web.xml | sed '2 s/xmlns=".*"//g' | xmllint --xpath '/web-app/session-config/cookie-config/secure' -

Expected result:

&lt;secure&gt;true&lt;/secure&gt;

If the output of the command does not match the expected result, this is a finding.</check-content></check></Rule></Group></Benchmark>